[2026-02-23 23:39:02] 开始更新音乐URL...
[2026-02-23 23:39:02] 备份创建成功：backups/music_data_2026-02-23_23-39-02.json
[2026-02-23 23:39:04] 更新成功：徐佳莹 - 一样的月光 (ID: 306665) - 标准、无损音质
[2026-02-23 23:39:06] 更新成功：Maroon 5 - Payphone (ID: 1952737857) - 标准、无损音质
[2026-02-23 23:39:08] 更新成功：G.E.M.邓紫棋 - 来自天堂的魔鬼 (ID: 36270426) - 标准、无损音质
[2026-02-23 23:39:11] 更新成功：郭静 - 下一个天亮 (ID: 233882) - 标准、无损音质
[2026-02-23 23:39:13] 更新成功：李荣浩 - 不将就 (ID: 31654343) - 标准、无损音质
[2026-02-23 23:39:15] 更新成功：雨爱 (ID: 316100) - 标准、无损音质
[2026-02-23 23:39:18] 更新成功：林宜融 - 同手同脚 (ID: 350482) - 标准、无损音质
[2026-02-23 23:39:20] 更新成功：孙燕姿 - 开始懂了 (ID: 287719) - 标准、无损音质
[2026-02-23 23:39:22] 更新成功：Beyond - 真的爱你 (ID: 346075) - 标准、无损音质
[2026-02-23 23:39:25] 更新成功：KUN - Colder (ID: 3351234875) - 标准、无损音质
[2026-02-23 23:39:27] 更新成功：陶喆 - 流沙 (ID: 150667) - 标准、无损音质
[2026-02-23 23:39:29] 更新成功：李毓芬 - 是我不够好 (ID: 410519050) - 标准、无损音质
[2026-02-23 23:39:31] 更新成功：陈奕迅 - 最佳损友 (ID: 65800) - 标准、无损音质
[2026-02-23 23:39:33] 更新成功：AGA - Wonderful U (Demo Version) (ID: 406475394) - 标准、无损音质
[2026-02-23 23:39:36] 更新成功：陈一豪Clear - 彩铃 (ID: 3339130832) - 标准、无损音质
[2026-02-23 23:39:38] 更新成功：Justin Bieber - Intentions (ID: 1421443440) - 标准、无损音质
[2026-02-23 23:39:40] 更新成功：林俊杰 - 我还想她 (ID: 108493) - 标准、无损音质
[2026-02-23 23:39:42] 更新成功：陈粒 - 走马 (ID: 2749430417) - 标准、无损音质
[2026-02-23 23:39:44] 更新成功：Top Barry - 发迹 (ID: 2099778087) - 标准、无损音质
[2026-02-23 23:39:47] 更新成功：蛋堡 - I Want You (ID: 76834) - 标准、无损音质
[2026-02-23 23:39:49] 更新成功：庾澄庆 - 春泥 (ID: 573968836) - 标准、无损音质
[2026-02-23 23:39:51] 更新成功：Vansdaddy - 身无居所 (ID: 3319817890) - 标准、无损音质
[2026-02-23 23:39:53] 更新成功：建坤YOUNG - 声音 (ID: 2031085185) - 标准、无损音质
[2026-02-23 23:39:55] 更新成功：岑宁儿 - 追光者 (ID: 483671599) - 标准、无损音质
[2026-02-23 23:39:56] 更新完成：成功更新 24 首歌曲
[2026-02-24 02:23:12] 开始更新音乐URL...
[2026-02-24 02:23:12] 备份创建成功：backups/music_data_2026-02-24_02-23-12.json
[2026-02-24 02:23:14] 更新成功：徐佳莹 - 一样的月光 (ID: 306665) - 标准、无损音质
[2026-02-24 02:23:16] 更新成功：Maroon 5 - Payphone (ID: 1952737857) - 标准、无损音质
[2026-02-24 02:23:19] 更新成功：G.E.M.邓紫棋 - 来自天堂的魔鬼 (ID: 36270426) - 标准、无损音质
[2026-02-24 02:23:21] 更新成功：郭静 - 下一个天亮 (ID: 233882) - 标准、无损音质
[2026-02-24 02:23:23] 更新成功：李荣浩 - 不将就 (ID: 31654343) - 标准、无损音质
[2026-02-24 02:23:26] 更新成功：雨爱 (ID: 316100) - 标准、无损音质
[2026-02-24 02:23:28] 更新成功：林宜融 - 同手同脚 (ID: 350482) - 标准、无损音质
[2026-02-24 02:23:30] 更新成功：孙燕姿 - 开始懂了 (ID: 287719) - 标准、无损音质
[2026-02-24 02:23:32] 更新成功：Beyond - 真的爱你 (ID: 346075) - 标准、无损音质
[2026-02-24 02:23:34] 更新成功：KUN - Colder (ID: 3351234875) - 标准、无损音质
[2026-02-24 02:23:37] 更新成功：陶喆 - 流沙 (ID: 150667) - 标准、无损音质
[2026-02-24 02:23:39] 更新成功：李毓芬 - 是我不够好 (ID: 410519050) - 标准、无损音质
[2026-02-24 02:23:41] 更新成功：陈奕迅 - 最佳损友 (ID: 65800) - 标准、无损音质
[2026-02-24 02:23:43] 更新成功：AGA - Wonderful U (Demo Version) (ID: 406475394) - 标准、无损音质
[2026-02-24 02:23:45] 更新成功：陈一豪Clear - 彩铃 (ID: 3339130832) - 标准、无损音质
[2026-02-24 02:23:47] 更新成功：Justin Bieber - Intentions (ID: 1421443440) - 标准、无损音质
[2026-02-24 02:23:50] 更新成功：林俊杰 - 我还想她 (ID: 108493) - 标准、无损音质
[2026-02-24 02:23:52] 更新成功：陈粒 - 走马 (ID: 2749430417) - 标准、无损音质
[2026-02-24 02:23:54] 更新成功：Top Barry - 发迹 (ID: 2099778087) - 标准、无损音质
[2026-02-24 02:23:57] 更新成功：蛋堡 - I Want You (ID: 76834) - 标准、无损音质
[2026-02-24 02:23:59] 更新成功：庾澄庆 - 春泥 (ID: 573968836) - 标准、无损音质
[2026-02-24 02:24:01] 更新成功：Vansdaddy - 身无居所 (ID: 3319817890) - 标准、无损音质
[2026-02-24 02:24:03] 更新成功：建坤YOUNG - 声音 (ID: 2031085185) - 标准、无损音质
[2026-02-24 02:24:05] 更新成功：岑宁儿 - 追光者 (ID: 483671599) - 标准、无损音质
[2026-02-24 02:24:06] 更新完成：成功更新 24 首歌曲
[2026-02-24 13:44:11] 开始更新音乐URL...
[2026-02-24 13:44:11] 备份创建成功：backups/music_data_2026-02-24_13-44-11.json
[2026-02-24 13:44:13] 更新成功：徐佳莹 - 一样的月光 (ID: 306665) - 标准、无损音质
[2026-02-24 13:44:16] 更新成功：Maroon 5 - Payphone (ID: 1952737857) - 标准、无损音质
[2026-02-24 13:44:20] 更新成功：G.E.M.邓紫棋 - 来自天堂的魔鬼 (ID: 36270426) - 标准、无损音质
[2026-02-24 13:44:22] 更新成功：郭静 - 下一个天亮 (ID: 233882) - 标准、无损音质
[2026-02-24 13:44:25] 更新成功：李荣浩 - 不将就 (ID: 31654343) - 标准、无损音质
[2026-02-24 13:44:29] 更新成功：雨爱 (ID: 316100) - 标准、无损音质
[2026-02-24 13:44:32] 更新成功：林宜融 - 同手同脚 (ID: 350482) - 标准、无损音质
[2026-02-24 13:44:36] 更新成功：孙燕姿 - 开始懂了 (ID: 287719) - 标准、无损音质
[2026-02-24 13:44:40] 更新成功：Beyond - 真的爱你 (ID: 346075) - 标准、无损音质
[2026-02-24 13:44:43] 更新成功：KUN - Colder (ID: 3351234875) - 标准、无损音质
[2026-02-24 13:44:45] 更新成功：陶喆 - 流沙 (ID: 150667) - 标准、无损音质
[2026-02-24 13:44:47] 更新成功：李毓芬 - 是我不够好 (ID: 410519050) - 标准、无损音质
[2026-02-24 13:44:49] 更新成功：陈奕迅 - 最佳损友 (ID: 65800) - 标准、无损音质
[2026-02-24 13:44:52] 更新成功：AGA - Wonderful U (Demo Version) (ID: 406475394) - 标准、无损音质
[2026-02-24 13:44:54] 更新成功：陈一豪Clear - 彩铃 (ID: 3339130832) - 标准、无损音质
[2026-02-24 13:44:56] 更新成功：Justin Bieber - Intentions (ID: 1421443440) - 标准、无损音质
[2026-02-24 13:44:59] 更新成功：林俊杰 - 我还想她 (ID: 108493) - 标准、无损音质
[2026-02-24 13:45:01] 更新成功：陈粒 - 走马 (ID: 2749430417) - 标准、无损音质
[2026-02-24 13:45:03] 更新成功：Top Barry - 发迹 (ID: 2099778087) - 标准、无损音质
[2026-02-24 13:45:05] 更新成功：蛋堡 - I Want You (ID: 76834) - 标准、无损音质
[2026-02-24 13:45:08] 更新成功：庾澄庆 - 春泥 (ID: 573968836) - 标准、无损音质
[2026-02-24 13:45:10] 更新成功：Vansdaddy - 身无居所 (ID: 3319817890) - 标准、无损音质
[2026-02-24 13:45:12] 更新成功：建坤YOUNG - 声音 (ID: 2031085185) - 标准、无损音质
[2026-02-24 13:45:15] 更新成功：岑宁儿 - 追光者 (ID: 483671599) - 标准、无损音质
[2026-02-24 13:45:15] 更新完成：成功更新 24 首歌曲
[2026-02-24 13:59:07] 开始更新音乐URL...
[2026-02-24 13:59:07] 备份创建成功：backups/music_data_2026-02-24_13-59-07.json
[2026-02-24 13:59:08] 更新成功：徐佳莹 - 一样的月光 (ID: 306665) - 标准、无损音质
[2026-02-24 13:59:11] 更新成功：Maroon 5 - Payphone (ID: 1952737857) - 标准、无损音质
[2026-02-24 13:59:13] 更新成功：G.E.M.邓紫棋 - 来自天堂的魔鬼 (ID: 36270426) - 标准、无损音质
[2026-02-24 13:59:16] 更新成功：郭静 - 下一个天亮 (ID: 233882) - 标准、无损音质
[2026-02-24 13:59:18] 更新成功：李荣浩 - 不将就 (ID: 31654343) - 标准、无损音质
[2026-02-24 13:59:21] 更新成功：雨爱 (ID: 316100) - 标准、无损音质
[2026-02-24 13:59:23] 更新成功：林宜融 - 同手同脚 (ID: 350482) - 标准、无损音质
[2026-02-24 13:59:25] 更新成功：孙燕姿 - 开始懂了 (ID: 287719) - 标准、无损音质
[2026-02-24 13:59:27] 更新成功：Beyond - 真的爱你 (ID: 346075) - 标准、无损音质
[2026-02-24 13:59:30] 更新成功：KUN - Colder (ID: 3351234875) - 标准、无损音质
[2026-02-24 13:59:32] 更新成功：陶喆 - 流沙 (ID: 150667) - 标准、无损音质
[2026-02-24 13:59:34] 更新成功：李毓芬 - 是我不够好 (ID: 410519050) - 标准、无损音质
[2026-02-24 13:59:36] 更新成功：陈奕迅 - 最佳损友 (ID: 65800) - 标准、无损音质
[2026-02-24 13:59:39] 更新成功：AGA - Wonderful U (Demo Version) (ID: 406475394) - 标准、无损音质
[2026-02-24 13:59:41] 更新成功：陈一豪Clear - 彩铃 (ID: 3339130832) - 标准、无损音质
[2026-02-24 13:59:43] 更新成功：Justin Bieber - Intentions (ID: 1421443440) - 标准、无损音质
[2026-02-24 13:59:45] 更新成功：林俊杰 - 我还想她 (ID: 108493) - 标准、无损音质
[2026-02-24 13:59:48] 更新成功：陈粒 - 走马 (ID: 2749430417) - 标准、无损音质
[2026-02-24 13:59:50] 更新成功：Top Barry - 发迹 (ID: 2099778087) - 标准、无损音质
[2026-02-24 13:59:52] 更新成功：蛋堡 - I Want You (ID: 76834) - 标准、无损音质
[2026-02-24 13:59:54] 更新成功：庾澄庆 - 春泥 (ID: 573968836) - 标准、无损音质
[2026-02-24 13:59:57] 更新成功：Vansdaddy - 身无居所 (ID: 3319817890) - 标准、无损音质
[2026-02-24 13:59:59] 更新成功：建坤YOUNG - 声音 (ID: 2031085185) - 标准、无损音质
[2026-02-24 14:00:01] 更新成功：岑宁儿 - 追光者 (ID: 483671599) - 标准、无损音质
[2026-02-24 14:00:02] 更新完成：成功更新 24 首歌曲
[2026-02-24 14:14:07] 开始更新音乐URL...
[2026-02-24 14:14:07] 备份创建成功：backups/music_data_2026-02-24_14-14-07.json
[2026-02-24 14:14:09] 更新成功：徐佳莹 - 一样的月光 (ID: 306665) - 标准、无损音质
[2026-02-24 14:14:12] 更新成功：Maroon 5 - Payphone (ID: 1952737857) - 标准、无损音质
[2026-02-24 14:14:14] 更新成功：G.E.M.邓紫棋 - 来自天堂的魔鬼 (ID: 36270426) - 标准、无损音质
[2026-02-24 14:14:17] 更新成功：郭静 - 下一个天亮 (ID: 233882) - 标准、无损音质
[2026-02-24 14:14:19] 更新成功：李荣浩 - 不将就 (ID: 31654343) - 标准、无损音质
[2026-02-24 14:14:21] 更新成功：雨爱 (ID: 316100) - 标准、无损音质
[2026-02-24 14:14:24] 更新成功：林宜融 - 同手同脚 (ID: 350482) - 标准、无损音质
[2026-02-24 14:14:26] 更新成功：孙燕姿 - 开始懂了 (ID: 287719) - 标准、无损音质
[2026-02-24 14:14:29] 更新成功：Beyond - 真的爱你 (ID: 346075) - 标准、无损音质
[2026-02-24 14:14:31] 更新成功：KUN - Colder (ID: 3351234875) - 标准、无损音质
[2026-02-24 14:14:33] 更新成功：陶喆 - 流沙 (ID: 150667) - 标准、无损音质
[2026-02-24 14:14:35] 更新成功：李毓芬 - 是我不够好 (ID: 410519050) - 标准、无损音质
[2026-02-24 14:14:38] 更新成功：陈奕迅 - 最佳损友 (ID: 65800) - 标准、无损音质
[2026-02-24 14:14:40] 更新成功：AGA - Wonderful U (Demo Version) (ID: 406475394) - 标准、无损音质
[2026-02-24 14:14:42] 更新成功：陈一豪Clear - 彩铃 (ID: 3339130832) - 标准、无损音质
[2026-02-24 14:14:45] 更新成功：Justin Bieber - Intentions (ID: 1421443440) - 标准、无损音质
[2026-02-24 14:14:47] 更新成功：林俊杰 - 我还想她 (ID: 108493) - 标准、无损音质
[2026-02-24 14:14:49] 更新成功：陈粒 - 走马 (ID: 2749430417) - 标准、无损音质
[2026-02-24 14:14:51] 更新成功：Top Barry - 发迹 (ID: 2099778087) - 标准、无损音质
[2026-02-24 14:14:54] 更新成功：蛋堡 - I Want You (ID: 76834) - 标准、无损音质
[2026-02-24 14:14:56] 更新成功：庾澄庆 - 春泥 (ID: 573968836) - 标准、无损音质
[2026-02-24 14:14:58] 更新成功：Vansdaddy - 身无居所 (ID: 3319817890) - 标准、无损音质
[2026-02-24 14:15:00] 更新成功：建坤YOUNG - 声音 (ID: 2031085185) - 标准、无损音质
[2026-02-24 14:15:03] 更新成功：岑宁儿 - 追光者 (ID: 483671599) - 标准、无损音质
[2026-02-24 14:15:03] 更新完成：成功更新 24 首歌曲
[2026-02-24 14:29:07] 开始更新音乐URL...
[2026-02-24 14:29:07] 备份创建成功：backups/music_data_2026-02-24_14-29-07.json
[2026-02-24 14:29:10] 更新成功：徐佳莹 - 一样的月光 (ID: 306665) - 标准、无损音质
[2026-02-24 14:29:12] 更新成功：Maroon 5 - Payphone (ID: 1952737857) - 标准、无损音质
[2026-02-24 14:29:14] 更新成功：G.E.M.邓紫棋 - 来自天堂的魔鬼 (ID: 36270426) - 标准、无损音质
[2026-02-24 14:29:16] 更新成功：郭静 - 下一个天亮 (ID: 233882) - 标准、无损音质
[2026-02-24 14:29:19] 更新成功：李荣浩 - 不将就 (ID: 31654343) - 标准、无损音质
[2026-02-24 14:29:21] 更新成功：雨爱 (ID: 316100) - 标准、无损音质
[2026-02-24 14:29:23] 更新成功：林宜融 - 同手同脚 (ID: 350482) - 标准、无损音质
[2026-02-24 14:29:25] 更新成功：孙燕姿 - 开始懂了 (ID: 287719) - 标准、无损音质
[2026-02-24 14:29:27] 更新成功：Beyond - 真的爱你 (ID: 346075) - 标准、无损音质
[2026-02-24 14:29:30] 更新成功：KUN - Colder (ID: 3351234875) - 标准、无损音质
[2026-02-24 14:29:32] 更新成功：陶喆 - 流沙 (ID: 150667) - 标准、无损音质
[2026-02-24 14:29:34] 更新成功：李毓芬 - 是我不够好 (ID: 410519050) - 标准、无损音质
[2026-02-24 14:29:36] 更新成功：陈奕迅 - 最佳损友 (ID: 65800) - 标准、无损音质
[2026-02-24 14:29:39] 更新成功：AGA - Wonderful U (Demo Version) (ID: 406475394) - 标准、无损音质
[2026-02-24 14:29:43] 更新成功：陈一豪Clear - 彩铃 (ID: 3339130832) - 标准、无损音质
[2026-02-24 14:29:46] 更新成功：Justin Bieber - Intentions (ID: 1421443440) - 标准、无损音质
[2026-02-24 14:29:49] 更新成功：林俊杰 - 我还想她 (ID: 108493) - 标准、无损音质
[2026-02-24 14:29:53] 更新成功：陈粒 - 走马 (ID: 2749430417) - 标准、无损音质
[2026-02-24 14:29:57] 更新成功：Top Barry - 发迹 (ID: 2099778087) - 标准、无损音质
[2026-02-24 14:29:59] 更新成功：蛋堡 - I Want You (ID: 76834) - 标准、无损音质
[2026-02-24 14:30:01] 更新成功：庾澄庆 - 春泥 (ID: 573968836) - 标准、无损音质
[2026-02-24 14:30:04] 更新成功：Vansdaddy - 身无居所 (ID: 3319817890) - 标准、无损音质
[2026-02-24 14:30:09] 更新成功：建坤YOUNG - 声音 (ID: 2031085185) - 标准、无损音质
[2026-02-24 14:30:13] 更新成功：岑宁儿 - 追光者 (ID: 483671599) - 标准、无损音质
[2026-02-24 14:30:14] 更新完成：成功更新 24 首歌曲
[2026-02-24 14:44:07] 开始更新音乐URL...
[2026-02-24 14:44:07] 备份创建成功：backups/music_data_2026-02-24_14-44-07.json
[2026-02-24 14:44:11] 更新成功：徐佳莹 - 一样的月光 (ID: 306665) - 标准、无损音质
[2026-02-24 14:44:16] 更新成功：Maroon 5 - Payphone (ID: 1952737857) - 标准、无损音质
[2026-02-24 14:44:21] 更新成功：G.E.M.邓紫棋 - 来自天堂的魔鬼 (ID: 36270426) - 标准、无损音质
[2026-02-24 14:44:27] 更新成功：郭静 - 下一个天亮 (ID: 233882) - 标准、无损音质
[2026-02-24 14:44:32] 更新成功：李荣浩 - 不将就 (ID: 31654343) - 标准、无损音质
[2026-02-24 14:44:36] 更新成功：雨爱 (ID: 316100) - 标准、无损音质
[2026-02-24 14:44:40] 更新成功：林宜融 - 同手同脚 (ID: 350482) - 标准、无损音质
[2026-02-24 14:44:46] 更新成功：孙燕姿 - 开始懂了 (ID: 287719) - 标准、无损音质
[2026-02-24 14:44:52] 更新成功：Beyond - 真的爱你 (ID: 346075) - 标准、无损音质
[2026-02-24 14:44:56] 更新成功：KUN - Colder (ID: 3351234875) - 标准、无损音质
[2026-02-24 14:45:01] 更新成功：陶喆 - 流沙 (ID: 150667) - 标准、无损音质
[2026-02-24 14:45:07] 更新成功：李毓芬 - 是我不够好 (ID: 410519050) - 标准、无损音质
[2026-02-24 14:45:11] 更新成功：陈奕迅 - 最佳损友 (ID: 65800) - 标准、无损音质
[2026-02-24 14:45:16] 更新成功：AGA - Wonderful U (Demo Version) (ID: 406475394) - 标准、无损音质
[2026-02-24 14:45:22] 更新成功：陈一豪Clear - 彩铃 (ID: 3339130832) - 标准、无损音质
[2026-02-24 14:45:27] 更新成功：Justin Bieber - Intentions (ID: 1421443440) - 标准、无损音质
[2026-02-24 14:45:32] 更新成功：林俊杰 - 我还想她 (ID: 108493) - 标准、无损音质
[2026-02-24 14:45:36] 更新成功：陈粒 - 走马 (ID: 2749430417) - 标准、无损音质
[2026-02-24 14:45:40] 更新成功：Top Barry - 发迹 (ID: 2099778087) - 标准、无损音质
[2026-02-24 14:45:45] 更新成功：蛋堡 - I Want You (ID: 76834) - 标准、无损音质
[2026-02-24 14:45:50] 更新成功：庾澄庆 - 春泥 (ID: 573968836) - 标准、无损音质
[2026-02-24 14:45:55] 更新成功：Vansdaddy - 身无居所 (ID: 3319817890) - 标准、无损音质
[2026-02-24 14:46:00] 更新成功：建坤YOUNG - 声音 (ID: 2031085185) - 标准、无损音质
[2026-02-24 14:46:05] 更新成功：岑宁儿 - 追光者 (ID: 483671599) - 标准、无损音质
[2026-02-24 14:46:06] 更新完成：成功更新 24 首歌曲
[2026-02-24 14:59:07] 开始更新音乐URL...
[2026-02-24 14:59:07] 备份创建成功：backups/music_data_2026-02-24_14-59-07.json
[2026-02-24 14:59:10] 更新成功：徐佳莹 - 一样的月光 (ID: 306665) - 标准、无损音质
[2026-02-24 14:59:13] 更新成功：Maroon 5 - Payphone (ID: 1952737857) - 标准、无损音质
[2026-02-24 14:59:16] 更新成功：G.E.M.邓紫棋 - 来自天堂的魔鬼 (ID: 36270426) - 标准、无损音质
[2026-02-24 14:59:20] 更新成功：郭静 - 下一个天亮 (ID: 233882) - 标准、无损音质
[2026-02-24 14:59:24] 更新成功：李荣浩 - 不将就 (ID: 31654343) - 标准、无损音质
[2026-02-24 14:59:28] 更新成功：雨爱 (ID: 316100) - 标准、无损音质
[2026-02-24 14:59:32] 更新成功：林宜融 - 同手同脚 (ID: 350482) - 标准、无损音质
[2026-02-24 14:59:35] 更新成功：孙燕姿 - 开始懂了 (ID: 287719) - 标准、无损音质
[2026-02-24 14:59:38] 更新成功：Beyond - 真的爱你 (ID: 346075) - 标准、无损音质
[2026-02-24 14:59:41] 更新成功：KUN - Colder (ID: 3351234875) - 标准、无损音质
[2026-02-24 14:59:44] 更新成功：陶喆 - 流沙 (ID: 150667) - 标准、无损音质
[2026-02-24 14:59:48] 更新成功：李毓芬 - 是我不够好 (ID: 410519050) - 标准、无损音质
[2026-02-24 14:59:50] 更新成功：陈奕迅 - 最佳损友 (ID: 65800) - 标准、无损音质
[2026-02-24 14:59:55] 更新成功：AGA - Wonderful U (Demo Version) (ID: 406475394) - 标准、无损音质
[2026-02-24 14:59:57] 更新成功：陈一豪Clear - 彩铃 (ID: 3339130832) - 标准、无损音质
[2026-02-24 15:00:01] 更新成功：Justin Bieber - Intentions (ID: 1421443440) - 标准、无损音质
[2026-02-24 15:00:04] 更新成功：林俊杰 - 我还想她 (ID: 108493) - 标准、无损音质
[2026-02-24 15:00:08] 更新成功：陈粒 - 走马 (ID: 2749430417) - 标准、无损音质
[2026-02-24 15:00:10] 更新成功：Top Barry - 发迹 (ID: 2099778087) - 标准、无损音质
[2026-02-24 15:00:14] 更新成功：蛋堡 - I Want You (ID: 76834) - 标准、无损音质
[2026-02-24 15:00:18] 更新成功：庾澄庆 - 春泥 (ID: 573968836) - 标准、无损音质
[2026-02-24 15:00:21] 更新成功：Vansdaddy - 身无居所 (ID: 3319817890) - 标准、无损音质
[2026-02-24 15:00:28] 更新成功：建坤YOUNG - 声音 (ID: 2031085185) - 标准、无损音质
[2026-02-24 15:00:32] 更新成功：岑宁儿 - 追光者 (ID: 483671599) - 标准、无损音质
[2026-02-24 15:00:33] 更新完成：成功更新 24 首歌曲
[2026-02-24 15:14:07] 开始更新音乐URL...
[2026-02-24 15:14:07] 备份创建成功：backups/music_data_2026-02-24_15-14-07.json
[2026-02-24 15:14:10] 更新成功：徐佳莹 - 一样的月光 (ID: 306665) - 标准、无损音质
[2026-02-24 15:14:13] 更新成功：Maroon 5 - Payphone (ID: 1952737857) - 标准、无损音质
[2026-02-24 15:14:16] 更新成功：G.E.M.邓紫棋 - 来自天堂的魔鬼 (ID: 36270426) - 标准、无损音质
[2026-02-24 15:14:20] 更新成功：郭静 - 下一个天亮 (ID: 233882) - 标准、无损音质
[2026-02-24 15:14:23] 更新成功：李荣浩 - 不将就 (ID: 31654343) - 标准、无损音质
[2026-02-24 15:14:26] 更新成功：雨爱 (ID: 316100) - 标准、无损音质
[2026-02-24 15:14:30] 更新成功：林宜融 - 同手同脚 (ID: 350482) - 标准、无损音质
[2026-02-24 15:14:33] 更新成功：孙燕姿 - 开始懂了 (ID: 287719) - 标准、无损音质
[2026-02-24 15:14:36] 更新成功：Beyond - 真的爱你 (ID: 346075) - 标准、无损音质
[2026-02-24 15:14:40] 更新成功：KUN - Colder (ID: 3351234875) - 标准、无损音质
[2026-02-24 15:14:43] 更新成功：陶喆 - 流沙 (ID: 150667) - 标准、无损音质
[2026-02-24 15:14:46] 更新成功：李毓芬 - 是我不够好 (ID: 410519050) - 标准、无损音质
[2026-02-24 15:14:50] 更新成功：陈奕迅 - 最佳损友 (ID: 65800) - 标准、无损音质
[2026-02-24 15:14:54] 更新成功：AGA - Wonderful U (Demo Version) (ID: 406475394) - 标准、无损音质
[2026-02-24 15:14:57] 更新成功：陈一豪Clear - 彩铃 (ID: 3339130832) - 标准、无损音质
[2026-02-24 15:15:00] 更新成功：Justin Bieber - Intentions (ID: 1421443440) - 标准、无损音质
[2026-02-24 15:15:03] 更新成功：林俊杰 - 我还想她 (ID: 108493) - 标准、无损音质
[2026-02-24 15:15:07] 更新成功：陈粒 - 走马 (ID: 2749430417) - 标准、无损音质
[2026-02-24 15:15:10] 更新成功：Top Barry - 发迹 (ID: 2099778087) - 标准、无损音质
[2026-02-24 15:15:13] 更新成功：蛋堡 - I Want You (ID: 76834) - 标准、无损音质
[2026-02-24 15:15:17] 更新成功：庾澄庆 - 春泥 (ID: 573968836) - 标准、无损音质
[2026-02-24 15:15:20] 更新成功：Vansdaddy - 身无居所 (ID: 3319817890) - 标准、无损音质
[2026-02-24 15:15:24] 更新成功：建坤YOUNG - 声音 (ID: 2031085185) - 标准、无损音质
[2026-02-24 15:15:29] 更新成功：岑宁儿 - 追光者 (ID: 483671599) - 标准、无损音质
[2026-02-24 15:15:30] 更新完成：成功更新 24 首歌曲
[2026-02-24 15:29:07] 开始更新音乐URL...
[2026-02-24 15:29:07] 备份创建成功：backups/music_data_2026-02-24_15-29-07.json
[2026-02-24 15:29:10] 更新成功：徐佳莹 - 一样的月光 (ID: 306665) - 标准、无损音质
[2026-02-24 15:29:13] 更新成功：Maroon 5 - Payphone (ID: 1952737857) - 标准、无损音质
[2026-02-24 15:29:16] 更新成功：G.E.M.邓紫棋 - 来自天堂的魔鬼 (ID: 36270426) - 标准、无损音质
[2026-02-24 15:29:20] 更新成功：郭静 - 下一个天亮 (ID: 233882) - 标准、无损音质
[2026-02-24 15:29:23] 更新成功：李荣浩 - 不将就 (ID: 31654343) - 标准、无损音质
[2026-02-24 15:29:27] 更新成功：雨爱 (ID: 316100) - 标准、无损音质
[2026-02-24 15:29:31] 更新成功：林宜融 - 同手同脚 (ID: 350482) - 标准、无损音质
[2026-02-24 15:29:34] 更新成功：孙燕姿 - 开始懂了 (ID: 287719) - 标准、无损音质
[2026-02-24 15:29:38] 更新成功：Beyond - 真的爱你 (ID: 346075) - 标准、无损音质
[2026-02-24 15:29:42] 更新成功：KUN - Colder (ID: 3351234875) - 标准、无损音质
[2026-02-24 15:29:46] 更新成功：陶喆 - 流沙 (ID: 150667) - 标准、无损音质
[2026-02-24 15:29:49] 更新成功：李毓芬 - 是我不够好 (ID: 410519050) - 标准、无损音质
[2026-02-24 15:29:53] 更新成功：陈奕迅 - 最佳损友 (ID: 65800) - 标准、无损音质
[2026-02-24 15:29:56] 更新成功：AGA - Wonderful U (Demo Version) (ID: 406475394) - 标准、无损音质
[2026-02-24 15:29:59] 更新成功：陈一豪Clear - 彩铃 (ID: 3339130832) - 标准、无损音质
[2026-02-24 15:30:03] 更新成功：Justin Bieber - Intentions (ID: 1421443440) - 标准、无损音质
[2026-02-24 15:30:08] 更新成功：林俊杰 - 我还想她 (ID: 108493) - 标准、无损音质
[2026-02-24 15:30:11] 更新成功：陈粒 - 走马 (ID: 2749430417) - 标准、无损音质
[2026-02-24 15:30:14] 更新成功：Top Barry - 发迹 (ID: 2099778087) - 标准、无损音质
[2026-02-24 15:30:17] 更新成功：蛋堡 - I Want You (ID: 76834) - 标准、无损音质
[2026-02-24 15:30:21] 更新成功：庾澄庆 - 春泥 (ID: 573968836) - 标准、无损音质
[2026-02-24 15:30:24] 更新成功：Vansdaddy - 身无居所 (ID: 3319817890) - 标准、无损音质
[2026-02-24 15:30:28] 更新成功：建坤YOUNG - 声音 (ID: 2031085185) - 标准、无损音质
[2026-02-24 15:30:30] 更新成功：岑宁儿 - 追光者 (ID: 483671599) - 标准、无损音质
[2026-02-24 15:30:31] 更新完成：成功更新 24 首歌曲
[2026-02-24 15:44:07] 开始更新音乐URL...
[2026-02-24 15:44:07] 备份创建成功：backups/music_data_2026-02-24_15-44-07.json
[2026-02-24 15:44:08] 更新成功：徐佳莹 - 一样的月光 (ID: 306665) - 标准、无损音质
[2026-02-24 15:44:11] 更新成功：Maroon 5 - Payphone (ID: 1952737857) - 标准、无损音质
[2026-02-24 15:44:13] 更新成功：G.E.M.邓紫棋 - 来自天堂的魔鬼 (ID: 36270426) - 标准、无损音质
[2026-02-24 15:44:15] 更新成功：郭静 - 下一个天亮 (ID: 233882) - 标准、无损音质
[2026-02-24 15:44:18] 更新成功：李荣浩 - 不将就 (ID: 31654343) - 标准、无损音质
[2026-02-24 15:44:25] 更新成功：雨爱 (ID: 316100) - 无损音质
[2026-02-24 15:44:27] 更新成功：林宜融 - 同手同脚 (ID: 350482) - 标准、无损音质
[2026-02-24 15:44:29] 更新成功：孙燕姿 - 开始懂了 (ID: 287719) - 标准、无损音质
[2026-02-24 15:44:31] 更新成功：Beyond - 真的爱你 (ID: 346075) - 标准、无损音质
[2026-02-24 15:44:34] 更新成功：KUN - Colder (ID: 3351234875) - 标准、无损音质
[2026-02-24 15:44:36] 更新成功：陶喆 - 流沙 (ID: 150667) - 标准、无损音质
[2026-02-24 15:44:38] 更新成功：李毓芬 - 是我不够好 (ID: 410519050) - 标准、无损音质
[2026-02-24 15:44:40] 更新成功：陈奕迅 - 最佳损友 (ID: 65800) - 标准、无损音质
[2026-02-24 15:44:42] 更新成功：AGA - Wonderful U (Demo Version) (ID: 406475394) - 标准、无损音质
[2026-02-24 15:44:49] 更新成功：陈一豪Clear - 彩铃 (ID: 3339130832) - 标准音质
[2026-02-24 15:44:51] 更新成功：Justin Bieber - Intentions (ID: 1421443440) - 标准、无损音质
[2026-02-24 15:44:54] 更新成功：林俊杰 - 我还想她 (ID: 108493) - 标准、无损音质
[2026-02-24 15:44:56] 更新成功：陈粒 - 走马 (ID: 2749430417) - 标准、无损音质
[2026-02-24 15:44:58] 更新成功：Top Barry - 发迹 (ID: 2099778087) - 标准、无损音质
[2026-02-24 15:45:01] 更新成功：蛋堡 - I Want You (ID: 76834) - 标准、无损音质
[2026-02-24 15:45:05] 更新成功：庾澄庆 - 春泥 (ID: 573968836) - 标准、无损音质
[2026-02-24 15:45:07] 更新成功：Vansdaddy - 身无居所 (ID: 3319817890) - 标准、无损音质
[2026-02-24 15:45:10] 更新成功：建坤YOUNG - 声音 (ID: 2031085185) - 标准、无损音质
[2026-02-24 15:45:12] 更新成功：岑宁儿 - 追光者 (ID: 483671599) - 标准、无损音质
[2026-02-24 15:45:12] 更新完成：成功更新 24 首歌曲
[2026-02-24 15:59:07] 开始更新音乐URL...
[2026-02-24 15:59:07] 备份创建成功：backups/music_data_2026-02-24_15-59-07.json
[2026-02-24 15:59:08] 更新成功：徐佳莹 - 一样的月光 (ID: 306665) - 标准、无损音质
[2026-02-24 15:59:11] 更新成功：Maroon 5 - Payphone (ID: 1952737857) - 标准、无损音质
[2026-02-24 15:59:13] 更新成功：G.E.M.邓紫棋 - 来自天堂的魔鬼 (ID: 36270426) - 标准、无损音质
[2026-02-24 15:59:15] 更新成功：郭静 - 下一个天亮 (ID: 233882) - 标准、无损音质
[2026-02-24 15:59:17] 更新成功：李荣浩 - 不将就 (ID: 31654343) - 标准、无损音质
[2026-02-24 15:59:19] 更新成功：雨爱 (ID: 316100) - 标准、无损音质
[2026-02-24 15:59:22] 更新成功：林宜融 - 同手同脚 (ID: 350482) - 标准、无损音质
[2026-02-24 15:59:24] 更新成功：孙燕姿 - 开始懂了 (ID: 287719) - 标准、无损音质
[2026-02-24 15:59:26] 更新成功：Beyond - 真的爱你 (ID: 346075) - 标准、无损音质
[2026-02-24 15:59:28] 更新成功：KUN - Colder (ID: 3351234875) - 标准、无损音质
[2026-02-24 15:59:30] 更新成功：陶喆 - 流沙 (ID: 150667) - 标准、无损音质
[2026-02-24 15:59:33] 更新成功：李毓芬 - 是我不够好 (ID: 410519050) - 标准、无损音质
[2026-02-24 15:59:35] 更新成功：陈奕迅 - 最佳损友 (ID: 65800) - 标准、无损音质
[2026-02-24 15:59:37] 更新成功：AGA - Wonderful U (Demo Version) (ID: 406475394) - 标准、无损音质
[2026-02-24 15:59:39] 更新成功：陈一豪Clear - 彩铃 (ID: 3339130832) - 标准、无损音质
[2026-02-24 15:59:41] 更新成功：Justin Bieber - Intentions (ID: 1421443440) - 标准、无损音质
[2026-02-24 15:59:44] 更新成功：林俊杰 - 我还想她 (ID: 108493) - 标准、无损音质
[2026-02-24 15:59:46] 更新成功：陈粒 - 走马 (ID: 2749430417) - 标准、无损音质
[2026-02-24 15:59:48] 更新成功：Top Barry - 发迹 (ID: 2099778087) - 标准、无损音质
[2026-02-24 15:59:50] 更新成功：蛋堡 - I Want You (ID: 76834) - 标准、无损音质
[2026-02-24 15:59:52] 更新成功：庾澄庆 - 春泥 (ID: 573968836) - 标准、无损音质
[2026-02-24 15:59:55] 更新成功：Vansdaddy - 身无居所 (ID: 3319817890) - 标准、无损音质
[2026-02-24 15:59:57] 更新成功：建坤YOUNG - 声音 (ID: 2031085185) - 标准、无损音质
[2026-02-24 15:59:59] 更新成功：岑宁儿 - 追光者 (ID: 483671599) - 标准、无损音质
[2026-02-24 16:00:00] 更新完成：成功更新 24 首歌曲
[2026-02-24 16:14:07] 开始更新音乐URL...
[2026-02-24 16:14:07] 备份创建成功：backups/music_data_2026-02-24_16-14-07.json
[2026-02-24 16:14:10] 更新成功：徐佳莹 - 一样的月光 (ID: 306665) - 标准、无损音质
[2026-02-24 16:14:12] 更新成功：Maroon 5 - Payphone (ID: 1952737857) - 标准、无损音质
[2026-02-24 16:14:14] 更新成功：G.E.M.邓紫棋 - 来自天堂的魔鬼 (ID: 36270426) - 标准、无损音质
[2026-02-24 16:14:17] 更新成功：郭静 - 下一个天亮 (ID: 233882) - 标准、无损音质
[2026-02-24 16:14:19] 更新成功：李荣浩 - 不将就 (ID: 31654343) - 标准、无损音质
[2026-02-24 16:14:21] 更新成功：雨爱 (ID: 316100) - 标准、无损音质
[2026-02-24 16:14:23] 更新成功：林宜融 - 同手同脚 (ID: 350482) - 标准、无损音质
[2026-02-24 16:14:26] 更新成功：孙燕姿 - 开始懂了 (ID: 287719) - 标准、无损音质
[2026-02-24 16:14:28] 更新成功：Beyond - 真的爱你 (ID: 346075) - 标准、无损音质
[2026-02-24 16:14:31] 更新成功：KUN - Colder (ID: 3351234875) - 标准、无损音质
[2026-02-24 16:14:33] 更新成功：陶喆 - 流沙 (ID: 150667) - 标准、无损音质
[2026-02-24 16:14:35] 更新成功：李毓芬 - 是我不够好 (ID: 410519050) - 标准、无损音质
[2026-02-24 16:14:37] 更新成功：陈奕迅 - 最佳损友 (ID: 65800) - 标准、无损音质
[2026-02-24 16:14:40] 更新成功：AGA - Wonderful U (Demo Version) (ID: 406475394) - 标准、无损音质
[2026-02-24 16:14:43] 更新成功：陈一豪Clear - 彩铃 (ID: 3339130832) - 标准、无损音质
[2026-02-24 16:14:45] 更新成功：Justin Bieber - Intentions (ID: 1421443440) - 标准、无损音质
[2026-02-24 16:14:47] 更新成功：林俊杰 - 我还想她 (ID: 108493) - 标准、无损音质
[2026-02-24 16:14:49] 更新成功：陈粒 - 走马 (ID: 2749430417) - 标准、无损音质
[2026-02-24 16:14:52] 更新成功：Top Barry - 发迹 (ID: 2099778087) - 标准、无损音质
[2026-02-24 16:14:54] 更新成功：蛋堡 - I Want You (ID: 76834) - 标准、无损音质
[2026-02-24 16:14:56] 更新成功：庾澄庆 - 春泥 (ID: 573968836) - 标准、无损音质
[2026-02-24 16:14:58] 更新成功：Vansdaddy - 身无居所 (ID: 3319817890) - 标准、无损音质
[2026-02-24 16:15:01] 更新成功：建坤YOUNG - 声音 (ID: 2031085185) - 标准、无损音质
[2026-02-24 16:15:03] 更新成功：岑宁儿 - 追光者 (ID: 483671599) - 标准、无损音质
[2026-02-24 16:15:04] 更新完成：成功更新 24 首歌曲
[2026-02-24 16:29:07] 开始更新音乐URL...
[2026-02-24 16:29:07] 备份创建成功：backups/music_data_2026-02-24_16-29-07.json
[2026-02-24 16:29:09] 更新成功：徐佳莹 - 一样的月光 (ID: 306665) - 标准、无损音质
[2026-02-24 16:29:11] 更新成功：Maroon 5 - Payphone (ID: 1952737857) - 标准、无损音质
[2026-02-24 16:29:14] 更新成功：G.E.M.邓紫棋 - 来自天堂的魔鬼 (ID: 36270426) - 标准、无损音质
[2026-02-24 16:29:16] 更新成功：郭静 - 下一个天亮 (ID: 233882) - 标准、无损音质
[2026-02-24 16:29:18] 更新成功：李荣浩 - 不将就 (ID: 31654343) - 标准、无损音质
[2026-02-24 16:29:20] 更新成功：雨爱 (ID: 316100) - 标准、无损音质
[2026-02-24 16:29:22] 更新成功：林宜融 - 同手同脚 (ID: 350482) - 标准、无损音质
[2026-02-24 16:29:24] 更新成功：孙燕姿 - 开始懂了 (ID: 287719) - 标准、无损音质
[2026-02-24 16:29:27] 更新成功：Beyond - 真的爱你 (ID: 346075) - 标准、无损音质
[2026-02-24 16:29:29] 更新成功：KUN - Colder (ID: 3351234875) - 标准、无损音质
[2026-02-24 16:29:31] 更新成功：陶喆 - 流沙 (ID: 150667) - 标准、无损音质
[2026-02-24 16:29:33] 更新成功：李毓芬 - 是我不够好 (ID: 410519050) - 标准、无损音质
[2026-02-24 16:29:35] 更新成功：陈奕迅 - 最佳损友 (ID: 65800) - 标准、无损音质
[2026-02-24 16:29:38] 更新成功：AGA - Wonderful U (Demo Version) (ID: 406475394) - 标准、无损音质
[2026-02-24 16:29:40] 更新成功：陈一豪Clear - 彩铃 (ID: 3339130832) - 标准、无损音质
[2026-02-24 16:29:42] 更新成功：Justin Bieber - Intentions (ID: 1421443440) - 标准、无损音质
[2026-02-24 16:29:44] 更新成功：林俊杰 - 我还想她 (ID: 108493) - 标准、无损音质
[2026-02-24 16:29:46] 更新成功：陈粒 - 走马 (ID: 2749430417) - 标准、无损音质
[2026-02-24 16:29:48] 更新成功：Top Barry - 发迹 (ID: 2099778087) - 标准、无损音质
[2026-02-24 16:29:51] 更新成功：蛋堡 - I Want You (ID: 76834) - 标准、无损音质
[2026-02-24 16:29:53] 更新成功：庾澄庆 - 春泥 (ID: 573968836) - 标准、无损音质
[2026-02-24 16:29:55] 更新成功：Vansdaddy - 身无居所 (ID: 3319817890) - 标准、无损音质
[2026-02-24 16:29:57] 更新成功：建坤YOUNG - 声音 (ID: 2031085185) - 标准、无损音质
[2026-02-24 16:29:59] 更新成功：岑宁儿 - 追光者 (ID: 483671599) - 标准、无损音质
[2026-02-24 16:30:00] 更新完成：成功更新 24 首歌曲
[2026-02-24 16:44:12] 开始更新音乐URL...
[2026-02-24 16:44:12] 备份创建成功：backups/music_data_2026-02-24_16-44-12.json
[2026-02-24 16:44:15] 更新成功：徐佳莹 - 一样的月光 (ID: 306665) - 标准、无损音质
[2026-02-24 16:44:17] 更新成功：Maroon 5 - Payphone (ID: 1952737857) - 标准、无损音质
[2026-02-24 16:44:19] 更新成功：G.E.M.邓紫棋 - 来自天堂的魔鬼 (ID: 36270426) - 标准、无损音质
[2026-02-24 16:44:22] 更新成功：郭静 - 下一个天亮 (ID: 233882) - 标准、无损音质
[2026-02-24 16:44:24] 更新成功：李荣浩 - 不将就 (ID: 31654343) - 标准、无损音质
[2026-02-24 16:44:27] 更新成功：雨爱 (ID: 316100) - 标准、无损音质
[2026-02-24 16:44:30] 更新成功：林宜融 - 同手同脚 (ID: 350482) - 标准、无损音质
[2026-02-24 16:44:33] 更新成功：孙燕姿 - 开始懂了 (ID: 287719) - 标准、无损音质
[2026-02-24 16:44:35] 更新成功：Beyond - 真的爱你 (ID: 346075) - 标准、无损音质
[2026-02-24 16:44:40] 更新成功：KUN - Colder (ID: 3351234875) - 标准、无损音质
[2026-02-24 16:44:42] 更新成功：陶喆 - 流沙 (ID: 150667) - 标准、无损音质
[2026-02-24 16:44:45] 更新成功：李毓芬 - 是我不够好 (ID: 410519050) - 标准、无损音质
[2026-02-24 16:44:47] 更新成功：陈奕迅 - 最佳损友 (ID: 65800) - 标准、无损音质
[2026-02-24 16:44:49] 更新成功：AGA - Wonderful U (Demo Version) (ID: 406475394) - 标准、无损音质
[2026-02-24 16:44:51] 更新成功：陈一豪Clear - 彩铃 (ID: 3339130832) - 标准、无损音质
[2026-02-24 16:44:57] 更新成功：Justin Bieber - Intentions (ID: 1421443440) - 标准、无损音质
[2026-02-24 16:44:59] 更新成功：林俊杰 - 我还想她 (ID: 108493) - 标准、无损音质
[2026-02-24 16:45:04] 更新成功：陈粒 - 走马 (ID: 2749430417) - 标准、无损音质
[2026-02-24 16:45:06] 更新成功：Top Barry - 发迹 (ID: 2099778087) - 标准、无损音质
[2026-02-24 16:45:08] 更新成功：蛋堡 - I Want You (ID: 76834) - 标准、无损音质
[2026-02-24 16:45:10] 更新成功：庾澄庆 - 春泥 (ID: 573968836) - 标准、无损音质
[2026-02-24 16:45:12] 更新成功：Vansdaddy - 身无居所 (ID: 3319817890) - 标准、无损音质
[2026-02-24 16:45:14] 更新成功：建坤YOUNG - 声音 (ID: 2031085185) - 标准、无损音质
[2026-02-24 16:45:17] 更新成功：岑宁儿 - 追光者 (ID: 483671599) - 标准、无损音质
[2026-02-24 16:45:17] 更新完成：成功更新 24 首歌曲
[2026-02-24 16:59:07] 开始更新音乐URL...
[2026-02-24 16:59:07] 备份创建成功：backups/music_data_2026-02-24_16-59-07.json
[2026-02-24 16:59:09] 更新成功：徐佳莹 - 一样的月光 (ID: 306665) - 标准、无损音质
[2026-02-24 16:59:11] 更新成功：Maroon 5 - Payphone (ID: 1952737857) - 标准、无损音质
[2026-02-24 16:59:13] 更新成功：G.E.M.邓紫棋 - 来自天堂的魔鬼 (ID: 36270426) - 标准、无损音质
[2026-02-24 16:59:15] 更新成功：郭静 - 下一个天亮 (ID: 233882) - 标准、无损音质
[2026-02-24 16:59:18] 更新成功：李荣浩 - 不将就 (ID: 31654343) - 标准、无损音质
[2026-02-24 16:59:20] 更新成功：雨爱 (ID: 316100) - 标准、无损音质
[2026-02-24 16:59:22] 更新成功：林宜融 - 同手同脚 (ID: 350482) - 标准、无损音质
[2026-02-24 16:59:24] 更新成功：孙燕姿 - 开始懂了 (ID: 287719) - 标准、无损音质
[2026-02-24 16:59:27] 更新成功：Beyond - 真的爱你 (ID: 346075) - 标准、无损音质
[2026-02-24 16:59:29] 更新成功：KUN - Colder (ID: 3351234875) - 标准、无损音质
[2026-02-24 16:59:31] 更新成功：陶喆 - 流沙 (ID: 150667) - 标准、无损音质
[2026-02-24 16:59:33] 更新成功：李毓芬 - 是我不够好 (ID: 410519050) - 标准、无损音质
[2026-02-24 16:59:35] 更新成功：陈奕迅 - 最佳损友 (ID: 65800) - 标准、无损音质
[2026-02-24 16:59:38] 更新成功：AGA - Wonderful U (Demo Version) (ID: 406475394) - 标准、无损音质
[2026-02-24 16:59:40] 更新成功：陈一豪Clear - 彩铃 (ID: 3339130832) - 标准、无损音质
[2026-02-24 16:59:42] 更新成功：Justin Bieber - Intentions (ID: 1421443440) - 标准、无损音质
[2026-02-24 16:59:44] 更新成功：林俊杰 - 我还想她 (ID: 108493) - 标准、无损音质
[2026-02-24 16:59:47] 更新成功：陈粒 - 走马 (ID: 2749430417) - 标准、无损音质
[2026-02-24 16:59:49] 更新成功：Top Barry - 发迹 (ID: 2099778087) - 标准、无损音质
[2026-02-24 16:59:51] 更新成功：蛋堡 - I Want You (ID: 76834) - 标准、无损音质
[2026-02-24 16:59:53] 更新成功：庾澄庆 - 春泥 (ID: 573968836) - 标准、无损音质
[2026-02-24 16:59:55] 更新成功：Vansdaddy - 身无居所 (ID: 3319817890) - 标准、无损音质
[2026-02-24 16:59:58] 更新成功：建坤YOUNG - 声音 (ID: 2031085185) - 标准、无损音质
[2026-02-24 17:00:00] 更新成功：岑宁儿 - 追光者 (ID: 483671599) - 标准、无损音质
[2026-02-24 17:00:00] 更新完成：成功更新 24 首歌曲
[2026-02-24 17:14:07] 开始更新音乐URL...
[2026-02-24 17:14:07] 备份创建成功：backups/music_data_2026-02-24_17-14-07.json
[2026-02-24 17:14:08] 更新成功：徐佳莹 - 一样的月光 (ID: 306665) - 标准、无损音质
[2026-02-24 17:14:11] 更新成功：Maroon 5 - Payphone (ID: 1952737857) - 标准、无损音质
[2026-02-24 17:14:13] 更新成功：G.E.M.邓紫棋 - 来自天堂的魔鬼 (ID: 36270426) - 标准、无损音质
[2026-02-24 17:14:15] 更新成功：郭静 - 下一个天亮 (ID: 233882) - 标准、无损音质
[2026-02-24 17:14:17] 更新成功：李荣浩 - 不将就 (ID: 31654343) - 标准、无损音质
[2026-02-24 17:14:20] 更新成功：雨爱 (ID: 316100) - 标准、无损音质
[2026-02-24 17:14:22] 更新成功：林宜融 - 同手同脚 (ID: 350482) - 标准、无损音质
[2026-02-24 17:14:24] 更新成功：孙燕姿 - 开始懂了 (ID: 287719) - 标准、无损音质
[2026-02-24 17:14:26] 更新成功：Beyond - 真的爱你 (ID: 346075) - 标准、无损音质
[2026-02-24 17:14:28] 更新成功：KUN - Colder (ID: 3351234875) - 标准、无损音质
[2026-02-24 17:14:31] 更新成功：陶喆 - 流沙 (ID: 150667) - 标准、无损音质
[2026-02-24 17:14:33] 更新成功：李毓芬 - 是我不够好 (ID: 410519050) - 标准、无损音质
[2026-02-24 17:14:36] 更新成功：陈奕迅 - 最佳损友 (ID: 65800) - 标准、无损音质
[2026-02-24 17:14:38] 更新成功：AGA - Wonderful U (Demo Version) (ID: 406475394) - 标准、无损音质
[2026-02-24 17:14:41] 更新成功：陈一豪Clear - 彩铃 (ID: 3339130832) - 标准、无损音质
[2026-02-24 17:14:43] 更新成功：Justin Bieber - Intentions (ID: 1421443440) - 标准、无损音质
[2026-02-24 17:14:45] 更新成功：林俊杰 - 我还想她 (ID: 108493) - 标准、无损音质
[2026-02-24 17:14:47] 更新成功：陈粒 - 走马 (ID: 2749430417) - 标准、无损音质
[2026-02-24 17:14:50] 更新成功：Top Barry - 发迹 (ID: 2099778087) - 标准、无损音质
[2026-02-24 17:14:52] 更新成功：蛋堡 - I Want You (ID: 76834) - 标准、无损音质
[2026-02-24 17:14:54] 更新成功：庾澄庆 - 春泥 (ID: 573968836) - 标准、无损音质
[2026-02-24 17:14:56] 更新成功：Vansdaddy - 身无居所 (ID: 3319817890) - 标准、无损音质
[2026-02-24 17:14:59] 更新成功：建坤YOUNG - 声音 (ID: 2031085185) - 标准、无损音质
[2026-02-24 17:15:01] 更新成功：岑宁儿 - 追光者 (ID: 483671599) - 标准、无损音质
[2026-02-24 17:15:02] 更新完成：成功更新 24 首歌曲
[2026-02-24 17:29:07] 开始更新音乐URL...
[2026-02-24 17:29:07] 备份创建成功：backups/music_data_2026-02-24_17-29-07.json
[2026-02-24 17:29:09] 更新成功：徐佳莹 - 一样的月光 (ID: 306665) - 标准、无损音质
[2026-02-24 17:29:12] 更新成功：Maroon 5 - Payphone (ID: 1952737857) - 标准、无损音质
[2026-02-24 17:29:14] 更新成功：G.E.M.邓紫棋 - 来自天堂的魔鬼 (ID: 36270426) - 标准、无损音质
[2026-02-24 17:29:16] 更新成功：郭静 - 下一个天亮 (ID: 233882) - 标准、无损音质
[2026-02-24 17:29:18] 更新成功：李荣浩 - 不将就 (ID: 31654343) - 标准、无损音质
[2026-02-24 17:29:21] 更新成功：雨爱 (ID: 316100) - 标准、无损音质
[2026-02-24 17:29:24] 更新成功：林宜融 - 同手同脚 (ID: 350482) - 标准、无损音质
[2026-02-24 17:29:26] 更新成功：孙燕姿 - 开始懂了 (ID: 287719) - 标准、无损音质
[2026-02-24 17:29:29] 更新成功：Beyond - 真的爱你 (ID: 346075) - 标准、无损音质
[2026-02-24 17:29:31] 更新成功：KUN - Colder (ID: 3351234875) - 标准、无损音质
[2026-02-24 17:29:33] 更新成功：陶喆 - 流沙 (ID: 150667) - 标准、无损音质
[2026-02-24 17:29:35] 更新成功：李毓芬 - 是我不够好 (ID: 410519050) - 标准、无损音质
[2026-02-24 17:29:38] 更新成功：陈奕迅 - 最佳损友 (ID: 65800) - 标准、无损音质
[2026-02-24 17:29:40] 更新成功：AGA - Wonderful U (Demo Version) (ID: 406475394) - 标准、无损音质
[2026-02-24 17:29:42] 更新成功：陈一豪Clear - 彩铃 (ID: 3339130832) - 标准、无损音质
[2026-02-24 17:29:44] 更新成功：Justin Bieber - Intentions (ID: 1421443440) - 标准、无损音质
[2026-02-24 17:29:46] 更新成功：林俊杰 - 我还想她 (ID: 108493) - 标准、无损音质
[2026-02-24 17:29:49] 更新成功：陈粒 - 走马 (ID: 2749430417) - 标准、无损音质
[2026-02-24 17:29:51] 更新成功：Top Barry - 发迹 (ID: 2099778087) - 标准、无损音质
[2026-02-24 17:29:53] 更新成功：蛋堡 - I Want You (ID: 76834) - 标准、无损音质
[2026-02-24 17:29:55] 更新成功：庾澄庆 - 春泥 (ID: 573968836) - 标准、无损音质
[2026-02-24 17:29:59] 更新成功：Vansdaddy - 身无居所 (ID: 3319817890) - 标准、无损音质
[2026-02-24 17:30:02] 更新成功：建坤YOUNG - 声音 (ID: 2031085185) - 标准、无损音质
[2026-02-24 17:30:04] 更新成功：岑宁儿 - 追光者 (ID: 483671599) - 标准、无损音质
[2026-02-24 17:30:05] 更新完成：成功更新 24 首歌曲
[2026-02-24 17:44:07] 开始更新音乐URL...
[2026-02-24 17:44:07] 备份创建成功：backups/music_data_2026-02-24_17-44-07.json
[2026-02-24 17:44:08] 更新成功：徐佳莹 - 一样的月光 (ID: 306665) - 标准、无损音质
[2026-02-24 17:44:11] 更新成功：Maroon 5 - Payphone (ID: 1952737857) - 标准、无损音质
[2026-02-24 17:44:13] 更新成功：G.E.M.邓紫棋 - 来自天堂的魔鬼 (ID: 36270426) - 标准、无损音质
[2026-02-24 17:44:15] 更新成功：郭静 - 下一个天亮 (ID: 233882) - 标准、无损音质
[2026-02-24 17:44:17] 更新成功：李荣浩 - 不将就 (ID: 31654343) - 标准、无损音质
[2026-02-24 17:44:20] 更新成功：雨爱 (ID: 316100) - 标准、无损音质
[2026-02-24 17:44:22] 更新成功：林宜融 - 同手同脚 (ID: 350482) - 标准、无损音质
[2026-02-24 17:44:24] 更新成功：孙燕姿 - 开始懂了 (ID: 287719) - 标准、无损音质
[2026-02-24 17:44:26] 更新成功：Beyond - 真的爱你 (ID: 346075) - 标准、无损音质
[2026-02-24 17:44:28] 更新成功：KUN - Colder (ID: 3351234875) - 标准、无损音质
[2026-02-24 17:44:31] 更新成功：陶喆 - 流沙 (ID: 150667) - 标准、无损音质
[2026-02-24 17:44:33] 更新成功：李毓芬 - 是我不够好 (ID: 410519050) - 标准、无损音质
[2026-02-24 17:44:35] 更新成功：陈奕迅 - 最佳损友 (ID: 65800) - 标准、无损音质
[2026-02-24 17:44:37] 更新成功：AGA - Wonderful U (Demo Version) (ID: 406475394) - 标准、无损音质
[2026-02-24 17:44:39] 更新成功：陈一豪Clear - 彩铃 (ID: 3339130832) - 标准、无损音质
[2026-02-24 17:44:42] 更新成功：Justin Bieber - Intentions (ID: 1421443440) - 标准、无损音质
[2026-02-24 17:44:44] 更新成功：林俊杰 - 我还想她 (ID: 108493) - 标准、无损音质
[2026-02-24 17:44:46] 更新成功：陈粒 - 走马 (ID: 2749430417) - 标准、无损音质
[2026-02-24 17:44:48] 更新成功：Top Barry - 发迹 (ID: 2099778087) - 标准、无损音质
[2026-02-24 17:44:50] 更新成功：蛋堡 - I Want You (ID: 76834) - 标准、无损音质
[2026-02-24 17:44:53] 更新成功：庾澄庆 - 春泥 (ID: 573968836) - 标准、无损音质
[2026-02-24 17:44:55] 更新成功：Vansdaddy - 身无居所 (ID: 3319817890) - 标准、无损音质
[2026-02-24 17:44:57] 更新成功：建坤YOUNG - 声音 (ID: 2031085185) - 标准、无损音质
[2026-02-24 17:44:59] 更新成功：岑宁儿 - 追光者 (ID: 483671599) - 标准、无损音质
[2026-02-24 17:45:00] 更新完成：成功更新 24 首歌曲
[2026-02-24 17:59:07] 开始更新音乐URL...
[2026-02-24 17:59:07] 备份创建成功：backups/music_data_2026-02-24_17-59-07.json
[2026-02-24 17:59:08] 更新成功：徐佳莹 - 一样的月光 (ID: 306665) - 标准、无损音质
[2026-02-24 17:59:11] 更新成功：Maroon 5 - Payphone (ID: 1952737857) - 标准、无损音质
[2026-02-24 17:59:13] 更新成功：G.E.M.邓紫棋 - 来自天堂的魔鬼 (ID: 36270426) - 标准、无损音质
[2026-02-24 17:59:15] 更新成功：郭静 - 下一个天亮 (ID: 233882) - 标准、无损音质
[2026-02-24 17:59:17] 更新成功：李荣浩 - 不将就 (ID: 31654343) - 标准、无损音质
[2026-02-24 17:59:20] 更新成功：雨爱 (ID: 316100) - 标准、无损音质
[2026-02-24 17:59:22] 更新成功：林宜融 - 同手同脚 (ID: 350482) - 标准、无损音质
[2026-02-24 17:59:24] 更新成功：孙燕姿 - 开始懂了 (ID: 287719) - 标准、无损音质
[2026-02-24 17:59:26] 更新成功：Beyond - 真的爱你 (ID: 346075) - 标准、无损音质
[2026-02-24 17:59:29] 更新成功：KUN - Colder (ID: 3351234875) - 标准、无损音质
[2026-02-24 17:59:31] 更新成功：陶喆 - 流沙 (ID: 150667) - 标准、无损音质
[2026-02-24 17:59:33] 更新成功：李毓芬 - 是我不够好 (ID: 410519050) - 标准、无损音质
[2026-02-24 17:59:36] 更新成功：陈奕迅 - 最佳损友 (ID: 65800) - 标准、无损音质
[2026-02-24 17:59:39] 更新成功：AGA - Wonderful U (Demo Version) (ID: 406475394) - 标准、无损音质
[2026-02-24 17:59:41] 更新成功：陈一豪Clear - 彩铃 (ID: 3339130832) - 标准、无损音质
[2026-02-24 17:59:44] 更新成功：Justin Bieber - Intentions (ID: 1421443440) - 标准、无损音质
[2026-02-24 17:59:47] 更新成功：林俊杰 - 我还想她 (ID: 108493) - 标准、无损音质
[2026-02-24 17:59:49] 更新成功：陈粒 - 走马 (ID: 2749430417) - 标准、无损音质
[2026-02-24 17:59:52] 更新成功：Top Barry - 发迹 (ID: 2099778087) - 标准、无损音质
[2026-02-24 17:59:58] 更新成功：蛋堡 - I Want You (ID: 76834) - 标准、无损音质
[2026-02-24 18:00:01] 更新成功：庾澄庆 - 春泥 (ID: 573968836) - 标准、无损音质
[2026-02-24 18:00:03] 更新成功：Vansdaddy - 身无居所 (ID: 3319817890) - 标准、无损音质
[2026-02-24 18:00:05] 更新成功：建坤YOUNG - 声音 (ID: 2031085185) - 标准、无损音质
[2026-02-24 18:00:07] 更新成功：岑宁儿 - 追光者 (ID: 483671599) - 标准、无损音质
[2026-02-24 18:00:08] 更新完成：成功更新 24 首歌曲
[2026-02-24 18:14:07] 开始更新音乐URL...
[2026-02-24 18:14:07] 备份创建成功：backups/music_data_2026-02-24_18-14-07.json
[2026-02-24 18:14:12] 更新成功：徐佳莹 - 一样的月光 (ID: 306665) - 标准、无损音质
[2026-02-24 18:14:14] 更新成功：Maroon 5 - Payphone (ID: 1952737857) - 标准、无损音质
[2026-02-24 18:14:17] 更新成功：G.E.M.邓紫棋 - 来自天堂的魔鬼 (ID: 36270426) - 标准、无损音质
[2026-02-24 18:14:19] 更新成功：郭静 - 下一个天亮 (ID: 233882) - 标准、无损音质
[2026-02-24 18:14:21] 更新成功：李荣浩 - 不将就 (ID: 31654343) - 标准、无损音质
[2026-02-24 18:14:24] 更新成功：雨爱 (ID: 316100) - 标准、无损音质
[2026-02-24 18:14:26] 更新成功：林宜融 - 同手同脚 (ID: 350482) - 标准、无损音质
[2026-02-24 18:14:28] 更新成功：孙燕姿 - 开始懂了 (ID: 287719) - 标准、无损音质
[2026-02-24 18:14:30] 更新成功：Beyond - 真的爱你 (ID: 346075) - 标准、无损音质
[2026-02-24 18:14:32] 更新成功：KUN - Colder (ID: 3351234875) - 标准、无损音质
[2026-02-24 18:14:34] 更新成功：陶喆 - 流沙 (ID: 150667) - 标准、无损音质
[2026-02-24 18:14:36] 更新成功：李毓芬 - 是我不够好 (ID: 410519050) - 标准、无损音质
[2026-02-24 18:14:39] 更新成功：陈奕迅 - 最佳损友 (ID: 65800) - 标准、无损音质
[2026-02-24 18:14:41] 更新成功：AGA - Wonderful U (Demo Version) (ID: 406475394) - 标准、无损音质
[2026-02-24 18:14:43] 更新成功：陈一豪Clear - 彩铃 (ID: 3339130832) - 标准、无损音质
[2026-02-24 18:14:46] 更新成功：Justin Bieber - Intentions (ID: 1421443440) - 标准、无损音质
[2026-02-24 18:14:48] 更新成功：林俊杰 - 我还想她 (ID: 108493) - 标准、无损音质
[2026-02-24 18:14:50] 更新成功：陈粒 - 走马 (ID: 2749430417) - 标准、无损音质
[2026-02-24 18:14:52] 更新成功：Top Barry - 发迹 (ID: 2099778087) - 标准、无损音质
[2026-02-24 18:14:54] 更新成功：蛋堡 - I Want You (ID: 76834) - 标准、无损音质
[2026-02-24 18:14:56] 更新成功：庾澄庆 - 春泥 (ID: 573968836) - 标准、无损音质
[2026-02-24 18:14:58] 更新成功：Vansdaddy - 身无居所 (ID: 3319817890) - 标准、无损音质
[2026-02-24 18:15:00] 更新成功：建坤YOUNG - 声音 (ID: 2031085185) - 标准、无损音质
[2026-02-24 18:15:03] 更新成功：岑宁儿 - 追光者 (ID: 483671599) - 标准、无损音质
[2026-02-24 18:15:03] 更新完成：成功更新 24 首歌曲
[2026-02-24 18:29:07] 开始更新音乐URL...
[2026-02-24 18:29:07] 备份创建成功：backups/music_data_2026-02-24_18-29-07.json
[2026-02-24 18:29:10] 更新成功：徐佳莹 - 一样的月光 (ID: 306665) - 标准、无损音质
[2026-02-24 18:29:12] 更新成功：Maroon 5 - Payphone (ID: 1952737857) - 标准、无损音质
[2026-02-24 18:29:14] 更新成功：G.E.M.邓紫棋 - 来自天堂的魔鬼 (ID: 36270426) - 标准、无损音质
[2026-02-24 18:29:17] 更新成功：郭静 - 下一个天亮 (ID: 233882) - 标准、无损音质
[2026-02-24 18:29:19] 更新成功：李荣浩 - 不将就 (ID: 31654343) - 标准、无损音质
[2026-02-24 18:29:21] 更新成功：雨爱 (ID: 316100) - 标准、无损音质
[2026-02-24 18:29:23] 更新成功：林宜融 - 同手同脚 (ID: 350482) - 标准、无损音质
[2026-02-24 18:29:25] 更新成功：孙燕姿 - 开始懂了 (ID: 287719) - 标准、无损音质
[2026-02-24 18:29:27] 更新成功：Beyond - 真的爱你 (ID: 346075) - 标准、无损音质
[2026-02-24 18:29:29] 更新成功：KUN - Colder (ID: 3351234875) - 标准、无损音质
[2026-02-24 18:29:31] 更新成功：陶喆 - 流沙 (ID: 150667) - 标准、无损音质
[2026-02-24 18:29:34] 更新成功：李毓芬 - 是我不够好 (ID: 410519050) - 标准、无损音质
[2026-02-24 18:29:36] 更新成功：陈奕迅 - 最佳损友 (ID: 65800) - 标准、无损音质
[2026-02-24 18:29:38] 更新成功：AGA - Wonderful U (Demo Version) (ID: 406475394) - 标准、无损音质
[2026-02-24 18:29:40] 更新成功：陈一豪Clear - 彩铃 (ID: 3339130832) - 标准、无损音质
[2026-02-24 18:29:42] 更新成功：Justin Bieber - Intentions (ID: 1421443440) - 标准、无损音质
[2026-02-24 18:29:44] 更新成功：林俊杰 - 我还想她 (ID: 108493) - 标准、无损音质
[2026-02-24 18:29:46] 更新成功：陈粒 - 走马 (ID: 2749430417) - 标准、无损音质
[2026-02-24 18:29:49] 更新成功：Top Barry - 发迹 (ID: 2099778087) - 标准、无损音质
[2026-02-24 18:29:52] 更新成功：蛋堡 - I Want You (ID: 76834) - 标准、无损音质
[2026-02-24 18:29:54] 更新成功：庾澄庆 - 春泥 (ID: 573968836) - 标准、无损音质
[2026-02-24 18:29:56] 更新成功：Vansdaddy - 身无居所 (ID: 3319817890) - 标准、无损音质
[2026-02-24 18:29:58] 更新成功：建坤YOUNG - 声音 (ID: 2031085185) - 标准、无损音质
[2026-02-24 18:30:00] 更新成功：岑宁儿 - 追光者 (ID: 483671599) - 标准、无损音质
[2026-02-24 18:30:01] 更新完成：成功更新 24 首歌曲
[2026-02-24 18:44:08] 开始更新音乐URL...
[2026-02-24 18:44:08] 备份创建成功：backups/music_data_2026-02-24_18-44-08.json
[2026-02-24 18:44:11] 更新成功：徐佳莹 - 一样的月光 (ID: 306665) - 标准、无损音质
[2026-02-24 18:44:13] 更新成功：Maroon 5 - Payphone (ID: 1952737857) - 标准、无损音质
[2026-02-24 18:44:15] 更新成功：G.E.M.邓紫棋 - 来自天堂的魔鬼 (ID: 36270426) - 标准、无损音质
[2026-02-24 18:44:17] 更新成功：郭静 - 下一个天亮 (ID: 233882) - 标准、无损音质
[2026-02-24 18:44:19] 更新成功：李荣浩 - 不将就 (ID: 31654343) - 标准、无损音质
[2026-02-24 18:44:21] 更新成功：雨爱 (ID: 316100) - 标准、无损音质
[2026-02-24 18:44:23] 更新成功：林宜融 - 同手同脚 (ID: 350482) - 标准、无损音质
[2026-02-24 18:44:25] 更新成功：孙燕姿 - 开始懂了 (ID: 287719) - 标准、无损音质
[2026-02-24 18:44:27] 更新成功：Beyond - 真的爱你 (ID: 346075) - 标准、无损音质
[2026-02-24 18:44:30] 更新成功：KUN - Colder (ID: 3351234875) - 标准、无损音质
[2026-02-24 18:44:32] 更新成功：陶喆 - 流沙 (ID: 150667) - 标准、无损音质
[2026-02-24 18:44:34] 更新成功：李毓芬 - 是我不够好 (ID: 410519050) - 标准、无损音质
[2026-02-24 18:44:36] 更新成功：陈奕迅 - 最佳损友 (ID: 65800) - 标准、无损音质
[2026-02-24 18:44:38] 更新成功：AGA - Wonderful U (Demo Version) (ID: 406475394) - 标准、无损音质
[2026-02-24 18:44:40] 更新成功：陈一豪Clear - 彩铃 (ID: 3339130832) - 标准、无损音质
[2026-02-24 18:44:42] 更新成功：Justin Bieber - Intentions (ID: 1421443440) - 标准、无损音质
[2026-02-24 18:44:44] 更新成功：林俊杰 - 我还想她 (ID: 108493) - 标准、无损音质
[2026-02-24 18:44:47] 更新成功：陈粒 - 走马 (ID: 2749430417) - 标准、无损音质
[2026-02-24 18:44:49] 更新成功：Top Barry - 发迹 (ID: 2099778087) - 标准、无损音质
[2026-02-24 18:44:51] 更新成功：蛋堡 - I Want You (ID: 76834) - 标准、无损音质
[2026-02-24 18:44:53] 更新成功：庾澄庆 - 春泥 (ID: 573968836) - 标准、无损音质
[2026-02-24 18:44:55] 更新成功：Vansdaddy - 身无居所 (ID: 3319817890) - 标准、无损音质
[2026-02-24 18:44:57] 更新成功：建坤YOUNG - 声音 (ID: 2031085185) - 标准、无损音质
[2026-02-24 18:44:59] 更新成功：岑宁儿 - 追光者 (ID: 483671599) - 标准、无损音质
[2026-02-24 18:45:00] 更新完成：成功更新 24 首歌曲
[2026-02-24 18:59:07] 开始更新音乐URL...
[2026-02-24 18:59:07] 备份创建成功：backups/music_data_2026-02-24_18-59-07.json
[2026-02-24 18:59:12] 更新成功：徐佳莹 - 一样的月光 (ID: 306665) - 标准、无损音质
[2026-02-24 18:59:14] 更新成功：Maroon 5 - Payphone (ID: 1952737857) - 标准、无损音质
[2026-02-24 18:59:18] 更新成功：G.E.M.邓紫棋 - 来自天堂的魔鬼 (ID: 36270426) - 标准、无损音质
[2026-02-24 18:59:23] 更新成功：郭静 - 下一个天亮 (ID: 233882) - 标准、无损音质
[2026-02-24 18:59:25] 更新成功：李荣浩 - 不将就 (ID: 31654343) - 标准、无损音质
[2026-02-24 18:59:27] 更新成功：雨爱 (ID: 316100) - 标准、无损音质
[2026-02-24 18:59:32] 更新成功：林宜融 - 同手同脚 (ID: 350482) - 标准、无损音质
[2026-02-24 18:59:35] 更新成功：孙燕姿 - 开始懂了 (ID: 287719) - 标准、无损音质
[2026-02-24 18:59:37] 更新成功：Beyond - 真的爱你 (ID: 346075) - 标准、无损音质
[2026-02-24 18:59:40] 更新成功：KUN - Colder (ID: 3351234875) - 标准、无损音质
[2026-02-24 18:59:44] 更新成功：陶喆 - 流沙 (ID: 150667) - 标准、无损音质
[2026-02-24 18:59:48] 更新成功：李毓芬 - 是我不够好 (ID: 410519050) - 标准、无损音质
[2026-02-24 18:59:52] 更新成功：陈奕迅 - 最佳损友 (ID: 65800) - 标准、无损音质
[2026-02-24 18:59:56] 更新成功：AGA - Wonderful U (Demo Version) (ID: 406475394) - 标准、无损音质
[2026-02-24 18:59:58] 更新成功：陈一豪Clear - 彩铃 (ID: 3339130832) - 标准、无损音质
[2026-02-24 19:00:03] 更新成功：Justin Bieber - Intentions (ID: 1421443440) - 标准、无损音质
[2026-02-24 19:00:06] 更新成功：林俊杰 - 我还想她 (ID: 108493) - 标准、无损音质
[2026-02-24 19:00:10] 更新成功：陈粒 - 走马 (ID: 2749430417) - 标准、无损音质
[2026-02-24 19:00:15] 更新成功：Top Barry - 发迹 (ID: 2099778087) - 标准、无损音质
[2026-02-24 19:00:20] 更新成功：蛋堡 - I Want You (ID: 76834) - 标准、无损音质
[2026-02-24 19:00:23] 更新成功：庾澄庆 - 春泥 (ID: 573968836) - 标准、无损音质
[2026-02-24 19:00:27] 更新成功：Vansdaddy - 身无居所 (ID: 3319817890) - 标准、无损音质
[2026-02-24 19:00:31] 更新成功：建坤YOUNG - 声音 (ID: 2031085185) - 标准、无损音质
[2026-02-24 19:00:35] 更新成功：岑宁儿 - 追光者 (ID: 483671599) - 标准、无损音质
[2026-02-24 19:00:36] 更新完成：成功更新 24 首歌曲
[2026-02-24 19:14:07] 开始更新音乐URL...
[2026-02-24 19:14:07] 备份创建成功：backups/music_data_2026-02-24_19-14-07.json
[2026-02-24 19:14:09] 更新成功：徐佳莹 - 一样的月光 (ID: 306665) - 标准、无损音质
[2026-02-24 19:14:12] 更新成功：Maroon 5 - Payphone (ID: 1952737857) - 标准、无损音质
[2026-02-24 19:14:14] 更新成功：G.E.M.邓紫棋 - 来自天堂的魔鬼 (ID: 36270426) - 标准、无损音质
[2026-02-24 19:14:16] 更新成功：郭静 - 下一个天亮 (ID: 233882) - 标准、无损音质
[2026-02-24 19:14:18] 更新成功：李荣浩 - 不将就 (ID: 31654343) - 标准、无损音质
[2026-02-24 19:14:21] 更新成功：雨爱 (ID: 316100) - 标准、无损音质
[2026-02-24 19:14:23] 更新成功：林宜融 - 同手同脚 (ID: 350482) - 标准、无损音质
[2026-02-24 19:14:25] 更新成功：孙燕姿 - 开始懂了 (ID: 287719) - 标准、无损音质
[2026-02-24 19:14:27] 更新成功：Beyond - 真的爱你 (ID: 346075) - 标准、无损音质
[2026-02-24 19:14:29] 更新成功：KUN - Colder (ID: 3351234875) - 标准、无损音质
[2026-02-24 19:14:31] 更新成功：陶喆 - 流沙 (ID: 150667) - 标准、无损音质
[2026-02-24 19:14:33] 更新成功：李毓芬 - 是我不够好 (ID: 410519050) - 标准、无损音质
[2026-02-24 19:14:35] 更新成功：陈奕迅 - 最佳损友 (ID: 65800) - 标准、无损音质
[2026-02-24 19:14:38] 更新成功：AGA - Wonderful U (Demo Version) (ID: 406475394) - 标准、无损音质
[2026-02-24 19:14:40] 更新成功：陈一豪Clear - 彩铃 (ID: 3339130832) - 标准、无损音质
[2026-02-24 19:14:42] 更新成功：Justin Bieber - Intentions (ID: 1421443440) - 标准、无损音质
[2026-02-24 19:14:44] 更新成功：林俊杰 - 我还想她 (ID: 108493) - 标准、无损音质
[2026-02-24 19:14:46] 更新成功：陈粒 - 走马 (ID: 2749430417) - 标准、无损音质
[2026-02-24 19:14:48] 更新成功：Top Barry - 发迹 (ID: 2099778087) - 标准、无损音质
[2026-02-24 19:14:50] 更新成功：蛋堡 - I Want You (ID: 76834) - 标准、无损音质
[2026-02-24 19:14:52] 更新成功：庾澄庆 - 春泥 (ID: 573968836) - 标准、无损音质
[2026-02-24 19:14:54] 更新成功：Vansdaddy - 身无居所 (ID: 3319817890) - 标准、无损音质
[2026-02-24 19:14:57] 更新成功：建坤YOUNG - 声音 (ID: 2031085185) - 标准、无损音质
[2026-02-24 19:14:59] 更新成功：岑宁儿 - 追光者 (ID: 483671599) - 标准、无损音质
[2026-02-24 19:14:59] 更新完成：成功更新 24 首歌曲
[2026-02-24 19:29:07] 开始更新音乐URL...
[2026-02-24 19:29:07] 备份创建成功：backups/music_data_2026-02-24_19-29-07.json
[2026-02-24 19:29:09] 更新成功：徐佳莹 - 一样的月光 (ID: 306665) - 标准、无损音质
[2026-02-24 19:29:12] 更新成功：Maroon 5 - Payphone (ID: 1952737857) - 标准、无损音质
[2026-02-24 19:29:16] 更新成功：G.E.M.邓紫棋 - 来自天堂的魔鬼 (ID: 36270426) - 标准、无损音质
[2026-02-24 19:29:18] 更新成功：郭静 - 下一个天亮 (ID: 233882) - 标准、无损音质
[2026-02-24 19:29:20] 更新成功：李荣浩 - 不将就 (ID: 31654343) - 标准、无损音质
[2026-02-24 19:29:22] 更新成功：雨爱 (ID: 316100) - 标准、无损音质
[2026-02-24 19:29:24] 更新成功：林宜融 - 同手同脚 (ID: 350482) - 标准、无损音质
[2026-02-24 19:29:26] 更新成功：孙燕姿 - 开始懂了 (ID: 287719) - 标准、无损音质
[2026-02-24 19:29:28] 更新成功：Beyond - 真的爱你 (ID: 346075) - 标准、无损音质
[2026-02-24 19:29:31] 更新成功：KUN - Colder (ID: 3351234875) - 标准、无损音质
[2026-02-24 19:29:33] 更新成功：陶喆 - 流沙 (ID: 150667) - 标准、无损音质
[2026-02-24 19:29:35] 更新成功：李毓芬 - 是我不够好 (ID: 410519050) - 标准、无损音质
[2026-02-24 19:29:37] 更新成功：陈奕迅 - 最佳损友 (ID: 65800) - 标准、无损音质
[2026-02-24 19:29:39] 更新成功：AGA - Wonderful U (Demo Version) (ID: 406475394) - 标准、无损音质
[2026-02-24 19:29:41] 更新成功：陈一豪Clear - 彩铃 (ID: 3339130832) - 标准、无损音质
[2026-02-24 19:29:43] 更新成功：Justin Bieber - Intentions (ID: 1421443440) - 标准、无损音质
[2026-02-24 19:29:45] 更新成功：林俊杰 - 我还想她 (ID: 108493) - 标准、无损音质
[2026-02-24 19:29:47] 更新成功：陈粒 - 走马 (ID: 2749430417) - 标准、无损音质
[2026-02-24 19:29:49] 更新成功：Top Barry - 发迹 (ID: 2099778087) - 标准、无损音质
[2026-02-24 19:29:51] 更新成功：蛋堡 - I Want You (ID: 76834) - 标准、无损音质
[2026-02-24 19:29:54] 更新成功：庾澄庆 - 春泥 (ID: 573968836) - 标准、无损音质
[2026-02-24 19:29:56] 更新成功：Vansdaddy - 身无居所 (ID: 3319817890) - 标准、无损音质
[2026-02-24 19:29:58] 更新成功：建坤YOUNG - 声音 (ID: 2031085185) - 标准、无损音质
[2026-02-24 19:30:00] 更新成功：岑宁儿 - 追光者 (ID: 483671599) - 标准、无损音质
[2026-02-24 19:30:00] 更新完成：成功更新 24 首歌曲
[2026-02-24 19:44:07] 开始更新音乐URL...
[2026-02-24 19:44:07] 备份创建成功：backups/music_data_2026-02-24_19-44-07.json
[2026-02-24 19:44:09] 更新成功：徐佳莹 - 一样的月光 (ID: 306665) - 标准、无损音质
[2026-02-24 19:44:11] 更新成功：Maroon 5 - Payphone (ID: 1952737857) - 标准、无损音质
[2026-02-24 19:44:13] 更新成功：G.E.M.邓紫棋 - 来自天堂的魔鬼 (ID: 36270426) - 标准、无损音质
[2026-02-24 19:44:16] 更新成功：郭静 - 下一个天亮 (ID: 233882) - 标准、无损音质
[2026-02-24 19:44:18] 更新成功：李荣浩 - 不将就 (ID: 31654343) - 标准、无损音质
[2026-02-24 19:44:20] 更新成功：雨爱 (ID: 316100) - 标准、无损音质
[2026-02-24 19:44:22] 更新成功：林宜融 - 同手同脚 (ID: 350482) - 标准、无损音质
[2026-02-24 19:44:24] 更新成功：孙燕姿 - 开始懂了 (ID: 287719) - 标准、无损音质
[2026-02-24 19:44:26] 更新成功：Beyond - 真的爱你 (ID: 346075) - 标准、无损音质
[2026-02-24 19:44:28] 更新成功：KUN - Colder (ID: 3351234875) - 标准、无损音质
[2026-02-24 19:44:30] 更新成功：陶喆 - 流沙 (ID: 150667) - 标准、无损音质
[2026-02-24 19:44:32] 更新成功：李毓芬 - 是我不够好 (ID: 410519050) - 标准、无损音质
[2026-02-24 19:44:34] 更新成功：陈奕迅 - 最佳损友 (ID: 65800) - 标准、无损音质
[2026-02-24 19:44:37] 更新成功：AGA - Wonderful U (Demo Version) (ID: 406475394) - 标准、无损音质
[2026-02-24 19:44:39] 更新成功：陈一豪Clear - 彩铃 (ID: 3339130832) - 标准、无损音质
[2026-02-24 19:44:41] 更新成功：Justin Bieber - Intentions (ID: 1421443440) - 标准、无损音质
[2026-02-24 19:44:44] 更新成功：林俊杰 - 我还想她 (ID: 108493) - 标准、无损音质
[2026-02-24 19:44:47] 更新成功：陈粒 - 走马 (ID: 2749430417) - 标准、无损音质
[2026-02-24 19:44:49] 更新成功：Top Barry - 发迹 (ID: 2099778087) - 标准、无损音质
[2026-02-24 19:44:51] 更新成功：蛋堡 - I Want You (ID: 76834) - 标准、无损音质
[2026-02-24 19:44:53] 更新成功：庾澄庆 - 春泥 (ID: 573968836) - 标准、无损音质
[2026-02-24 19:44:55] 更新成功：Vansdaddy - 身无居所 (ID: 3319817890) - 标准、无损音质
[2026-02-24 19:44:58] 更新成功：建坤YOUNG - 声音 (ID: 2031085185) - 标准、无损音质
[2026-02-24 19:45:00] 更新成功：岑宁儿 - 追光者 (ID: 483671599) - 标准、无损音质
[2026-02-24 19:45:00] 更新完成：成功更新 24 首歌曲
[2026-02-24 19:59:07] 开始更新音乐URL...
[2026-02-24 19:59:07] 备份创建成功：backups/music_data_2026-02-24_19-59-07.json
[2026-02-24 19:59:10] 更新成功：徐佳莹 - 一样的月光 (ID: 306665) - 标准、无损音质
[2026-02-24 19:59:12] 更新成功：Maroon 5 - Payphone (ID: 1952737857) - 标准、无损音质
[2026-02-24 19:59:15] 更新成功：G.E.M.邓紫棋 - 来自天堂的魔鬼 (ID: 36270426) - 标准、无损音质
[2026-02-24 19:59:17] 更新成功：郭静 - 下一个天亮 (ID: 233882) - 标准、无损音质
[2026-02-24 19:59:19] 更新成功：李荣浩 - 不将就 (ID: 31654343) - 标准、无损音质
[2026-02-24 19:59:21] 更新成功：雨爱 (ID: 316100) - 标准、无损音质
[2026-02-24 19:59:23] 更新成功：林宜融 - 同手同脚 (ID: 350482) - 标准、无损音质
[2026-02-24 19:59:26] 更新成功：孙燕姿 - 开始懂了 (ID: 287719) - 标准、无损音质
[2026-02-24 19:59:28] 更新成功：Beyond - 真的爱你 (ID: 346075) - 标准、无损音质
[2026-02-24 19:59:30] 更新成功：KUN - Colder (ID: 3351234875) - 标准、无损音质
[2026-02-24 19:59:32] 更新成功：陶喆 - 流沙 (ID: 150667) - 标准、无损音质
[2026-02-24 19:59:34] 更新成功：李毓芬 - 是我不够好 (ID: 410519050) - 标准、无损音质
[2026-02-24 19:59:36] 更新成功：陈奕迅 - 最佳损友 (ID: 65800) - 标准、无损音质
[2026-02-24 19:59:39] 更新成功：AGA - Wonderful U (Demo Version) (ID: 406475394) - 标准、无损音质
[2026-02-24 19:59:41] 更新成功：陈一豪Clear - 彩铃 (ID: 3339130832) - 标准、无损音质
[2026-02-24 19:59:43] 更新成功：Justin Bieber - Intentions (ID: 1421443440) - 标准、无损音质
[2026-02-24 19:59:45] 更新成功：林俊杰 - 我还想她 (ID: 108493) - 标准、无损音质
[2026-02-24 19:59:47] 更新成功：陈粒 - 走马 (ID: 2749430417) - 标准、无损音质
[2026-02-24 19:59:49] 更新成功：Top Barry - 发迹 (ID: 2099778087) - 标准、无损音质
[2026-02-24 19:59:51] 更新成功：蛋堡 - I Want You (ID: 76834) - 标准、无损音质
[2026-02-24 19:59:53] 更新成功：庾澄庆 - 春泥 (ID: 573968836) - 标准、无损音质
[2026-02-24 19:59:56] 更新成功：Vansdaddy - 身无居所 (ID: 3319817890) - 标准、无损音质
[2026-02-24 19:59:58] 更新成功：建坤YOUNG - 声音 (ID: 2031085185) - 标准、无损音质
[2026-02-24 20:00:00] 更新成功：岑宁儿 - 追光者 (ID: 483671599) - 标准、无损音质
[2026-02-24 20:00:01] 更新完成：成功更新 24 首歌曲
[2026-02-24 20:14:07] 开始更新音乐URL...
[2026-02-24 20:14:07] 备份创建成功：backups/music_data_2026-02-24_20-14-07.json
[2026-02-24 20:14:11] 更新成功：徐佳莹 - 一样的月光 (ID: 306665) - 标准、无损音质
[2026-02-24 20:14:13] 更新成功：Maroon 5 - Payphone (ID: 1952737857) - 标准、无损音质
[2026-02-24 20:14:15] 更新成功：G.E.M.邓紫棋 - 来自天堂的魔鬼 (ID: 36270426) - 标准、无损音质
[2026-02-24 20:14:17] 更新成功：郭静 - 下一个天亮 (ID: 233882) - 标准、无损音质
[2026-02-24 20:14:19] 更新成功：李荣浩 - 不将就 (ID: 31654343) - 标准、无损音质
[2026-02-24 20:14:22] 更新成功：雨爱 (ID: 316100) - 标准、无损音质
[2026-02-24 20:14:24] 更新成功：林宜融 - 同手同脚 (ID: 350482) - 标准、无损音质
[2026-02-24 20:14:26] 更新成功：孙燕姿 - 开始懂了 (ID: 287719) - 标准、无损音质
[2026-02-24 20:14:29] 更新成功：Beyond - 真的爱你 (ID: 346075) - 标准、无损音质
[2026-02-24 20:14:31] 更新成功：KUN - Colder (ID: 3351234875) - 标准、无损音质
[2026-02-24 20:14:33] 更新成功：陶喆 - 流沙 (ID: 150667) - 标准、无损音质
[2026-02-24 20:14:35] 更新成功：李毓芬 - 是我不够好 (ID: 410519050) - 标准、无损音质
[2026-02-24 20:14:37] 更新成功：陈奕迅 - 最佳损友 (ID: 65800) - 标准、无损音质
[2026-02-24 20:14:39] 更新成功：AGA - Wonderful U (Demo Version) (ID: 406475394) - 标准、无损音质
[2026-02-24 20:14:41] 更新成功：陈一豪Clear - 彩铃 (ID: 3339130832) - 标准、无损音质
[2026-02-24 20:14:43] 更新成功：Justin Bieber - Intentions (ID: 1421443440) - 标准、无损音质
[2026-02-24 20:14:46] 更新成功：林俊杰 - 我还想她 (ID: 108493) - 标准、无损音质
[2026-02-24 20:14:48] 更新成功：陈粒 - 走马 (ID: 2749430417) - 标准、无损音质
[2026-02-24 20:14:50] 更新成功：Top Barry - 发迹 (ID: 2099778087) - 标准、无损音质
[2026-02-24 20:14:52] 更新成功：蛋堡 - I Want You (ID: 76834) - 标准、无损音质
[2026-02-24 20:14:54] 更新成功：庾澄庆 - 春泥 (ID: 573968836) - 标准、无损音质
[2026-02-24 20:14:56] 更新成功：Vansdaddy - 身无居所 (ID: 3319817890) - 标准、无损音质
[2026-02-24 20:14:58] 更新成功：建坤YOUNG - 声音 (ID: 2031085185) - 标准、无损音质
[2026-02-24 20:15:00] 更新成功：岑宁儿 - 追光者 (ID: 483671599) - 标准、无损音质
[2026-02-24 20:15:01] 更新完成：成功更新 24 首歌曲
[2026-02-24 20:29:07] 开始更新音乐URL...
[2026-02-24 20:29:07] 备份创建成功：backups/music_data_2026-02-24_20-29-07.json
[2026-02-24 20:29:10] 更新成功：徐佳莹 - 一样的月光 (ID: 306665) - 标准、无损音质
[2026-02-24 20:29:12] 更新成功：Maroon 5 - Payphone (ID: 1952737857) - 标准、无损音质
[2026-02-24 20:29:14] 更新成功：G.E.M.邓紫棋 - 来自天堂的魔鬼 (ID: 36270426) - 标准、无损音质
[2026-02-24 20:29:17] 更新成功：郭静 - 下一个天亮 (ID: 233882) - 标准、无损音质
[2026-02-24 20:29:19] 更新成功：李荣浩 - 不将就 (ID: 31654343) - 标准、无损音质
[2026-02-24 20:29:21] 更新成功：雨爱 (ID: 316100) - 标准、无损音质
[2026-02-24 20:29:23] 更新成功：林宜融 - 同手同脚 (ID: 350482) - 标准、无损音质
[2026-02-24 20:29:25] 更新成功：孙燕姿 - 开始懂了 (ID: 287719) - 标准、无损音质
[2026-02-24 20:29:27] 更新成功：Beyond - 真的爱你 (ID: 346075) - 标准、无损音质
[2026-02-24 20:29:29] 更新成功：KUN - Colder (ID: 3351234875) - 标准、无损音质
[2026-02-24 20:29:32] 更新成功：陶喆 - 流沙 (ID: 150667) - 标准、无损音质
[2026-02-24 20:29:34] 更新成功：李毓芬 - 是我不够好 (ID: 410519050) - 标准、无损音质
[2026-02-24 20:29:36] 更新成功：陈奕迅 - 最佳损友 (ID: 65800) - 标准、无损音质
[2026-02-24 20:29:38] 更新成功：AGA - Wonderful U (Demo Version) (ID: 406475394) - 标准、无损音质
[2026-02-24 20:29:40] 更新成功：陈一豪Clear - 彩铃 (ID: 3339130832) - 标准、无损音质
[2026-02-24 20:29:42] 更新成功：Justin Bieber - Intentions (ID: 1421443440) - 标准、无损音质
[2026-02-24 20:29:44] 更新成功：林俊杰 - 我还想她 (ID: 108493) - 标准、无损音质
[2026-02-24 20:29:51] 更新成功：陈粒 - 走马 (ID: 2749430417) - 标准、无损音质
[2026-02-24 20:29:53] 更新成功：Top Barry - 发迹 (ID: 2099778087) - 标准、无损音质
[2026-02-24 20:29:55] 更新成功：蛋堡 - I Want You (ID: 76834) - 标准、无损音质
[2026-02-24 20:29:57] 更新成功：庾澄庆 - 春泥 (ID: 573968836) - 标准、无损音质
[2026-02-24 20:30:00] 更新成功：Vansdaddy - 身无居所 (ID: 3319817890) - 标准、无损音质
[2026-02-24 20:30:02] 更新成功：建坤YOUNG - 声音 (ID: 2031085185) - 标准、无损音质
[2026-02-24 20:30:04] 更新成功：岑宁儿 - 追光者 (ID: 483671599) - 标准、无损音质
[2026-02-24 20:30:05] 更新完成：成功更新 24 首歌曲
[2026-02-24 20:44:07] 开始更新音乐URL...
[2026-02-24 20:44:07] 备份创建成功：backups/music_data_2026-02-24_20-44-07.json
[2026-02-24 20:44:12] 更新成功：徐佳莹 - 一样的月光 (ID: 306665) - 标准、无损音质
[2026-02-24 20:44:19] 更新成功：Maroon 5 - Payphone (ID: 1952737857) - 标准、无损音质
[2026-02-24 20:44:23] 更新成功：G.E.M.邓紫棋 - 来自天堂的魔鬼 (ID: 36270426) - 标准、无损音质
[2026-02-24 20:44:26] 更新成功：郭静 - 下一个天亮 (ID: 233882) - 标准、无损音质
[2026-02-24 20:44:30] 更新成功：李荣浩 - 不将就 (ID: 31654343) - 标准、无损音质
[2026-02-24 20:44:33] 更新成功：雨爱 (ID: 316100) - 标准、无损音质
[2026-02-24 20:44:37] 更新成功：林宜融 - 同手同脚 (ID: 350482) - 标准、无损音质
[2026-02-24 20:44:41] 更新成功：孙燕姿 - 开始懂了 (ID: 287719) - 标准、无损音质
[2026-02-24 20:44:45] 更新成功：Beyond - 真的爱你 (ID: 346075) - 标准、无损音质
[2026-02-24 20:44:50] 更新成功：KUN - Colder (ID: 3351234875) - 标准、无损音质
[2026-02-24 20:44:54] 更新成功：陶喆 - 流沙 (ID: 150667) - 标准、无损音质
[2026-02-24 20:44:58] 更新成功：李毓芬 - 是我不够好 (ID: 410519050) - 标准、无损音质
[2026-02-24 20:45:00] 更新成功：陈奕迅 - 最佳损友 (ID: 65800) - 标准、无损音质
[2026-02-24 20:45:05] 更新成功：AGA - Wonderful U (Demo Version) (ID: 406475394) - 标准、无损音质
[2026-02-24 20:45:09] 更新成功：陈一豪Clear - 彩铃 (ID: 3339130832) - 标准、无损音质
[2026-02-24 20:45:11] 更新成功：Justin Bieber - Intentions (ID: 1421443440) - 标准、无损音质
[2026-02-24 20:45:14] 更新成功：林俊杰 - 我还想她 (ID: 108493) - 标准、无损音质
[2026-02-24 20:45:16] 更新成功：陈粒 - 走马 (ID: 2749430417) - 标准、无损音质
[2026-02-24 20:45:19] 更新成功：Top Barry - 发迹 (ID: 2099778087) - 标准、无损音质
[2026-02-24 20:45:21] 更新成功：蛋堡 - I Want You (ID: 76834) - 标准、无损音质
[2026-02-24 20:45:28] 更新成功：庾澄庆 - 春泥 (ID: 573968836) - 无损音质
[2026-02-24 20:45:30] 更新成功：Vansdaddy - 身无居所 (ID: 3319817890) - 标准、无损音质
[2026-02-24 20:45:32] 更新成功：建坤YOUNG - 声音 (ID: 2031085185) - 标准、无损音质
[2026-02-24 20:45:35] 更新成功：岑宁儿 - 追光者 (ID: 483671599) - 标准、无损音质
[2026-02-24 20:45:35] 更新完成：成功更新 24 首歌曲
[2026-02-24 20:59:07] 开始更新音乐URL...
[2026-02-24 20:59:07] 备份创建成功：backups/music_data_2026-02-24_20-59-07.json
[2026-02-24 20:59:09] 更新成功：徐佳莹 - 一样的月光 (ID: 306665) - 标准、无损音质
[2026-02-24 20:59:11] 更新成功：Maroon 5 - Payphone (ID: 1952737857) - 标准、无损音质
[2026-02-24 20:59:13] 更新成功：G.E.M.邓紫棋 - 来自天堂的魔鬼 (ID: 36270426) - 标准、无损音质
[2026-02-24 20:59:15] 更新成功：郭静 - 下一个天亮 (ID: 233882) - 标准、无损音质
[2026-02-24 20:59:18] 更新成功：李荣浩 - 不将就 (ID: 31654343) - 标准、无损音质
[2026-02-24 20:59:20] 更新成功：雨爱 (ID: 316100) - 标准、无损音质
[2026-02-24 20:59:22] 更新成功：林宜融 - 同手同脚 (ID: 350482) - 标准、无损音质
[2026-02-24 20:59:25] 更新成功：孙燕姿 - 开始懂了 (ID: 287719) - 标准、无损音质
[2026-02-24 20:59:27] 更新成功：Beyond - 真的爱你 (ID: 346075) - 标准、无损音质
[2026-02-24 20:59:29] 更新成功：KUN - Colder (ID: 3351234875) - 标准、无损音质
[2026-02-24 20:59:31] 更新成功：陶喆 - 流沙 (ID: 150667) - 标准、无损音质
[2026-02-24 20:59:34] 更新成功：李毓芬 - 是我不够好 (ID: 410519050) - 标准、无损音质
[2026-02-24 20:59:36] 更新成功：陈奕迅 - 最佳损友 (ID: 65800) - 标准、无损音质
[2026-02-24 20:59:38] 更新成功：AGA - Wonderful U (Demo Version) (ID: 406475394) - 标准、无损音质
[2026-02-24 20:59:41] 更新成功：陈一豪Clear - 彩铃 (ID: 3339130832) - 标准、无损音质
[2026-02-24 20:59:43] 更新成功：Justin Bieber - Intentions (ID: 1421443440) - 标准、无损音质
[2026-02-24 20:59:46] 更新成功：林俊杰 - 我还想她 (ID: 108493) - 标准、无损音质
[2026-02-24 20:59:49] 更新成功：陈粒 - 走马 (ID: 2749430417) - 标准、无损音质
[2026-02-24 20:59:51] 更新成功：Top Barry - 发迹 (ID: 2099778087) - 标准、无损音质
[2026-02-24 20:59:54] 更新成功：蛋堡 - I Want You (ID: 76834) - 标准、无损音质
[2026-02-24 20:59:57] 更新成功：庾澄庆 - 春泥 (ID: 573968836) - 标准、无损音质
[2026-02-24 21:00:00] 更新成功：Vansdaddy - 身无居所 (ID: 3319817890) - 标准、无损音质
[2026-02-24 21:00:03] 更新成功：建坤YOUNG - 声音 (ID: 2031085185) - 标准、无损音质
[2026-02-24 21:00:05] 更新成功：岑宁儿 - 追光者 (ID: 483671599) - 标准、无损音质
[2026-02-24 21:00:06] 更新完成：成功更新 24 首歌曲
[2026-02-24 21:14:07] 开始更新音乐URL...
[2026-02-24 21:14:07] 备份创建成功：backups/music_data_2026-02-24_21-14-07.json
[2026-02-24 21:14:12] 更新成功：徐佳莹 - 一样的月光 (ID: 306665) - 标准、无损音质
[2026-02-24 21:14:17] 更新成功：Maroon 5 - Payphone (ID: 1952737857) - 标准、无损音质
[2026-02-24 21:14:23] 更新成功：G.E.M.邓紫棋 - 来自天堂的魔鬼 (ID: 36270426) - 标准、无损音质
[2026-02-24 21:14:27] 更新成功：郭静 - 下一个天亮 (ID: 233882) - 标准、无损音质
[2026-02-24 21:14:32] 更新成功：李荣浩 - 不将就 (ID: 31654343) - 标准、无损音质
[2026-02-24 21:14:36] 更新成功：雨爱 (ID: 316100) - 标准、无损音质
[2026-02-24 21:14:45] 更新成功：林宜融 - 同手同脚 (ID: 350482) - 标准、无损音质
[2026-02-24 21:14:52] 更新成功：孙燕姿 - 开始懂了 (ID: 287719) - 标准、无损音质
[2026-02-24 21:14:56] 更新成功：Beyond - 真的爱你 (ID: 346075) - 标准、无损音质
[2026-02-24 21:15:04] 更新成功：KUN - Colder (ID: 3351234875) - 标准音质
[2026-02-24 21:15:11] 更新成功：陶喆 - 流沙 (ID: 150667) - 标准、无损音质
[2026-02-24 21:15:17] 更新成功：李毓芬 - 是我不够好 (ID: 410519050) - 标准、无损音质
[2026-02-24 21:15:21] 更新成功：陈奕迅 - 最佳损友 (ID: 65800) - 标准、无损音质
[2026-02-24 21:15:30] 更新成功：AGA - Wonderful U (Demo Version) (ID: 406475394) - 标准音质
[2026-02-24 21:15:37] 更新成功：陈一豪Clear - 彩铃 (ID: 3339130832) - 标准、无损音质
[2026-02-24 21:15:41] 更新成功：Justin Bieber - Intentions (ID: 1421443440) - 标准、无损音质
[2026-02-24 21:15:47] 更新成功：林俊杰 - 我还想她 (ID: 108493) - 标准、无损音质
[2026-02-24 21:15:51] 更新成功：陈粒 - 走马 (ID: 2749430417) - 标准、无损音质
[2026-02-24 21:15:55] 更新成功：Top Barry - 发迹 (ID: 2099778087) - 标准、无损音质
[2026-02-24 21:16:01] 更新成功：蛋堡 - I Want You (ID: 76834) - 标准、无损音质
[2026-02-24 21:16:04] 更新成功：庾澄庆 - 春泥 (ID: 573968836) - 标准、无损音质
[2026-02-24 21:16:09] 更新成功：Vansdaddy - 身无居所 (ID: 3319817890) - 标准、无损音质
[2026-02-24 21:16:13] 更新成功：建坤YOUNG - 声音 (ID: 2031085185) - 标准、无损音质
[2026-02-24 21:16:17] 更新成功：岑宁儿 - 追光者 (ID: 483671599) - 标准、无损音质
[2026-02-24 21:16:18] 更新完成：成功更新 24 首歌曲
[2026-02-24 21:29:07] 开始更新音乐URL...
[2026-02-24 21:29:07] 备份创建成功：backups/music_data_2026-02-24_21-29-07.json
[2026-02-24 21:29:09] 更新成功：徐佳莹 - 一样的月光 (ID: 306665) - 标准、无损音质
[2026-02-24 21:29:16] 更新成功：Maroon 5 - Payphone (ID: 1952737857) - 标准、无损音质
[2026-02-24 21:29:18] 更新成功：G.E.M.邓紫棋 - 来自天堂的魔鬼 (ID: 36270426) - 标准、无损音质
[2026-02-24 21:29:20] 更新成功：郭静 - 下一个天亮 (ID: 233882) - 标准、无损音质
[2026-02-24 21:29:22] 更新成功：李荣浩 - 不将就 (ID: 31654343) - 标准、无损音质
[2026-02-24 21:29:24] 更新成功：雨爱 (ID: 316100) - 标准、无损音质
[2026-02-24 21:29:27] 更新成功：林宜融 - 同手同脚 (ID: 350482) - 标准、无损音质
[2026-02-24 21:29:30] 更新成功：孙燕姿 - 开始懂了 (ID: 287719) - 标准、无损音质
[2026-02-24 21:29:33] 更新成功：Beyond - 真的爱你 (ID: 346075) - 标准、无损音质
[2026-02-24 21:29:35] 更新成功：KUN - Colder (ID: 3351234875) - 标准、无损音质
[2026-02-24 21:29:37] 更新成功：陶喆 - 流沙 (ID: 150667) - 标准、无损音质
[2026-02-24 21:29:39] 更新成功：李毓芬 - 是我不够好 (ID: 410519050) - 标准、无损音质
[2026-02-24 21:29:47] 更新成功：陈奕迅 - 最佳损友 (ID: 65800) - 无损音质
[2026-02-24 21:29:49] 更新成功：AGA - Wonderful U (Demo Version) (ID: 406475394) - 标准、无损音质
[2026-02-24 21:29:51] 更新成功：陈一豪Clear - 彩铃 (ID: 3339130832) - 标准、无损音质
[2026-02-24 21:29:53] 更新成功：Justin Bieber - Intentions (ID: 1421443440) - 标准、无损音质
[2026-02-24 21:29:56] 更新成功：林俊杰 - 我还想她 (ID: 108493) - 标准、无损音质
[2026-02-24 21:29:58] 更新成功：陈粒 - 走马 (ID: 2749430417) - 标准、无损音质
[2026-02-24 21:30:02] 更新成功：Top Barry - 发迹 (ID: 2099778087) - 标准、无损音质
[2026-02-24 21:30:05] 更新成功：蛋堡 - I Want You (ID: 76834) - 标准、无损音质
[2026-02-24 21:30:07] 更新成功：庾澄庆 - 春泥 (ID: 573968836) - 标准、无损音质
[2026-02-24 21:30:09] 更新成功：Vansdaddy - 身无居所 (ID: 3319817890) - 标准、无损音质
[2026-02-24 21:30:12] 更新成功：建坤YOUNG - 声音 (ID: 2031085185) - 标准、无损音质
[2026-02-24 21:30:14] 更新成功：岑宁儿 - 追光者 (ID: 483671599) - 标准、无损音质
[2026-02-24 21:30:14] 更新完成：成功更新 24 首歌曲
[2026-02-24 21:44:07] 开始更新音乐URL...
[2026-02-24 21:44:07] 备份创建成功：backups/music_data_2026-02-24_21-44-07.json
[2026-02-24 21:44:09] 更新成功：徐佳莹 - 一样的月光 (ID: 306665) - 标准、无损音质
[2026-02-24 21:44:11] 更新成功：Maroon 5 - Payphone (ID: 1952737857) - 标准、无损音质
[2026-02-24 21:44:14] 更新成功：G.E.M.邓紫棋 - 来自天堂的魔鬼 (ID: 36270426) - 标准、无损音质
[2026-02-24 21:44:17] 更新成功：郭静 - 下一个天亮 (ID: 233882) - 标准、无损音质
[2026-02-24 21:44:19] 更新成功：李荣浩 - 不将就 (ID: 31654343) - 标准、无损音质
[2026-02-24 21:44:22] 更新成功：雨爱 (ID: 316100) - 标准、无损音质
[2026-02-24 21:44:24] 更新成功：林宜融 - 同手同脚 (ID: 350482) - 标准、无损音质
[2026-02-24 21:44:27] 更新成功：孙燕姿 - 开始懂了 (ID: 287719) - 标准、无损音质
[2026-02-24 21:44:30] 更新成功：Beyond - 真的爱你 (ID: 346075) - 标准、无损音质
[2026-02-24 21:44:33] 更新成功：KUN - Colder (ID: 3351234875) - 标准、无损音质
[2026-02-24 21:44:35] 更新成功：陶喆 - 流沙 (ID: 150667) - 标准、无损音质
[2026-02-24 21:44:38] 更新成功：李毓芬 - 是我不够好 (ID: 410519050) - 标准、无损音质
[2026-02-24 21:44:43] 更新成功：陈奕迅 - 最佳损友 (ID: 65800) - 标准、无损音质
[2026-02-24 21:44:45] 更新成功：AGA - Wonderful U (Demo Version) (ID: 406475394) - 标准、无损音质
[2026-02-24 21:44:48] 更新成功：陈一豪Clear - 彩铃 (ID: 3339130832) - 标准、无损音质
[2026-02-24 21:44:51] 更新成功：Justin Bieber - Intentions (ID: 1421443440) - 标准、无损音质
[2026-02-24 21:44:54] 更新成功：林俊杰 - 我还想她 (ID: 108493) - 标准、无损音质
[2026-02-24 21:44:56] 更新成功：陈粒 - 走马 (ID: 2749430417) - 标准、无损音质
[2026-02-24 21:44:58] 更新成功：Top Barry - 发迹 (ID: 2099778087) - 标准、无损音质
[2026-02-24 21:45:00] 更新成功：蛋堡 - I Want You (ID: 76834) - 标准、无损音质
[2026-02-24 21:45:03] 更新成功：庾澄庆 - 春泥 (ID: 573968836) - 标准、无损音质
[2026-02-24 21:45:06] 更新成功：Vansdaddy - 身无居所 (ID: 3319817890) - 标准、无损音质
[2026-02-24 21:45:09] 更新成功：建坤YOUNG - 声音 (ID: 2031085185) - 标准、无损音质
[2026-02-24 21:45:11] 更新成功：岑宁儿 - 追光者 (ID: 483671599) - 标准、无损音质
[2026-02-24 21:45:12] 更新完成：成功更新 24 首歌曲
[2026-02-24 21:59:07] 开始更新音乐URL...
[2026-02-24 21:59:07] 备份创建成功：backups/music_data_2026-02-24_21-59-07.json
[2026-02-24 21:59:11] 更新成功：徐佳莹 - 一样的月光 (ID: 306665) - 标准、无损音质
[2026-02-24 21:59:16] 更新成功：Maroon 5 - Payphone (ID: 1952737857) - 标准、无损音质
[2026-02-24 21:59:21] 更新成功：G.E.M.邓紫棋 - 来自天堂的魔鬼 (ID: 36270426) - 标准、无损音质
[2026-02-24 21:59:26] 更新成功：郭静 - 下一个天亮 (ID: 233882) - 标准、无损音质
[2026-02-24 21:59:30] 更新成功：李荣浩 - 不将就 (ID: 31654343) - 标准、无损音质
[2026-02-24 21:59:34] 更新成功：雨爱 (ID: 316100) - 标准、无损音质
[2026-02-24 21:59:37] 更新成功：林宜融 - 同手同脚 (ID: 350482) - 标准、无损音质
[2026-02-24 21:59:41] 更新成功：孙燕姿 - 开始懂了 (ID: 287719) - 标准、无损音质
[2026-02-24 21:59:45] 更新成功：Beyond - 真的爱你 (ID: 346075) - 标准、无损音质
[2026-02-24 21:59:48] 更新成功：KUN - Colder (ID: 3351234875) - 标准、无损音质
[2026-02-24 21:59:51] 更新成功：陶喆 - 流沙 (ID: 150667) - 标准、无损音质
[2026-02-24 21:59:58] 更新成功：李毓芬 - 是我不够好 (ID: 410519050) - 标准、无损音质
[2026-02-24 22:00:03] 更新成功：陈奕迅 - 最佳损友 (ID: 65800) - 标准、无损音质
[2026-02-24 22:00:06] 更新成功：AGA - Wonderful U (Demo Version) (ID: 406475394) - 标准、无损音质
[2026-02-24 22:00:09] 更新成功：陈一豪Clear - 彩铃 (ID: 3339130832) - 标准、无损音质
[2026-02-24 22:00:14] 更新成功：Justin Bieber - Intentions (ID: 1421443440) - 标准、无损音质
[2026-02-24 22:00:17] 更新成功：林俊杰 - 我还想她 (ID: 108493) - 标准、无损音质
[2026-02-24 22:00:22] 更新成功：陈粒 - 走马 (ID: 2749430417) - 标准、无损音质
[2026-02-24 22:00:27] 更新成功：Top Barry - 发迹 (ID: 2099778087) - 标准、无损音质
[2026-02-24 22:00:30] 更新成功：蛋堡 - I Want You (ID: 76834) - 标准、无损音质
[2026-02-24 22:00:34] 更新成功：庾澄庆 - 春泥 (ID: 573968836) - 标准、无损音质
[2026-02-24 22:00:40] 更新成功：Vansdaddy - 身无居所 (ID: 3319817890) - 标准、无损音质
[2026-02-24 22:00:43] 更新成功：建坤YOUNG - 声音 (ID: 2031085185) - 标准、无损音质
[2026-02-24 22:00:51] 更新成功：岑宁儿 - 追光者 (ID: 483671599) - 标准音质
[2026-02-24 22:00:51] 更新完成：成功更新 24 首歌曲
[2026-02-24 22:14:07] 开始更新音乐URL...
[2026-02-24 22:14:07] 备份创建成功：backups/music_data_2026-02-24_22-14-07.json
[2026-02-24 22:14:11] 更新成功：徐佳莹 - 一样的月光 (ID: 306665) - 标准、无损音质
[2026-02-24 22:14:14] 更新成功：Maroon 5 - Payphone (ID: 1952737857) - 标准、无损音质
[2026-02-24 22:14:17] 更新成功：G.E.M.邓紫棋 - 来自天堂的魔鬼 (ID: 36270426) - 标准、无损音质
[2026-02-24 22:14:23] 更新成功：郭静 - 下一个天亮 (ID: 233882) - 标准、无损音质
[2026-02-24 22:14:31] 更新成功：李荣浩 - 不将就 (ID: 31654343) - 标准音质
[2026-02-24 22:14:35] 更新成功：雨爱 (ID: 316100) - 标准、无损音质
[2026-02-24 22:14:38] 更新成功：林宜融 - 同手同脚 (ID: 350482) - 标准、无损音质
[2026-02-24 22:14:41] 更新成功：孙燕姿 - 开始懂了 (ID: 287719) - 标准、无损音质
[2026-02-24 22:14:43] 更新成功：Beyond - 真的爱你 (ID: 346075) - 标准、无损音质
[2026-02-24 22:14:46] 更新成功：KUN - Colder (ID: 3351234875) - 标准、无损音质
[2026-02-24 22:14:48] 更新成功：陶喆 - 流沙 (ID: 150667) - 标准、无损音质
[2026-02-24 22:14:51] 更新成功：李毓芬 - 是我不够好 (ID: 410519050) - 标准、无损音质
[2026-02-24 22:14:53] 更新成功：陈奕迅 - 最佳损友 (ID: 65800) - 标准、无损音质
[2026-02-24 22:14:56] 更新成功：AGA - Wonderful U (Demo Version) (ID: 406475394) - 标准、无损音质
[2026-02-24 22:14:58] 更新成功：陈一豪Clear - 彩铃 (ID: 3339130832) - 标准、无损音质
[2026-02-24 22:15:01] 更新成功：Justin Bieber - Intentions (ID: 1421443440) - 标准、无损音质
[2026-02-24 22:15:03] 更新成功：林俊杰 - 我还想她 (ID: 108493) - 标准、无损音质
[2026-02-24 22:15:06] 更新成功：陈粒 - 走马 (ID: 2749430417) - 标准、无损音质
[2026-02-24 22:15:09] 更新成功：Top Barry - 发迹 (ID: 2099778087) - 标准、无损音质
[2026-02-24 22:15:12] 更新成功：蛋堡 - I Want You (ID: 76834) - 标准、无损音质
[2026-02-24 22:15:14] 更新成功：庾澄庆 - 春泥 (ID: 573968836) - 标准、无损音质
[2026-02-24 22:15:17] 更新成功：Vansdaddy - 身无居所 (ID: 3319817890) - 标准、无损音质
[2026-02-24 22:15:19] 更新成功：建坤YOUNG - 声音 (ID: 2031085185) - 标准、无损音质
[2026-02-24 22:15:22] 更新成功：岑宁儿 - 追光者 (ID: 483671599) - 标准、无损音质
[2026-02-24 22:15:23] 更新完成：成功更新 24 首歌曲
[2026-02-24 22:36:18] 开始更新音乐URL...
[2026-02-24 22:36:18] 备份创建成功：backups/music_data_2026-02-24_22-36-18.json
[2026-02-24 22:36:24] 更新成功：徐佳莹 - 一样的月光 (ID: 306665) - 标准音质
[2026-02-24 22:36:26] 更新成功：Maroon 5 - Payphone (ID: 1952737857) - 标准、无损音质
[2026-02-24 22:36:29] 更新成功：G.E.M.邓紫棋 - 来自天堂的魔鬼 (ID: 36270426) - 标准、无损音质
[2026-02-24 22:36:31] 更新成功：郭静 - 下一个天亮 (ID: 233882) - 标准、无损音质
[2026-02-24 22:36:33] 更新成功：李荣浩 - 不将就 (ID: 31654343) - 标准、无损音质
[2026-02-24 22:36:35] 更新成功：雨爱 (ID: 316100) - 标准、无损音质
[2026-02-24 22:36:39] 更新成功：林宜融 - 同手同脚 (ID: 350482) - 标准、无损音质
[2026-02-24 22:36:43] 更新成功：孙燕姿 - 开始懂了 (ID: 287719) - 标准、无损音质
[2026-02-24 22:36:45] 更新成功：Beyond - 真的爱你 (ID: 346075) - 标准、无损音质
[2026-02-24 22:36:47] 更新成功：KUN - Colder (ID: 3351234875) - 标准、无损音质
[2026-02-24 22:36:49] 更新成功：陶喆 - 流沙 (ID: 150667) - 标准、无损音质
[2026-02-24 22:36:52] 更新成功：李毓芬 - 是我不够好 (ID: 410519050) - 标准、无损音质
[2026-02-24 22:36:59] 更新成功：陈奕迅 - 最佳损友 (ID: 65800) - 标准音质
[2026-02-24 22:37:01] 更新成功：AGA - Wonderful U (Demo Version) (ID: 406475394) - 标准、无损音质
[2026-02-24 22:37:04] 更新成功：陈一豪Clear - 彩铃 (ID: 3339130832) - 标准、无损音质
[2026-02-24 22:37:06] 更新成功：Justin Bieber - Intentions (ID: 1421443440) - 标准、无损音质
[2026-02-24 22:37:09] 更新成功：林俊杰 - 我还想她 (ID: 108493) - 标准、无损音质
[2026-02-24 22:37:13] 更新成功：陈粒 - 走马 (ID: 2749430417) - 标准、无损音质
[2026-02-24 22:37:17] 更新成功：Top Barry - 发迹 (ID: 2099778087) - 标准、无损音质
[2026-02-24 22:37:22] 更新成功：蛋堡 - I Want You (ID: 76834) - 标准、无损音质
[2026-02-24 22:37:27] 更新成功：庾澄庆 - 春泥 (ID: 573968836) - 标准、无损音质
[2026-02-24 22:37:29] 更新成功：Vansdaddy - 身无居所 (ID: 3319817890) - 标准、无损音质
[2026-02-24 22:37:31] 更新成功：建坤YOUNG - 声音 (ID: 2031085185) - 标准、无损音质
[2026-02-24 22:37:34] 更新成功：岑宁儿 - 追光者 (ID: 483671599) - 标准、无损音质
[2026-02-24 22:37:34] 更新完成：成功更新 24 首歌曲
[2026-02-24 22:51:18] 开始更新音乐URL...
[2026-02-24 22:51:18] 备份创建成功：backups/music_data_2026-02-24_22-51-18.json
[2026-02-24 22:51:20] 更新成功：徐佳莹 - 一样的月光 (ID: 306665) - 标准、无损音质
[2026-02-24 22:51:22] 更新成功：Maroon 5 - Payphone (ID: 1952737857) - 标准、无损音质
[2026-02-24 22:51:24] 更新成功：G.E.M.邓紫棋 - 来自天堂的魔鬼 (ID: 36270426) - 标准、无损音质
[2026-02-24 22:51:27] 更新成功：郭静 - 下一个天亮 (ID: 233882) - 标准、无损音质
[2026-02-24 22:51:34] 更新成功：李荣浩 - 不将就 (ID: 31654343) - 无损音质
[2026-02-24 22:51:36] 更新成功：雨爱 (ID: 316100) - 标准、无损音质
[2026-02-24 22:51:39] 更新成功：林宜融 - 同手同脚 (ID: 350482) - 标准、无损音质
[2026-02-24 22:51:41] 更新成功：孙燕姿 - 开始懂了 (ID: 287719) - 标准、无损音质
[2026-02-24 22:51:43] 更新成功：Beyond - 真的爱你 (ID: 346075) - 标准、无损音质
[2026-02-24 22:51:46] 更新成功：KUN - Colder (ID: 3351234875) - 标准、无损音质
[2026-02-24 22:51:48] 更新成功：陶喆 - 流沙 (ID: 150667) - 标准、无损音质
[2026-02-24 22:51:51] 更新成功：李毓芬 - 是我不够好 (ID: 410519050) - 标准、无损音质
[2026-02-24 22:51:53] 更新成功：陈奕迅 - 最佳损友 (ID: 65800) - 标准、无损音质
[2026-02-24 22:51:56] 更新成功：AGA - Wonderful U (Demo Version) (ID: 406475394) - 标准、无损音质
[2026-02-24 22:51:58] 更新成功：陈一豪Clear - 彩铃 (ID: 3339130832) - 标准、无损音质
[2026-02-24 22:52:01] 更新成功：Justin Bieber - Intentions (ID: 1421443440) - 标准、无损音质
[2026-02-24 22:52:04] 更新成功：林俊杰 - 我还想她 (ID: 108493) - 标准、无损音质
[2026-02-24 22:52:06] 更新成功：陈粒 - 走马 (ID: 2749430417) - 标准、无损音质
[2026-02-24 22:52:09] 更新成功：Top Barry - 发迹 (ID: 2099778087) - 标准、无损音质
[2026-02-24 22:52:12] 更新成功：蛋堡 - I Want You (ID: 76834) - 标准、无损音质
[2026-02-24 22:52:14] 更新成功：庾澄庆 - 春泥 (ID: 573968836) - 标准、无损音质
[2026-02-24 22:52:16] 更新成功：Vansdaddy - 身无居所 (ID: 3319817890) - 标准、无损音质
[2026-02-24 22:52:19] 更新成功：建坤YOUNG - 声音 (ID: 2031085185) - 标准、无损音质
[2026-02-24 22:52:21] 更新成功：岑宁儿 - 追光者 (ID: 483671599) - 标准、无损音质
[2026-02-24 22:52:21] 更新完成：成功更新 24 首歌曲
[2026-02-24 23:06:18] 开始更新音乐URL...
[2026-02-24 23:06:18] 备份创建成功：backups/music_data_2026-02-24_23-06-18.json
[2026-02-24 23:06:21] 更新成功：徐佳莹 - 一样的月光 (ID: 306665) - 标准、无损音质
[2026-02-24 23:06:25] 更新成功：Maroon 5 - Payphone (ID: 1952737857) - 标准、无损音质
[2026-02-24 23:06:27] 更新成功：G.E.M.邓紫棋 - 来自天堂的魔鬼 (ID: 36270426) - 标准、无损音质
[2026-02-24 23:06:30] 更新成功：郭静 - 下一个天亮 (ID: 233882) - 标准、无损音质
[2026-02-24 23:06:32] 更新成功：李荣浩 - 不将就 (ID: 31654343) - 标准、无损音质
[2026-02-24 23:06:35] 更新成功：雨爱 (ID: 316100) - 标准、无损音质
[2026-02-24 23:06:37] 更新成功：林宜融 - 同手同脚 (ID: 350482) - 标准、无损音质
[2026-02-24 23:06:39] 更新成功：孙燕姿 - 开始懂了 (ID: 287719) - 标准、无损音质
[2026-02-24 23:06:42] 更新成功：Beyond - 真的爱你 (ID: 346075) - 标准、无损音质
[2026-02-24 23:06:44] 更新成功：KUN - Colder (ID: 3351234875) - 标准、无损音质
[2026-02-24 23:06:46] 更新成功：陶喆 - 流沙 (ID: 150667) - 标准、无损音质
[2026-02-24 23:06:49] 更新成功：李毓芬 - 是我不够好 (ID: 410519050) - 标准、无损音质
[2026-02-24 23:06:51] 更新成功：陈奕迅 - 最佳损友 (ID: 65800) - 标准、无损音质
[2026-02-24 23:06:54] 更新成功：AGA - Wonderful U (Demo Version) (ID: 406475394) - 标准、无损音质
[2026-02-24 23:06:57] 更新成功：陈一豪Clear - 彩铃 (ID: 3339130832) - 标准、无损音质
[2026-02-24 23:06:59] 更新成功：Justin Bieber - Intentions (ID: 1421443440) - 标准、无损音质
[2026-02-24 23:07:02] 更新成功：林俊杰 - 我还想她 (ID: 108493) - 标准、无损音质
[2026-02-24 23:07:04] 更新成功：陈粒 - 走马 (ID: 2749430417) - 标准、无损音质
[2026-02-24 23:07:07] 更新成功：Top Barry - 发迹 (ID: 2099778087) - 标准、无损音质
[2026-02-24 23:07:09] 更新成功：蛋堡 - I Want You (ID: 76834) - 标准、无损音质
[2026-02-24 23:07:11] 更新成功：庾澄庆 - 春泥 (ID: 573968836) - 标准、无损音质
[2026-02-24 23:07:14] 更新成功：Vansdaddy - 身无居所 (ID: 3319817890) - 标准、无损音质
[2026-02-24 23:07:16] 更新成功：建坤YOUNG - 声音 (ID: 2031085185) - 标准、无损音质
[2026-02-24 23:07:19] 更新成功：岑宁儿 - 追光者 (ID: 483671599) - 标准、无损音质
[2026-02-24 23:07:19] 更新完成：成功更新 24 首歌曲
[2026-02-24 23:21:18] 开始更新音乐URL...
[2026-02-24 23:21:18] 备份创建成功：backups/music_data_2026-02-24_23-21-18.json
[2026-02-24 23:21:21] 更新成功：徐佳莹 - 一样的月光 (ID: 306665) - 标准、无损音质
[2026-02-24 23:21:23] 更新成功：Maroon 5 - Payphone (ID: 1952737857) - 标准、无损音质
[2026-02-24 23:21:25] 更新成功：G.E.M.邓紫棋 - 来自天堂的魔鬼 (ID: 36270426) - 标准、无损音质
[2026-02-24 23:21:28] 更新成功：郭静 - 下一个天亮 (ID: 233882) - 标准、无损音质
[2026-02-24 23:21:30] 更新成功：李荣浩 - 不将就 (ID: 31654343) - 标准、无损音质
[2026-02-24 23:21:32] 更新成功：雨爱 (ID: 316100) - 标准、无损音质
[2026-02-24 23:21:36] 更新成功：林宜融 - 同手同脚 (ID: 350482) - 标准、无损音质
[2026-02-24 23:21:39] 更新成功：孙燕姿 - 开始懂了 (ID: 287719) - 标准、无损音质
[2026-02-24 23:21:41] 更新成功：Beyond - 真的爱你 (ID: 346075) - 标准、无损音质
[2026-02-24 23:21:43] 更新成功：KUN - Colder (ID: 3351234875) - 标准、无损音质
[2026-02-24 23:21:45] 更新成功：陶喆 - 流沙 (ID: 150667) - 标准、无损音质
[2026-02-24 23:21:47] 更新成功：李毓芬 - 是我不够好 (ID: 410519050) - 标准、无损音质
[2026-02-24 23:21:50] 更新成功：陈奕迅 - 最佳损友 (ID: 65800) - 标准、无损音质
[2026-02-24 23:21:52] 更新成功：AGA - Wonderful U (Demo Version) (ID: 406475394) - 标准、无损音质
[2026-02-24 23:21:54] 更新成功：陈一豪Clear - 彩铃 (ID: 3339130832) - 标准、无损音质
[2026-02-24 23:21:57] 更新成功：Justin Bieber - Intentions (ID: 1421443440) - 标准、无损音质
[2026-02-24 23:21:59] 更新成功：林俊杰 - 我还想她 (ID: 108493) - 标准、无损音质
[2026-02-24 23:22:01] 更新成功：陈粒 - 走马 (ID: 2749430417) - 标准、无损音质
[2026-02-24 23:22:04] 更新成功：Top Barry - 发迹 (ID: 2099778087) - 标准、无损音质
[2026-02-24 23:22:06] 更新成功：蛋堡 - I Want You (ID: 76834) - 标准、无损音质
[2026-02-24 23:22:08] 更新成功：庾澄庆 - 春泥 (ID: 573968836) - 标准、无损音质
[2026-02-24 23:22:10] 更新成功：Vansdaddy - 身无居所 (ID: 3319817890) - 标准、无损音质
[2026-02-24 23:22:12] 更新成功：建坤YOUNG - 声音 (ID: 2031085185) - 标准、无损音质
[2026-02-24 23:22:14] 更新成功：岑宁儿 - 追光者 (ID: 483671599) - 标准、无损音质
[2026-02-24 23:22:15] 更新完成：成功更新 24 首歌曲
[2026-02-24 23:36:18] 开始更新音乐URL...
[2026-02-24 23:36:18] 备份创建成功：backups/music_data_2026-02-24_23-36-18.json
[2026-02-24 23:36:27] 更新成功：徐佳莹 - 一样的月光 (ID: 306665) - 标准音质
[2026-02-24 23:36:29] 更新成功：Maroon 5 - Payphone (ID: 1952737857) - 标准、无损音质
[2026-02-24 23:36:32] 更新成功：G.E.M.邓紫棋 - 来自天堂的魔鬼 (ID: 36270426) - 标准、无损音质
[2026-02-24 23:36:35] 更新成功：郭静 - 下一个天亮 (ID: 233882) - 标准、无损音质
[2026-02-24 23:36:37] 更新成功：李荣浩 - 不将就 (ID: 31654343) - 标准、无损音质
[2026-02-24 23:36:39] 更新成功：雨爱 (ID: 316100) - 标准、无损音质
[2026-02-24 23:36:42] 更新成功：林宜融 - 同手同脚 (ID: 350482) - 标准、无损音质
[2026-02-24 23:36:44] 更新成功：孙燕姿 - 开始懂了 (ID: 287719) - 标准、无损音质
[2026-02-24 23:36:46] 更新成功：Beyond - 真的爱你 (ID: 346075) - 标准、无损音质
[2026-02-24 23:36:48] 更新成功：KUN - Colder (ID: 3351234875) - 标准、无损音质
[2026-02-24 23:36:50] 更新成功：陶喆 - 流沙 (ID: 150667) - 标准、无损音质
[2026-02-24 23:36:52] 更新成功：李毓芬 - 是我不够好 (ID: 410519050) - 标准、无损音质
[2026-02-24 23:36:54] 更新成功：陈奕迅 - 最佳损友 (ID: 65800) - 标准、无损音质
[2026-02-24 23:36:57] 更新成功：AGA - Wonderful U (Demo Version) (ID: 406475394) - 标准、无损音质
[2026-02-24 23:36:59] 更新成功：陈一豪Clear - 彩铃 (ID: 3339130832) - 标准、无损音质
[2026-02-24 23:37:01] 更新成功：Justin Bieber - Intentions (ID: 1421443440) - 标准、无损音质
[2026-02-24 23:37:03] 更新成功：林俊杰 - 我还想她 (ID: 108493) - 标准、无损音质
[2026-02-24 23:37:05] 更新成功：陈粒 - 走马 (ID: 2749430417) - 标准、无损音质
[2026-02-24 23:37:07] 更新成功：Top Barry - 发迹 (ID: 2099778087) - 标准、无损音质
[2026-02-24 23:37:09] 更新成功：蛋堡 - I Want You (ID: 76834) - 标准、无损音质
[2026-02-24 23:37:11] 更新成功：庾澄庆 - 春泥 (ID: 573968836) - 标准、无损音质
[2026-02-24 23:37:13] 更新成功：Vansdaddy - 身无居所 (ID: 3319817890) - 标准、无损音质
[2026-02-24 23:37:16] 更新成功：建坤YOUNG - 声音 (ID: 2031085185) - 标准、无损音质
[2026-02-24 23:37:18] 更新成功：岑宁儿 - 追光者 (ID: 483671599) - 标准、无损音质
[2026-02-24 23:37:18] 更新完成：成功更新 24 首歌曲
[2026-02-24 23:51:18] 开始更新音乐URL...
[2026-02-24 23:51:18] 备份创建成功：backups/music_data_2026-02-24_23-51-18.json
[2026-02-24 23:51:24] 更新成功：徐佳莹 - 一样的月光 (ID: 306665) - 标准、无损音质
[2026-02-24 23:51:27] 更新成功：Maroon 5 - Payphone (ID: 1952737857) - 标准、无损音质
[2026-02-24 23:51:29] 更新成功：G.E.M.邓紫棋 - 来自天堂的魔鬼 (ID: 36270426) - 标准、无损音质
[2026-02-24 23:51:35] 更新成功：郭静 - 下一个天亮 (ID: 233882) - 标准、无损音质
[2026-02-24 23:51:38] 更新成功：李荣浩 - 不将就 (ID: 31654343) - 标准、无损音质
[2026-02-24 23:51:40] 更新成功：雨爱 (ID: 316100) - 标准、无损音质
[2026-02-24 23:51:42] 更新成功：林宜融 - 同手同脚 (ID: 350482) - 标准、无损音质
[2026-02-24 23:51:44] 更新成功：孙燕姿 - 开始懂了 (ID: 287719) - 标准、无损音质
[2026-02-24 23:51:46] 更新成功：Beyond - 真的爱你 (ID: 346075) - 标准、无损音质
[2026-02-24 23:51:50] 更新成功：KUN - Colder (ID: 3351234875) - 标准、无损音质
[2026-02-24 23:51:53] 更新成功：陶喆 - 流沙 (ID: 150667) - 标准、无损音质
[2026-02-24 23:51:57] 更新成功：李毓芬 - 是我不够好 (ID: 410519050) - 标准、无损音质
[2026-02-24 23:51:59] 更新成功：陈奕迅 - 最佳损友 (ID: 65800) - 标准、无损音质
[2026-02-24 23:52:01] 更新成功：AGA - Wonderful U (Demo Version) (ID: 406475394) - 标准、无损音质
[2026-02-24 23:52:04] 更新成功：陈一豪Clear - 彩铃 (ID: 3339130832) - 标准、无损音质
[2026-02-24 23:52:06] 更新成功：Justin Bieber - Intentions (ID: 1421443440) - 标准、无损音质
[2026-02-24 23:52:08] 更新成功：林俊杰 - 我还想她 (ID: 108493) - 标准、无损音质
[2026-02-24 23:52:10] 更新成功：陈粒 - 走马 (ID: 2749430417) - 标准、无损音质
[2026-02-24 23:52:13] 更新成功：Top Barry - 发迹 (ID: 2099778087) - 标准、无损音质
[2026-02-24 23:52:15] 更新成功：蛋堡 - I Want You (ID: 76834) - 标准、无损音质
[2026-02-24 23:52:17] 更新成功：庾澄庆 - 春泥 (ID: 573968836) - 标准、无损音质
[2026-02-24 23:52:20] 更新成功：Vansdaddy - 身无居所 (ID: 3319817890) - 标准、无损音质
[2026-02-24 23:52:22] 更新成功：建坤YOUNG - 声音 (ID: 2031085185) - 标准、无损音质
[2026-02-24 23:52:24] 更新成功：岑宁儿 - 追光者 (ID: 483671599) - 标准、无损音质
[2026-02-24 23:52:24] 更新完成：成功更新 24 首歌曲
[2026-02-25 00:06:18] 开始更新音乐URL...
[2026-02-25 00:06:18] 备份创建成功：backups/music_data_2026-02-25_00-06-18.json
[2026-02-25 00:06:20] 更新成功：徐佳莹 - 一样的月光 (ID: 306665) - 标准、无损音质
[2026-02-25 00:06:22] 更新成功：Maroon 5 - Payphone (ID: 1952737857) - 标准、无损音质
[2026-02-25 00:06:24] 更新成功：G.E.M.邓紫棋 - 来自天堂的魔鬼 (ID: 36270426) - 标准、无损音质
[2026-02-25 00:06:27] 更新成功：郭静 - 下一个天亮 (ID: 233882) - 标准、无损音质
[2026-02-25 00:06:29] 更新成功：李荣浩 - 不将就 (ID: 31654343) - 标准、无损音质
[2026-02-25 00:06:31] 更新成功：雨爱 (ID: 316100) - 标准、无损音质
[2026-02-25 00:06:33] 更新成功：林宜融 - 同手同脚 (ID: 350482) - 标准、无损音质
[2026-02-25 00:06:36] 更新成功：孙燕姿 - 开始懂了 (ID: 287719) - 标准、无损音质
[2026-02-25 00:06:39] 更新成功：Beyond - 真的爱你 (ID: 346075) - 标准、无损音质
[2026-02-25 00:06:41] 更新成功：KUN - Colder (ID: 3351234875) - 标准、无损音质
[2026-02-25 00:06:43] 更新成功：陶喆 - 流沙 (ID: 150667) - 标准、无损音质
[2026-02-25 00:06:45] 更新成功：李毓芬 - 是我不够好 (ID: 410519050) - 标准、无损音质
[2026-02-25 00:06:47] 更新成功：陈奕迅 - 最佳损友 (ID: 65800) - 标准、无损音质
[2026-02-25 00:06:49] 更新成功：AGA - Wonderful U (Demo Version) (ID: 406475394) - 标准、无损音质
[2026-02-25 00:06:53] 更新成功：陈一豪Clear - 彩铃 (ID: 3339130832) - 标准、无损音质
[2026-02-25 00:06:55] 更新成功：Justin Bieber - Intentions (ID: 1421443440) - 标准、无损音质
[2026-02-25 00:06:58] 更新成功：林俊杰 - 我还想她 (ID: 108493) - 标准、无损音质
[2026-02-25 00:07:00] 更新成功：陈粒 - 走马 (ID: 2749430417) - 标准、无损音质
[2026-02-25 00:07:03] 更新成功：Top Barry - 发迹 (ID: 2099778087) - 标准、无损音质
[2026-02-25 00:07:05] 更新成功：蛋堡 - I Want You (ID: 76834) - 标准、无损音质
[2026-02-25 00:07:08] 更新成功：庾澄庆 - 春泥 (ID: 573968836) - 标准、无损音质
[2026-02-25 00:07:11] 更新成功：Vansdaddy - 身无居所 (ID: 3319817890) - 标准、无损音质
[2026-02-25 00:07:13] 更新成功：建坤YOUNG - 声音 (ID: 2031085185) - 标准、无损音质
[2026-02-25 00:07:16] 更新成功：岑宁儿 - 追光者 (ID: 483671599) - 标准、无损音质
[2026-02-25 00:07:17] 更新完成：成功更新 24 首歌曲
[2026-02-25 00:21:18] 开始更新音乐URL...
[2026-02-25 00:21:18] 备份创建成功：backups/music_data_2026-02-25_00-21-18.json
[2026-02-25 00:21:21] 更新成功：徐佳莹 - 一样的月光 (ID: 306665) - 标准、无损音质
[2026-02-25 00:21:23] 更新成功：Maroon 5 - Payphone (ID: 1952737857) - 标准、无损音质
[2026-02-25 00:21:25] 更新成功：G.E.M.邓紫棋 - 来自天堂的魔鬼 (ID: 36270426) - 标准、无损音质
[2026-02-25 00:21:27] 更新成功：郭静 - 下一个天亮 (ID: 233882) - 标准、无损音质
[2026-02-25 00:21:30] 更新成功：李荣浩 - 不将就 (ID: 31654343) - 标准、无损音质
[2026-02-25 00:21:32] 更新成功：雨爱 (ID: 316100) - 标准、无损音质
[2026-02-25 00:21:35] 更新成功：林宜融 - 同手同脚 (ID: 350482) - 标准、无损音质
[2026-02-25 00:21:38] 更新成功：孙燕姿 - 开始懂了 (ID: 287719) - 标准、无损音质
[2026-02-25 00:21:40] 更新成功：Beyond - 真的爱你 (ID: 346075) - 标准、无损音质
[2026-02-25 00:21:44] 更新成功：KUN - Colder (ID: 3351234875) - 标准、无损音质
[2026-02-25 00:21:46] 更新成功：陶喆 - 流沙 (ID: 150667) - 标准、无损音质
[2026-02-25 00:21:48] 更新成功：李毓芬 - 是我不够好 (ID: 410519050) - 标准、无损音质
[2026-02-25 00:21:50] 更新成功：陈奕迅 - 最佳损友 (ID: 65800) - 标准、无损音质
[2026-02-25 00:21:52] 更新成功：AGA - Wonderful U (Demo Version) (ID: 406475394) - 标准、无损音质
[2026-02-25 00:21:54] 更新成功：陈一豪Clear - 彩铃 (ID: 3339130832) - 标准、无损音质
[2026-02-25 00:21:56] 更新成功：Justin Bieber - Intentions (ID: 1421443440) - 标准、无损音质
[2026-02-25 00:21:58] 更新成功：林俊杰 - 我还想她 (ID: 108493) - 标准、无损音质
[2026-02-25 00:22:01] 更新成功：陈粒 - 走马 (ID: 2749430417) - 标准、无损音质
[2026-02-25 00:22:03] 更新成功：Top Barry - 发迹 (ID: 2099778087) - 标准、无损音质
[2026-02-25 00:22:05] 更新成功：蛋堡 - I Want You (ID: 76834) - 标准、无损音质
[2026-02-25 00:22:07] 更新成功：庾澄庆 - 春泥 (ID: 573968836) - 标准、无损音质
[2026-02-25 00:22:09] 更新成功：Vansdaddy - 身无居所 (ID: 3319817890) - 标准、无损音质
[2026-02-25 00:22:11] 更新成功：建坤YOUNG - 声音 (ID: 2031085185) - 标准、无损音质
[2026-02-25 00:22:13] 更新成功：岑宁儿 - 追光者 (ID: 483671599) - 标准、无损音质
[2026-02-25 00:22:14] 更新完成：成功更新 24 首歌曲
[2026-02-25 00:36:18] 开始更新音乐URL...
[2026-02-25 00:36:18] 备份创建成功：backups/music_data_2026-02-25_00-36-18.json
[2026-02-25 00:36:20] 更新成功：徐佳莹 - 一样的月光 (ID: 306665) - 标准、无损音质
[2026-02-25 00:36:22] 更新成功：Maroon 5 - Payphone (ID: 1952737857) - 标准、无损音质
[2026-02-25 00:36:25] 更新成功：G.E.M.邓紫棋 - 来自天堂的魔鬼 (ID: 36270426) - 标准、无损音质
[2026-02-25 00:36:28] 更新成功：郭静 - 下一个天亮 (ID: 233882) - 标准、无损音质
[2026-02-25 00:36:30] 更新成功：李荣浩 - 不将就 (ID: 31654343) - 标准、无损音质
[2026-02-25 00:36:32] 更新成功：雨爱 (ID: 316100) - 标准、无损音质
[2026-02-25 00:36:34] 更新成功：林宜融 - 同手同脚 (ID: 350482) - 标准、无损音质
[2026-02-25 00:36:36] 更新成功：孙燕姿 - 开始懂了 (ID: 287719) - 标准、无损音质
[2026-02-25 00:36:38] 更新成功：Beyond - 真的爱你 (ID: 346075) - 标准、无损音质
[2026-02-25 00:36:40] 更新成功：KUN - Colder (ID: 3351234875) - 标准、无损音质
[2026-02-25 00:36:42] 更新成功：陶喆 - 流沙 (ID: 150667) - 标准、无损音质
[2026-02-25 00:36:45] 更新成功：李毓芬 - 是我不够好 (ID: 410519050) - 标准、无损音质
[2026-02-25 00:36:47] 更新成功：陈奕迅 - 最佳损友 (ID: 65800) - 标准、无损音质
[2026-02-25 00:36:49] 更新成功：AGA - Wonderful U (Demo Version) (ID: 406475394) - 标准、无损音质
[2026-02-25 00:36:51] 更新成功：陈一豪Clear - 彩铃 (ID: 3339130832) - 标准、无损音质
[2026-02-25 00:36:53] 更新成功：Justin Bieber - Intentions (ID: 1421443440) - 标准、无损音质
[2026-02-25 00:36:55] 更新成功：林俊杰 - 我还想她 (ID: 108493) - 标准、无损音质
[2026-02-25 00:36:57] 更新成功：陈粒 - 走马 (ID: 2749430417) - 标准、无损音质
[2026-02-25 00:36:59] 更新成功：Top Barry - 发迹 (ID: 2099778087) - 标准、无损音质
[2026-02-25 00:37:02] 更新成功：蛋堡 - I Want You (ID: 76834) - 标准、无损音质
[2026-02-25 00:37:04] 更新成功：庾澄庆 - 春泥 (ID: 573968836) - 标准、无损音质
[2026-02-25 00:37:06] 更新成功：Vansdaddy - 身无居所 (ID: 3319817890) - 标准、无损音质
[2026-02-25 00:37:08] 更新成功：建坤YOUNG - 声音 (ID: 2031085185) - 标准、无损音质
[2026-02-25 00:37:10] 更新成功：岑宁儿 - 追光者 (ID: 483671599) - 标准、无损音质
[2026-02-25 00:37:11] 更新完成：成功更新 24 首歌曲
[2026-02-25 00:51:18] 开始更新音乐URL...
[2026-02-25 00:51:18] 备份创建成功：backups/music_data_2026-02-25_00-51-18.json
[2026-02-25 00:51:20] 更新成功：徐佳莹 - 一样的月光 (ID: 306665) - 标准、无损音质
[2026-02-25 00:51:22] 更新成功：Maroon 5 - Payphone (ID: 1952737857) - 标准、无损音质
[2026-02-25 00:51:24] 更新成功：G.E.M.邓紫棋 - 来自天堂的魔鬼 (ID: 36270426) - 标准、无损音质
[2026-02-25 00:51:27] 更新成功：郭静 - 下一个天亮 (ID: 233882) - 标准、无损音质
[2026-02-25 00:51:29] 更新成功：李荣浩 - 不将就 (ID: 31654343) - 标准、无损音质
[2026-02-25 00:51:31] 更新成功：雨爱 (ID: 316100) - 标准、无损音质
[2026-02-25 00:51:34] 更新成功：林宜融 - 同手同脚 (ID: 350482) - 标准、无损音质
[2026-02-25 00:51:36] 更新成功：孙燕姿 - 开始懂了 (ID: 287719) - 标准、无损音质
[2026-02-25 00:51:38] 更新成功：Beyond - 真的爱你 (ID: 346075) - 标准、无损音质
[2026-02-25 00:51:40] 更新成功：KUN - Colder (ID: 3351234875) - 标准、无损音质
[2026-02-25 00:51:42] 更新成功：陶喆 - 流沙 (ID: 150667) - 标准、无损音质
[2026-02-25 00:51:44] 更新成功：李毓芬 - 是我不够好 (ID: 410519050) - 标准、无损音质
[2026-02-25 00:51:46] 更新成功：陈奕迅 - 最佳损友 (ID: 65800) - 标准、无损音质
[2026-02-25 00:51:48] 更新成功：AGA - Wonderful U (Demo Version) (ID: 406475394) - 标准、无损音质
[2026-02-25 00:51:50] 更新成功：陈一豪Clear - 彩铃 (ID: 3339130832) - 标准、无损音质
[2026-02-25 00:51:53] 更新成功：Justin Bieber - Intentions (ID: 1421443440) - 标准、无损音质
[2026-02-25 00:51:55] 更新成功：林俊杰 - 我还想她 (ID: 108493) - 标准、无损音质
[2026-02-25 00:51:57] 更新成功：陈粒 - 走马 (ID: 2749430417) - 标准、无损音质
[2026-02-25 00:51:59] 更新成功：Top Barry - 发迹 (ID: 2099778087) - 标准、无损音质
[2026-02-25 00:52:01] 更新成功：蛋堡 - I Want You (ID: 76834) - 标准、无损音质
[2026-02-25 00:52:03] 更新成功：庾澄庆 - 春泥 (ID: 573968836) - 标准、无损音质
[2026-02-25 00:52:05] 更新成功：Vansdaddy - 身无居所 (ID: 3319817890) - 标准、无损音质
[2026-02-25 00:52:07] 更新成功：建坤YOUNG - 声音 (ID: 2031085185) - 标准、无损音质
[2026-02-25 00:52:10] 更新成功：岑宁儿 - 追光者 (ID: 483671599) - 标准、无损音质
[2026-02-25 00:52:10] 更新完成：成功更新 24 首歌曲
[2026-02-25 01:06:18] 开始更新音乐URL...
[2026-02-25 01:06:18] 备份创建成功：backups/music_data_2026-02-25_01-06-18.json
[2026-02-25 01:06:20] 更新成功：徐佳莹 - 一样的月光 (ID: 306665) - 标准、无损音质
[2026-02-25 01:06:22] 更新成功：Maroon 5 - Payphone (ID: 1952737857) - 标准、无损音质
[2026-02-25 01:06:25] 更新成功：G.E.M.邓紫棋 - 来自天堂的魔鬼 (ID: 36270426) - 标准、无损音质
[2026-02-25 01:06:27] 更新成功：郭静 - 下一个天亮 (ID: 233882) - 标准、无损音质
[2026-02-25 01:06:29] 更新成功：李荣浩 - 不将就 (ID: 31654343) - 标准、无损音质
[2026-02-25 01:06:31] 更新成功：雨爱 (ID: 316100) - 标准、无损音质
[2026-02-25 01:06:33] 更新成功：林宜融 - 同手同脚 (ID: 350482) - 标准、无损音质
[2026-02-25 01:06:35] 更新成功：孙燕姿 - 开始懂了 (ID: 287719) - 标准、无损音质
[2026-02-25 01:06:37] 更新成功：Beyond - 真的爱你 (ID: 346075) - 标准、无损音质
[2026-02-25 01:06:39] 更新成功：KUN - Colder (ID: 3351234875) - 标准、无损音质
[2026-02-25 01:06:41] 更新成功：陶喆 - 流沙 (ID: 150667) - 标准、无损音质
[2026-02-25 01:06:43] 更新成功：李毓芬 - 是我不够好 (ID: 410519050) - 标准、无损音质
[2026-02-25 01:06:46] 更新成功：陈奕迅 - 最佳损友 (ID: 65800) - 标准、无损音质
[2026-02-25 01:06:48] 更新成功：AGA - Wonderful U (Demo Version) (ID: 406475394) - 标准、无损音质
[2026-02-25 01:06:50] 更新成功：陈一豪Clear - 彩铃 (ID: 3339130832) - 标准、无损音质
[2026-02-25 01:06:52] 更新成功：Justin Bieber - Intentions (ID: 1421443440) - 标准、无损音质
[2026-02-25 01:06:54] 更新成功：林俊杰 - 我还想她 (ID: 108493) - 标准、无损音质
[2026-02-25 01:06:56] 更新成功：陈粒 - 走马 (ID: 2749430417) - 标准、无损音质
[2026-02-25 01:06:58] 更新成功：Top Barry - 发迹 (ID: 2099778087) - 标准、无损音质
[2026-02-25 01:07:00] 更新成功：蛋堡 - I Want You (ID: 76834) - 标准、无损音质
[2026-02-25 01:07:02] 更新成功：庾澄庆 - 春泥 (ID: 573968836) - 标准、无损音质
[2026-02-25 01:07:05] 更新成功：Vansdaddy - 身无居所 (ID: 3319817890) - 标准、无损音质
[2026-02-25 01:07:07] 更新成功：建坤YOUNG - 声音 (ID: 2031085185) - 标准、无损音质
[2026-02-25 01:07:09] 更新成功：岑宁儿 - 追光者 (ID: 483671599) - 标准、无损音质
[2026-02-25 01:07:09] 更新完成：成功更新 24 首歌曲
[2026-02-25 01:21:18] 开始更新音乐URL...
[2026-02-25 01:21:18] 备份创建成功：backups/music_data_2026-02-25_01-21-18.json
[2026-02-25 01:21:20] 更新成功：徐佳莹 - 一样的月光 (ID: 306665) - 标准、无损音质
[2026-02-25 01:21:22] 更新成功：Maroon 5 - Payphone (ID: 1952737857) - 标准、无损音质
[2026-02-25 01:21:24] 更新成功：G.E.M.邓紫棋 - 来自天堂的魔鬼 (ID: 36270426) - 标准、无损音质
[2026-02-25 01:21:28] 更新成功：郭静 - 下一个天亮 (ID: 233882) - 标准、无损音质
[2026-02-25 01:21:31] 更新成功：李荣浩 - 不将就 (ID: 31654343) - 标准、无损音质
[2026-02-25 01:21:33] 更新成功：雨爱 (ID: 316100) - 标准、无损音质
[2026-02-25 01:21:35] 更新成功：林宜融 - 同手同脚 (ID: 350482) - 标准、无损音质
[2026-02-25 01:21:37] 更新成功：孙燕姿 - 开始懂了 (ID: 287719) - 标准、无损音质
[2026-02-25 01:21:39] 更新成功：Beyond - 真的爱你 (ID: 346075) - 标准、无损音质
[2026-02-25 01:21:41] 更新成功：KUN - Colder (ID: 3351234875) - 标准、无损音质
[2026-02-25 01:21:43] 更新成功：陶喆 - 流沙 (ID: 150667) - 标准、无损音质
[2026-02-25 01:21:45] 更新成功：李毓芬 - 是我不够好 (ID: 410519050) - 标准、无损音质
[2026-02-25 01:21:47] 更新成功：陈奕迅 - 最佳损友 (ID: 65800) - 标准、无损音质
[2026-02-25 01:21:50] 更新成功：AGA - Wonderful U (Demo Version) (ID: 406475394) - 标准、无损音质
[2026-02-25 01:21:52] 更新成功：陈一豪Clear - 彩铃 (ID: 3339130832) - 标准、无损音质
[2026-02-25 01:21:54] 更新成功：Justin Bieber - Intentions (ID: 1421443440) - 标准、无损音质
[2026-02-25 01:21:56] 更新成功：林俊杰 - 我还想她 (ID: 108493) - 标准、无损音质
[2026-02-25 01:21:58] 更新成功：陈粒 - 走马 (ID: 2749430417) - 标准、无损音质
[2026-02-25 01:22:00] 更新成功：Top Barry - 发迹 (ID: 2099778087) - 标准、无损音质
[2026-02-25 01:22:02] 更新成功：蛋堡 - I Want You (ID: 76834) - 标准、无损音质
[2026-02-25 01:22:04] 更新成功：庾澄庆 - 春泥 (ID: 573968836) - 标准、无损音质
[2026-02-25 01:22:06] 更新成功：Vansdaddy - 身无居所 (ID: 3319817890) - 标准、无损音质
[2026-02-25 01:22:09] 更新成功：建坤YOUNG - 声音 (ID: 2031085185) - 标准、无损音质
[2026-02-25 01:22:11] 更新成功：岑宁儿 - 追光者 (ID: 483671599) - 标准、无损音质
[2026-02-25 01:22:11] 更新完成：成功更新 24 首歌曲
[2026-02-25 01:36:18] 开始更新音乐URL...
[2026-02-25 01:36:18] 备份创建成功：backups/music_data_2026-02-25_01-36-18.json
[2026-02-25 01:36:20] 更新成功：徐佳莹 - 一样的月光 (ID: 306665) - 标准、无损音质
[2026-02-25 01:36:23] 更新成功：Maroon 5 - Payphone (ID: 1952737857) - 标准、无损音质
[2026-02-25 01:36:27] 更新成功：G.E.M.邓紫棋 - 来自天堂的魔鬼 (ID: 36270426) - 标准、无损音质
[2026-02-25 01:36:31] 更新成功：郭静 - 下一个天亮 (ID: 233882) - 标准、无损音质
[2026-02-25 01:36:34] 更新成功：李荣浩 - 不将就 (ID: 31654343) - 标准、无损音质
[2026-02-25 01:36:38] 更新成功：雨爱 (ID: 316100) - 标准、无损音质
[2026-02-25 01:36:41] 更新成功：林宜融 - 同手同脚 (ID: 350482) - 标准、无损音质
[2026-02-25 01:36:45] 更新成功：孙燕姿 - 开始懂了 (ID: 287719) - 标准、无损音质
[2026-02-25 01:36:48] 更新成功：Beyond - 真的爱你 (ID: 346075) - 标准、无损音质
[2026-02-25 01:36:51] 更新成功：KUN - Colder (ID: 3351234875) - 标准、无损音质
[2026-02-25 01:36:53] 更新成功：陶喆 - 流沙 (ID: 150667) - 标准、无损音质
[2026-02-25 01:36:55] 更新成功：李毓芬 - 是我不够好 (ID: 410519050) - 标准、无损音质
[2026-02-25 01:36:57] 更新成功：陈奕迅 - 最佳损友 (ID: 65800) - 标准、无损音质
[2026-02-25 01:36:59] 更新成功：AGA - Wonderful U (Demo Version) (ID: 406475394) - 标准、无损音质
[2026-02-25 01:37:01] 更新成功：陈一豪Clear - 彩铃 (ID: 3339130832) - 标准、无损音质
[2026-02-25 01:37:04] 更新成功：Justin Bieber - Intentions (ID: 1421443440) - 标准、无损音质
[2026-02-25 01:37:06] 更新成功：林俊杰 - 我还想她 (ID: 108493) - 标准、无损音质
[2026-02-25 01:37:08] 更新成功：陈粒 - 走马 (ID: 2749430417) - 标准、无损音质
[2026-02-25 01:37:10] 更新成功：Top Barry - 发迹 (ID: 2099778087) - 标准、无损音质
[2026-02-25 01:37:17] 更新成功：蛋堡 - I Want You (ID: 76834) - 标准、无损音质
[2026-02-25 01:37:19] 更新成功：庾澄庆 - 春泥 (ID: 573968836) - 标准、无损音质
[2026-02-25 01:37:21] 更新成功：Vansdaddy - 身无居所 (ID: 3319817890) - 标准、无损音质
[2026-02-25 01:37:23] 更新成功：建坤YOUNG - 声音 (ID: 2031085185) - 标准、无损音质
[2026-02-25 01:37:25] 更新成功：岑宁儿 - 追光者 (ID: 483671599) - 标准、无损音质
[2026-02-25 01:37:26] 更新完成：成功更新 24 首歌曲
[2026-02-25 01:51:18] 开始更新音乐URL...
[2026-02-25 01:51:18] 备份创建成功：backups/music_data_2026-02-25_01-51-18.json
[2026-02-25 01:51:20] 更新成功：徐佳莹 - 一样的月光 (ID: 306665) - 标准、无损音质
[2026-02-25 01:51:23] 更新成功：Maroon 5 - Payphone (ID: 1952737857) - 标准、无损音质
[2026-02-25 01:51:25] 更新成功：G.E.M.邓紫棋 - 来自天堂的魔鬼 (ID: 36270426) - 标准、无损音质
[2026-02-25 01:51:27] 更新成功：郭静 - 下一个天亮 (ID: 233882) - 标准、无损音质
[2026-02-25 01:51:29] 更新成功：李荣浩 - 不将就 (ID: 31654343) - 标准、无损音质
[2026-02-25 01:51:31] 更新成功：雨爱 (ID: 316100) - 标准、无损音质
[2026-02-25 01:51:33] 更新成功：林宜融 - 同手同脚 (ID: 350482) - 标准、无损音质
[2026-02-25 01:51:35] 更新成功：孙燕姿 - 开始懂了 (ID: 287719) - 标准、无损音质
[2026-02-25 01:51:37] 更新成功：Beyond - 真的爱你 (ID: 346075) - 标准、无损音质
[2026-02-25 01:51:39] 更新成功：KUN - Colder (ID: 3351234875) - 标准、无损音质
[2026-02-25 01:51:41] 更新成功：陶喆 - 流沙 (ID: 150667) - 标准、无损音质
[2026-02-25 01:51:44] 更新成功：李毓芬 - 是我不够好 (ID: 410519050) - 标准、无损音质
[2026-02-25 01:51:46] 更新成功：陈奕迅 - 最佳损友 (ID: 65800) - 标准、无损音质
[2026-02-25 01:51:48] 更新成功：AGA - Wonderful U (Demo Version) (ID: 406475394) - 标准、无损音质
[2026-02-25 01:51:50] 更新成功：陈一豪Clear - 彩铃 (ID: 3339130832) - 标准、无损音质
[2026-02-25 01:51:52] 更新成功：Justin Bieber - Intentions (ID: 1421443440) - 标准、无损音质
[2026-02-25 01:51:54] 更新成功：林俊杰 - 我还想她 (ID: 108493) - 标准、无损音质
[2026-02-25 01:51:56] 更新成功：陈粒 - 走马 (ID: 2749430417) - 标准、无损音质
[2026-02-25 01:51:58] 更新成功：Top Barry - 发迹 (ID: 2099778087) - 标准、无损音质
[2026-02-25 01:52:00] 更新成功：蛋堡 - I Want You (ID: 76834) - 标准、无损音质
[2026-02-25 01:52:03] 更新成功：庾澄庆 - 春泥 (ID: 573968836) - 标准、无损音质
[2026-02-25 01:52:05] 更新成功：Vansdaddy - 身无居所 (ID: 3319817890) - 标准、无损音质
[2026-02-25 01:52:07] 更新成功：建坤YOUNG - 声音 (ID: 2031085185) - 标准、无损音质
[2026-02-25 01:52:09] 更新成功：岑宁儿 - 追光者 (ID: 483671599) - 标准、无损音质
[2026-02-25 01:52:09] 更新完成：成功更新 24 首歌曲
[2026-02-25 02:06:18] 开始更新音乐URL...
[2026-02-25 02:06:18] 备份创建成功：backups/music_data_2026-02-25_02-06-18.json
[2026-02-25 02:06:22] 更新成功：徐佳莹 - 一样的月光 (ID: 306665) - 标准、无损音质
[2026-02-25 02:06:28] 更新成功：Maroon 5 - Payphone (ID: 1952737857) - 标准、无损音质
[2026-02-25 02:06:32] 更新成功：G.E.M.邓紫棋 - 来自天堂的魔鬼 (ID: 36270426) - 标准、无损音质
[2026-02-25 02:06:36] 更新成功：郭静 - 下一个天亮 (ID: 233882) - 标准、无损音质
[2026-02-25 02:06:39] 更新成功：李荣浩 - 不将就 (ID: 31654343) - 标准、无损音质
[2026-02-25 02:06:43] 更新成功：雨爱 (ID: 316100) - 标准、无损音质
[2026-02-25 02:06:46] 更新成功：林宜融 - 同手同脚 (ID: 350482) - 标准、无损音质
[2026-02-25 02:06:50] 更新成功：孙燕姿 - 开始懂了 (ID: 287719) - 标准、无损音质
[2026-02-25 02:06:54] 更新成功：Beyond - 真的爱你 (ID: 346075) - 标准、无损音质
[2026-02-25 02:06:58] 更新成功：KUN - Colder (ID: 3351234875) - 标准、无损音质
[2026-02-25 02:07:01] 更新成功：陶喆 - 流沙 (ID: 150667) - 标准、无损音质
[2026-02-25 02:07:05] 更新成功：李毓芬 - 是我不够好 (ID: 410519050) - 标准、无损音质
[2026-02-25 02:07:09] 更新成功：陈奕迅 - 最佳损友 (ID: 65800) - 标准、无损音质
[2026-02-25 02:07:13] 更新成功：AGA - Wonderful U (Demo Version) (ID: 406475394) - 标准、无损音质
[2026-02-25 02:07:18] 更新成功：陈一豪Clear - 彩铃 (ID: 3339130832) - 标准、无损音质
[2026-02-25 02:07:21] 更新成功：Justin Bieber - Intentions (ID: 1421443440) - 标准、无损音质
[2026-02-25 02:07:29] 更新成功：林俊杰 - 我还想她 (ID: 108493) - 标准音质
[2026-02-25 02:07:32] 更新成功：陈粒 - 走马 (ID: 2749430417) - 标准、无损音质
[2026-02-25 02:07:37] 更新成功：Top Barry - 发迹 (ID: 2099778087) - 标准、无损音质
[2026-02-25 02:07:39] 更新成功：蛋堡 - I Want You (ID: 76834) - 标准、无损音质
[2026-02-25 02:07:43] 更新成功：庾澄庆 - 春泥 (ID: 573968836) - 标准、无损音质
[2026-02-25 02:07:46] 更新成功：Vansdaddy - 身无居所 (ID: 3319817890) - 标准、无损音质
[2026-02-25 02:07:50] 更新成功：建坤YOUNG - 声音 (ID: 2031085185) - 标准、无损音质
[2026-02-25 02:07:54] 更新成功：岑宁儿 - 追光者 (ID: 483671599) - 标准、无损音质
[2026-02-25 02:07:54] 更新完成：成功更新 24 首歌曲
[2026-02-25 02:21:18] 开始更新音乐URL...
[2026-02-25 02:21:18] 备份创建成功：backups/music_data_2026-02-25_02-21-18.json
[2026-02-25 02:21:20] 更新成功：徐佳莹 - 一样的月光 (ID: 306665) - 标准、无损音质
[2026-02-25 02:21:22] 更新成功：Maroon 5 - Payphone (ID: 1952737857) - 标准、无损音质
[2026-02-25 02:21:24] 更新成功：G.E.M.邓紫棋 - 来自天堂的魔鬼 (ID: 36270426) - 标准、无损音质
[2026-02-25 02:21:27] 更新成功：郭静 - 下一个天亮 (ID: 233882) - 标准、无损音质
[2026-02-25 02:21:29] 更新成功：李荣浩 - 不将就 (ID: 31654343) - 标准、无损音质
[2026-02-25 02:21:31] 更新成功：雨爱 (ID: 316100) - 标准、无损音质
[2026-02-25 02:21:33] 更新成功：林宜融 - 同手同脚 (ID: 350482) - 标准、无损音质
[2026-02-25 02:21:35] 更新成功：孙燕姿 - 开始懂了 (ID: 287719) - 标准、无损音质
[2026-02-25 02:21:37] 更新成功：Beyond - 真的爱你 (ID: 346075) - 标准、无损音质
[2026-02-25 02:21:39] 更新成功：KUN - Colder (ID: 3351234875) - 标准、无损音质
[2026-02-25 02:21:41] 更新成功：陶喆 - 流沙 (ID: 150667) - 标准、无损音质
[2026-02-25 02:21:44] 更新成功：李毓芬 - 是我不够好 (ID: 410519050) - 标准、无损音质
[2026-02-25 02:21:46] 更新成功：陈奕迅 - 最佳损友 (ID: 65800) - 标准、无损音质
[2026-02-25 02:21:48] 更新成功：AGA - Wonderful U (Demo Version) (ID: 406475394) - 标准、无损音质
[2026-02-25 02:21:50] 更新成功：陈一豪Clear - 彩铃 (ID: 3339130832) - 标准、无损音质
[2026-02-25 02:21:52] 更新成功：Justin Bieber - Intentions (ID: 1421443440) - 标准、无损音质
[2026-02-25 02:21:54] 更新成功：林俊杰 - 我还想她 (ID: 108493) - 标准、无损音质
[2026-02-25 02:21:56] 更新成功：陈粒 - 走马 (ID: 2749430417) - 标准、无损音质
[2026-02-25 02:21:58] 更新成功：Top Barry - 发迹 (ID: 2099778087) - 标准、无损音质
[2026-02-25 02:22:00] 更新成功：蛋堡 - I Want You (ID: 76834) - 标准、无损音质
[2026-02-25 02:22:02] 更新成功：庾澄庆 - 春泥 (ID: 573968836) - 标准、无损音质
[2026-02-25 02:22:05] 更新成功：Vansdaddy - 身无居所 (ID: 3319817890) - 标准、无损音质
[2026-02-25 02:22:07] 更新成功：建坤YOUNG - 声音 (ID: 2031085185) - 标准、无损音质
[2026-02-25 02:22:09] 更新成功：岑宁儿 - 追光者 (ID: 483671599) - 标准、无损音质
[2026-02-25 02:22:09] 更新完成：成功更新 24 首歌曲
[2026-02-25 02:36:18] 开始更新音乐URL...
[2026-02-25 02:36:18] 备份创建成功：backups/music_data_2026-02-25_02-36-18.json
[2026-02-25 02:36:21] 更新成功：徐佳莹 - 一样的月光 (ID: 306665) - 标准、无损音质
[2026-02-25 02:36:23] 更新成功：Maroon 5 - Payphone (ID: 1952737857) - 标准、无损音质
[2026-02-25 02:36:26] 更新成功：G.E.M.邓紫棋 - 来自天堂的魔鬼 (ID: 36270426) - 标准、无损音质
[2026-02-25 02:36:28] 更新成功：郭静 - 下一个天亮 (ID: 233882) - 标准、无损音质
[2026-02-25 02:36:32] 更新成功：李荣浩 - 不将就 (ID: 31654343) - 标准、无损音质
[2026-02-25 02:36:34] 更新成功：雨爱 (ID: 316100) - 标准、无损音质
[2026-02-25 02:36:37] 更新成功：林宜融 - 同手同脚 (ID: 350482) - 标准、无损音质
[2026-02-25 02:36:39] 更新成功：孙燕姿 - 开始懂了 (ID: 287719) - 标准、无损音质
[2026-02-25 02:36:41] 更新成功：Beyond - 真的爱你 (ID: 346075) - 标准、无损音质
[2026-02-25 02:36:43] 更新成功：KUN - Colder (ID: 3351234875) - 标准、无损音质
[2026-02-25 02:36:45] 更新成功：陶喆 - 流沙 (ID: 150667) - 标准、无损音质
[2026-02-25 02:36:48] 更新成功：李毓芬 - 是我不够好 (ID: 410519050) - 标准、无损音质
[2026-02-25 02:36:50] 更新成功：陈奕迅 - 最佳损友 (ID: 65800) - 标准、无损音质
[2026-02-25 02:36:52] 更新成功：AGA - Wonderful U (Demo Version) (ID: 406475394) - 标准、无损音质
[2026-02-25 02:36:55] 更新成功：陈一豪Clear - 彩铃 (ID: 3339130832) - 标准、无损音质
[2026-02-25 02:36:58] 更新成功：Justin Bieber - Intentions (ID: 1421443440) - 标准、无损音质
[2026-02-25 02:37:00] 更新成功：林俊杰 - 我还想她 (ID: 108493) - 标准、无损音质
[2026-02-25 02:37:03] 更新成功：陈粒 - 走马 (ID: 2749430417) - 标准、无损音质
[2026-02-25 02:37:05] 更新成功：Top Barry - 发迹 (ID: 2099778087) - 标准、无损音质
[2026-02-25 02:37:08] 更新成功：蛋堡 - I Want You (ID: 76834) - 标准、无损音质
[2026-02-25 02:37:10] 更新成功：庾澄庆 - 春泥 (ID: 573968836) - 标准、无损音质
[2026-02-25 02:37:13] 更新成功：Vansdaddy - 身无居所 (ID: 3319817890) - 标准、无损音质
[2026-02-25 02:37:15] 更新成功：建坤YOUNG - 声音 (ID: 2031085185) - 标准、无损音质
[2026-02-25 02:37:17] 更新成功：岑宁儿 - 追光者 (ID: 483671599) - 标准、无损音质
[2026-02-25 02:37:18] 更新完成：成功更新 24 首歌曲
[2026-02-25 02:51:18] 开始更新音乐URL...
[2026-02-25 02:51:18] 备份创建成功：backups/music_data_2026-02-25_02-51-18.json
[2026-02-25 02:51:20] 更新成功：徐佳莹 - 一样的月光 (ID: 306665) - 标准、无损音质
[2026-02-25 02:51:22] 更新成功：Maroon 5 - Payphone (ID: 1952737857) - 标准、无损音质
[2026-02-25 02:51:24] 更新成功：G.E.M.邓紫棋 - 来自天堂的魔鬼 (ID: 36270426) - 标准、无损音质
[2026-02-25 02:51:26] 更新成功：郭静 - 下一个天亮 (ID: 233882) - 标准、无损音质
[2026-02-25 02:51:29] 更新成功：李荣浩 - 不将就 (ID: 31654343) - 标准、无损音质
[2026-02-25 02:51:31] 更新成功：雨爱 (ID: 316100) - 标准、无损音质
[2026-02-25 02:51:33] 更新成功：林宜融 - 同手同脚 (ID: 350482) - 标准、无损音质
[2026-02-25 02:51:35] 更新成功：孙燕姿 - 开始懂了 (ID: 287719) - 标准、无损音质
[2026-02-25 02:51:37] 更新成功：Beyond - 真的爱你 (ID: 346075) - 标准、无损音质
[2026-02-25 02:51:40] 更新成功：KUN - Colder (ID: 3351234875) - 标准、无损音质
[2026-02-25 02:51:42] 更新成功：陶喆 - 流沙 (ID: 150667) - 标准、无损音质
[2026-02-25 02:51:44] 更新成功：李毓芬 - 是我不够好 (ID: 410519050) - 标准、无损音质
[2026-02-25 02:51:46] 更新成功：陈奕迅 - 最佳损友 (ID: 65800) - 标准、无损音质
[2026-02-25 02:51:48] 更新成功：AGA - Wonderful U (Demo Version) (ID: 406475394) - 标准、无损音质
[2026-02-25 02:51:50] 更新成功：陈一豪Clear - 彩铃 (ID: 3339130832) - 标准、无损音质
[2026-02-25 02:51:52] 更新成功：Justin Bieber - Intentions (ID: 1421443440) - 标准、无损音质
[2026-02-25 02:51:55] 更新成功：林俊杰 - 我还想她 (ID: 108493) - 标准、无损音质
[2026-02-25 02:51:57] 更新成功：陈粒 - 走马 (ID: 2749430417) - 标准、无损音质
[2026-02-25 02:51:59] 更新成功：Top Barry - 发迹 (ID: 2099778087) - 标准、无损音质
[2026-02-25 02:52:01] 更新成功：蛋堡 - I Want You (ID: 76834) - 标准、无损音质
[2026-02-25 02:52:03] 更新成功：庾澄庆 - 春泥 (ID: 573968836) - 标准、无损音质
[2026-02-25 02:52:05] 更新成功：Vansdaddy - 身无居所 (ID: 3319817890) - 标准、无损音质
[2026-02-25 02:52:07] 更新成功：建坤YOUNG - 声音 (ID: 2031085185) - 标准、无损音质
[2026-02-25 02:52:09] 更新成功：岑宁儿 - 追光者 (ID: 483671599) - 标准、无损音质
[2026-02-25 02:52:10] 更新完成：成功更新 24 首歌曲
[2026-02-25 03:06:18] 开始更新音乐URL...
[2026-02-25 03:06:18] 备份创建成功：backups/music_data_2026-02-25_03-06-18.json
[2026-02-25 03:06:20] 更新成功：徐佳莹 - 一样的月光 (ID: 306665) - 标准、无损音质
[2026-02-25 03:06:22] 更新成功：Maroon 5 - Payphone (ID: 1952737857) - 标准、无损音质
[2026-02-25 03:06:25] 更新成功：G.E.M.邓紫棋 - 来自天堂的魔鬼 (ID: 36270426) - 标准、无损音质
[2026-02-25 03:06:27] 更新成功：郭静 - 下一个天亮 (ID: 233882) - 标准、无损音质
[2026-02-25 03:06:29] 更新成功：李荣浩 - 不将就 (ID: 31654343) - 标准、无损音质
[2026-02-25 03:06:31] 更新成功：雨爱 (ID: 316100) - 标准、无损音质
[2026-02-25 03:06:34] 更新成功：林宜融 - 同手同脚 (ID: 350482) - 标准、无损音质
[2026-02-25 03:06:36] 更新成功：孙燕姿 - 开始懂了 (ID: 287719) - 标准、无损音质
[2026-02-25 03:06:38] 更新成功：Beyond - 真的爱你 (ID: 346075) - 标准、无损音质
[2026-02-25 03:06:40] 更新成功：KUN - Colder (ID: 3351234875) - 标准、无损音质
[2026-02-25 03:06:42] 更新成功：陶喆 - 流沙 (ID: 150667) - 标准、无损音质
[2026-02-25 03:06:44] 更新成功：李毓芬 - 是我不够好 (ID: 410519050) - 标准、无损音质
[2026-02-25 03:06:46] 更新成功：陈奕迅 - 最佳损友 (ID: 65800) - 标准、无损音质
[2026-02-25 03:06:49] 更新成功：AGA - Wonderful U (Demo Version) (ID: 406475394) - 标准、无损音质
[2026-02-25 03:06:51] 更新成功：陈一豪Clear - 彩铃 (ID: 3339130832) - 标准、无损音质
[2026-02-25 03:06:53] 更新成功：Justin Bieber - Intentions (ID: 1421443440) - 标准、无损音质
[2026-02-25 03:06:55] 更新成功：林俊杰 - 我还想她 (ID: 108493) - 标准、无损音质
[2026-02-25 03:06:57] 更新成功：陈粒 - 走马 (ID: 2749430417) - 标准、无损音质
[2026-02-25 03:06:59] 更新成功：Top Barry - 发迹 (ID: 2099778087) - 标准、无损音质
[2026-02-25 03:07:01] 更新成功：蛋堡 - I Want You (ID: 76834) - 标准、无损音质
[2026-02-25 03:07:03] 更新成功：庾澄庆 - 春泥 (ID: 573968836) - 标准、无损音质
[2026-02-25 03:07:05] 更新成功：Vansdaddy - 身无居所 (ID: 3319817890) - 标准、无损音质
[2026-02-25 03:07:08] 更新成功：建坤YOUNG - 声音 (ID: 2031085185) - 标准、无损音质
[2026-02-25 03:07:10] 更新成功：岑宁儿 - 追光者 (ID: 483671599) - 标准、无损音质
[2026-02-25 03:07:10] 更新完成：成功更新 24 首歌曲
[2026-02-25 03:21:18] 开始更新音乐URL...
[2026-02-25 03:21:18] 备份创建成功：backups/music_data_2026-02-25_03-21-18.json
[2026-02-25 03:21:20] 更新成功：徐佳莹 - 一样的月光 (ID: 306665) - 标准、无损音质
[2026-02-25 03:21:22] 更新成功：Maroon 5 - Payphone (ID: 1952737857) - 标准、无损音质
[2026-02-25 03:21:24] 更新成功：G.E.M.邓紫棋 - 来自天堂的魔鬼 (ID: 36270426) - 标准、无损音质
[2026-02-25 03:21:26] 更新成功：郭静 - 下一个天亮 (ID: 233882) - 标准、无损音质
[2026-02-25 03:21:29] 更新成功：李荣浩 - 不将就 (ID: 31654343) - 标准、无损音质
[2026-02-25 03:21:31] 更新成功：雨爱 (ID: 316100) - 标准、无损音质
[2026-02-25 03:21:33] 更新成功：林宜融 - 同手同脚 (ID: 350482) - 标准、无损音质
[2026-02-25 03:21:35] 更新成功：孙燕姿 - 开始懂了 (ID: 287719) - 标准、无损音质
[2026-02-25 03:21:37] 更新成功：Beyond - 真的爱你 (ID: 346075) - 标准、无损音质
[2026-02-25 03:21:39] 更新成功：KUN - Colder (ID: 3351234875) - 标准、无损音质
[2026-02-25 03:21:41] 更新成功：陶喆 - 流沙 (ID: 150667) - 标准、无损音质
[2026-02-25 03:21:43] 更新成功：李毓芬 - 是我不够好 (ID: 410519050) - 标准、无损音质
[2026-02-25 03:21:45] 更新成功：陈奕迅 - 最佳损友 (ID: 65800) - 标准、无损音质
[2026-02-25 03:21:47] 更新成功：AGA - Wonderful U (Demo Version) (ID: 406475394) - 标准、无损音质
[2026-02-25 03:21:50] 更新成功：陈一豪Clear - 彩铃 (ID: 3339130832) - 标准、无损音质
[2026-02-25 03:21:52] 更新成功：Justin Bieber - Intentions (ID: 1421443440) - 标准、无损音质
[2026-02-25 03:21:54] 更新成功：林俊杰 - 我还想她 (ID: 108493) - 标准、无损音质
[2026-02-25 03:21:56] 更新成功：陈粒 - 走马 (ID: 2749430417) - 标准、无损音质
[2026-02-25 03:21:58] 更新成功：Top Barry - 发迹 (ID: 2099778087) - 标准、无损音质
[2026-02-25 03:22:00] 更新成功：蛋堡 - I Want You (ID: 76834) - 标准、无损音质
[2026-02-25 03:22:03] 更新成功：庾澄庆 - 春泥 (ID: 573968836) - 标准、无损音质
[2026-02-25 03:22:05] 更新成功：Vansdaddy - 身无居所 (ID: 3319817890) - 标准、无损音质
[2026-02-25 03:22:07] 更新成功：建坤YOUNG - 声音 (ID: 2031085185) - 标准、无损音质
[2026-02-25 03:22:09] 更新成功：岑宁儿 - 追光者 (ID: 483671599) - 标准、无损音质
[2026-02-25 03:22:09] 更新完成：成功更新 24 首歌曲
[2026-02-25 03:36:18] 开始更新音乐URL...
[2026-02-25 03:36:18] 备份创建成功：backups/music_data_2026-02-25_03-36-18.json
[2026-02-25 03:36:21] 更新成功：徐佳莹 - 一样的月光 (ID: 306665) - 标准、无损音质
[2026-02-25 03:36:23] 更新成功：Maroon 5 - Payphone (ID: 1952737857) - 标准、无损音质
[2026-02-25 03:36:26] 更新成功：G.E.M.邓紫棋 - 来自天堂的魔鬼 (ID: 36270426) - 标准、无损音质
[2026-02-25 03:36:28] 更新成功：郭静 - 下一个天亮 (ID: 233882) - 标准、无损音质
[2026-02-25 03:36:30] 更新成功：李荣浩 - 不将就 (ID: 31654343) - 标准、无损音质
[2026-02-25 03:36:32] 更新成功：雨爱 (ID: 316100) - 标准、无损音质
[2026-02-25 03:36:34] 更新成功：林宜融 - 同手同脚 (ID: 350482) - 标准、无损音质
[2026-02-25 03:36:36] 更新成功：孙燕姿 - 开始懂了 (ID: 287719) - 标准、无损音质
[2026-02-25 03:36:38] 更新成功：Beyond - 真的爱你 (ID: 346075) - 标准、无损音质
[2026-02-25 03:36:40] 更新成功：KUN - Colder (ID: 3351234875) - 标准、无损音质
[2026-02-25 03:36:42] 更新成功：陶喆 - 流沙 (ID: 150667) - 标准、无损音质
[2026-02-25 03:36:45] 更新成功：李毓芬 - 是我不够好 (ID: 410519050) - 标准、无损音质
[2026-02-25 03:36:47] 更新成功：陈奕迅 - 最佳损友 (ID: 65800) - 标准、无损音质
[2026-02-25 03:36:49] 更新成功：AGA - Wonderful U (Demo Version) (ID: 406475394) - 标准、无损音质
[2026-02-25 03:36:51] 更新成功：陈一豪Clear - 彩铃 (ID: 3339130832) - 标准、无损音质
[2026-02-25 03:36:53] 更新成功：Justin Bieber - Intentions (ID: 1421443440) - 标准、无损音质
[2026-02-25 03:36:55] 更新成功：林俊杰 - 我还想她 (ID: 108493) - 标准、无损音质
[2026-02-25 03:36:57] 更新成功：陈粒 - 走马 (ID: 2749430417) - 标准、无损音质
[2026-02-25 03:37:00] 更新成功：Top Barry - 发迹 (ID: 2099778087) - 标准、无损音质
[2026-02-25 03:37:02] 更新成功：蛋堡 - I Want You (ID: 76834) - 标准、无损音质
[2026-02-25 03:37:04] 更新成功：庾澄庆 - 春泥 (ID: 573968836) - 标准、无损音质
[2026-02-25 03:37:06] 更新成功：Vansdaddy - 身无居所 (ID: 3319817890) - 标准、无损音质
[2026-02-25 03:37:08] 更新成功：建坤YOUNG - 声音 (ID: 2031085185) - 标准、无损音质
[2026-02-25 03:37:10] 更新成功：岑宁儿 - 追光者 (ID: 483671599) - 标准、无损音质
[2026-02-25 03:37:11] 更新完成：成功更新 24 首歌曲
[2026-02-25 03:51:18] 开始更新音乐URL...
[2026-02-25 03:51:18] 备份创建成功：backups/music_data_2026-02-25_03-51-18.json
[2026-02-25 03:51:20] 更新成功：徐佳莹 - 一样的月光 (ID: 306665) - 标准、无损音质
[2026-02-25 03:51:22] 更新成功：Maroon 5 - Payphone (ID: 1952737857) - 标准、无损音质
[2026-02-25 03:51:24] 更新成功：G.E.M.邓紫棋 - 来自天堂的魔鬼 (ID: 36270426) - 标准、无损音质
[2026-02-25 03:51:26] 更新成功：郭静 - 下一个天亮 (ID: 233882) - 标准、无损音质
[2026-02-25 03:51:28] 更新成功：李荣浩 - 不将就 (ID: 31654343) - 标准、无损音质
[2026-02-25 03:51:31] 更新成功：雨爱 (ID: 316100) - 标准、无损音质
[2026-02-25 03:51:33] 更新成功：林宜融 - 同手同脚 (ID: 350482) - 标准、无损音质
[2026-02-25 03:51:35] 更新成功：孙燕姿 - 开始懂了 (ID: 287719) - 标准、无损音质
[2026-02-25 03:51:37] 更新成功：Beyond - 真的爱你 (ID: 346075) - 标准、无损音质
[2026-02-25 03:51:39] 更新成功：KUN - Colder (ID: 3351234875) - 标准、无损音质
[2026-02-25 03:51:41] 更新成功：陶喆 - 流沙 (ID: 150667) - 标准、无损音质
[2026-02-25 03:51:43] 更新成功：李毓芬 - 是我不够好 (ID: 410519050) - 标准、无损音质
[2026-02-25 03:51:46] 更新成功：陈奕迅 - 最佳损友 (ID: 65800) - 标准、无损音质
[2026-02-25 03:51:48] 更新成功：AGA - Wonderful U (Demo Version) (ID: 406475394) - 标准、无损音质
[2026-02-25 03:51:50] 更新成功：陈一豪Clear - 彩铃 (ID: 3339130832) - 标准、无损音质
[2026-02-25 03:51:52] 更新成功：Justin Bieber - Intentions (ID: 1421443440) - 标准、无损音质
[2026-02-25 03:51:54] 更新成功：林俊杰 - 我还想她 (ID: 108493) - 标准、无损音质
[2026-02-25 03:51:56] 更新成功：陈粒 - 走马 (ID: 2749430417) - 标准、无损音质
[2026-02-25 03:51:58] 更新成功：Top Barry - 发迹 (ID: 2099778087) - 标准、无损音质
[2026-02-25 03:52:00] 更新成功：蛋堡 - I Want You (ID: 76834) - 标准、无损音质
[2026-02-25 03:52:02] 更新成功：庾澄庆 - 春泥 (ID: 573968836) - 标准、无损音质
[2026-02-25 03:52:04] 更新成功：Vansdaddy - 身无居所 (ID: 3319817890) - 标准、无损音质
[2026-02-25 03:52:06] 更新成功：建坤YOUNG - 声音 (ID: 2031085185) - 标准、无损音质
[2026-02-25 03:52:09] 更新成功：岑宁儿 - 追光者 (ID: 483671599) - 标准、无损音质
[2026-02-25 03:52:09] 更新完成：成功更新 24 首歌曲
[2026-02-25 04:06:18] 开始更新音乐URL...
[2026-02-25 04:06:18] 备份创建成功：backups/music_data_2026-02-25_04-06-18.json
[2026-02-25 04:06:21] 更新成功：徐佳莹 - 一样的月光 (ID: 306665) - 标准、无损音质
[2026-02-25 04:06:23] 更新成功：Maroon 5 - Payphone (ID: 1952737857) - 标准、无损音质
[2026-02-25 04:06:25] 更新成功：G.E.M.邓紫棋 - 来自天堂的魔鬼 (ID: 36270426) - 标准、无损音质
[2026-02-25 04:06:28] 更新成功：郭静 - 下一个天亮 (ID: 233882) - 标准、无损音质
[2026-02-25 04:06:30] 更新成功：李荣浩 - 不将就 (ID: 31654343) - 标准、无损音质
[2026-02-25 04:06:32] 更新成功：雨爱 (ID: 316100) - 标准、无损音质
[2026-02-25 04:06:34] 更新成功：林宜融 - 同手同脚 (ID: 350482) - 标准、无损音质
[2026-02-25 04:06:36] 更新成功：孙燕姿 - 开始懂了 (ID: 287719) - 标准、无损音质
[2026-02-25 04:06:38] 更新成功：Beyond - 真的爱你 (ID: 346075) - 标准、无损音质
[2026-02-25 04:06:40] 更新成功：KUN - Colder (ID: 3351234875) - 标准、无损音质
[2026-02-25 04:06:42] 更新成功：陶喆 - 流沙 (ID: 150667) - 标准、无损音质
[2026-02-25 04:06:44] 更新成功：李毓芬 - 是我不够好 (ID: 410519050) - 标准、无损音质
[2026-02-25 04:06:46] 更新成功：陈奕迅 - 最佳损友 (ID: 65800) - 标准、无损音质
[2026-02-25 04:06:49] 更新成功：AGA - Wonderful U (Demo Version) (ID: 406475394) - 标准、无损音质
[2026-02-25 04:06:51] 更新成功：陈一豪Clear - 彩铃 (ID: 3339130832) - 标准、无损音质
[2026-02-25 04:06:53] 更新成功：Justin Bieber - Intentions (ID: 1421443440) - 标准、无损音质
[2026-02-25 04:06:55] 更新成功：林俊杰 - 我还想她 (ID: 108493) - 标准、无损音质
[2026-02-25 04:06:57] 更新成功：陈粒 - 走马 (ID: 2749430417) - 标准、无损音质
[2026-02-25 04:06:59] 更新成功：Top Barry - 发迹 (ID: 2099778087) - 标准、无损音质
[2026-02-25 04:07:01] 更新成功：蛋堡 - I Want You (ID: 76834) - 标准、无损音质
[2026-02-25 04:07:04] 更新成功：庾澄庆 - 春泥 (ID: 573968836) - 标准、无损音质
[2026-02-25 04:07:06] 更新成功：Vansdaddy - 身无居所 (ID: 3319817890) - 标准、无损音质
[2026-02-25 04:07:08] 更新成功：建坤YOUNG - 声音 (ID: 2031085185) - 标准、无损音质
[2026-02-25 04:07:10] 更新成功：岑宁儿 - 追光者 (ID: 483671599) - 标准、无损音质
[2026-02-25 04:07:10] 更新完成：成功更新 24 首歌曲
[2026-02-25 04:21:18] 开始更新音乐URL...
[2026-02-25 04:21:18] 备份创建成功：backups/music_data_2026-02-25_04-21-18.json
[2026-02-25 04:21:21] 更新成功：徐佳莹 - 一样的月光 (ID: 306665) - 标准、无损音质
[2026-02-25 04:21:23] 更新成功：Maroon 5 - Payphone (ID: 1952737857) - 标准、无损音质
[2026-02-25 04:21:25] 更新成功：G.E.M.邓紫棋 - 来自天堂的魔鬼 (ID: 36270426) - 标准、无损音质
[2026-02-25 04:21:27] 更新成功：郭静 - 下一个天亮 (ID: 233882) - 标准、无损音质
[2026-02-25 04:21:30] 更新成功：李荣浩 - 不将就 (ID: 31654343) - 标准、无损音质
[2026-02-25 04:21:32] 更新成功：雨爱 (ID: 316100) - 标准、无损音质
[2026-02-25 04:21:34] 更新成功：林宜融 - 同手同脚 (ID: 350482) - 标准、无损音质
[2026-02-25 04:21:36] 更新成功：孙燕姿 - 开始懂了 (ID: 287719) - 标准、无损音质
[2026-02-25 04:21:38] 更新成功：Beyond - 真的爱你 (ID: 346075) - 标准、无损音质
[2026-02-25 04:21:40] 更新成功：KUN - Colder (ID: 3351234875) - 标准、无损音质
[2026-02-25 04:21:43] 更新成功：陶喆 - 流沙 (ID: 150667) - 标准、无损音质
[2026-02-25 04:21:45] 更新成功：李毓芬 - 是我不够好 (ID: 410519050) - 标准、无损音质
[2026-02-25 04:21:48] 更新成功：陈奕迅 - 最佳损友 (ID: 65800) - 标准、无损音质
[2026-02-25 04:21:50] 更新成功：AGA - Wonderful U (Demo Version) (ID: 406475394) - 标准、无损音质
[2026-02-25 04:21:52] 更新成功：陈一豪Clear - 彩铃 (ID: 3339130832) - 标准、无损音质
[2026-02-25 04:21:54] 更新成功：Justin Bieber - Intentions (ID: 1421443440) - 标准、无损音质
[2026-02-25 04:21:56] 更新成功：林俊杰 - 我还想她 (ID: 108493) - 标准、无损音质
[2026-02-25 04:21:58] 更新成功：陈粒 - 走马 (ID: 2749430417) - 标准、无损音质
[2026-02-25 04:22:01] 更新成功：Top Barry - 发迹 (ID: 2099778087) - 标准、无损音质
[2026-02-25 04:22:03] 更新成功：蛋堡 - I Want You (ID: 76834) - 标准、无损音质
[2026-02-25 04:22:05] 更新成功：庾澄庆 - 春泥 (ID: 573968836) - 标准、无损音质
[2026-02-25 04:22:07] 更新成功：Vansdaddy - 身无居所 (ID: 3319817890) - 标准、无损音质
[2026-02-25 04:22:09] 更新成功：建坤YOUNG - 声音 (ID: 2031085185) - 标准、无损音质
[2026-02-25 04:22:11] 更新成功：岑宁儿 - 追光者 (ID: 483671599) - 标准、无损音质
[2026-02-25 04:22:12] 更新完成：成功更新 24 首歌曲
[2026-02-25 04:36:18] 开始更新音乐URL...
[2026-02-25 04:36:18] 备份创建成功：backups/music_data_2026-02-25_04-36-18.json
[2026-02-25 04:36:21] 更新成功：徐佳莹 - 一样的月光 (ID: 306665) - 标准、无损音质
[2026-02-25 04:36:24] 更新成功：Maroon 5 - Payphone (ID: 1952737857) - 标准、无损音质
[2026-02-25 04:36:27] 更新成功：G.E.M.邓紫棋 - 来自天堂的魔鬼 (ID: 36270426) - 标准、无损音质
[2026-02-25 04:36:30] 更新成功：郭静 - 下一个天亮 (ID: 233882) - 标准、无损音质
[2026-02-25 04:36:32] 更新成功：李荣浩 - 不将就 (ID: 31654343) - 标准、无损音质
[2026-02-25 04:36:34] 更新成功：雨爱 (ID: 316100) - 标准、无损音质
[2026-02-25 04:36:36] 更新成功：林宜融 - 同手同脚 (ID: 350482) - 标准、无损音质
[2026-02-25 04:36:38] 更新成功：孙燕姿 - 开始懂了 (ID: 287719) - 标准、无损音质
[2026-02-25 04:36:41] 更新成功：Beyond - 真的爱你 (ID: 346075) - 标准、无损音质
[2026-02-25 04:36:43] 更新成功：KUN - Colder (ID: 3351234875) - 标准、无损音质
[2026-02-25 04:36:45] 更新成功：陶喆 - 流沙 (ID: 150667) - 标准、无损音质
[2026-02-25 04:36:47] 更新成功：李毓芬 - 是我不够好 (ID: 410519050) - 标准、无损音质
[2026-02-25 04:36:49] 更新成功：陈奕迅 - 最佳损友 (ID: 65800) - 标准、无损音质
[2026-02-25 04:36:51] 更新成功：AGA - Wonderful U (Demo Version) (ID: 406475394) - 标准、无损音质
[2026-02-25 04:36:53] 更新成功：陈一豪Clear - 彩铃 (ID: 3339130832) - 标准、无损音质
[2026-02-25 04:36:56] 更新成功：Justin Bieber - Intentions (ID: 1421443440) - 标准、无损音质
[2026-02-25 04:36:58] 更新成功：林俊杰 - 我还想她 (ID: 108493) - 标准、无损音质
[2026-02-25 04:37:00] 更新成功：陈粒 - 走马 (ID: 2749430417) - 标准、无损音质
[2026-02-25 04:37:02] 更新成功：Top Barry - 发迹 (ID: 2099778087) - 标准、无损音质
[2026-02-25 04:37:04] 更新成功：蛋堡 - I Want You (ID: 76834) - 标准、无损音质
[2026-02-25 04:37:06] 更新成功：庾澄庆 - 春泥 (ID: 573968836) - 标准、无损音质
[2026-02-25 04:37:08] 更新成功：Vansdaddy - 身无居所 (ID: 3319817890) - 标准、无损音质
[2026-02-25 04:37:15] 更新成功：建坤YOUNG - 声音 (ID: 2031085185) - 无损音质
[2026-02-25 04:37:17] 更新成功：岑宁儿 - 追光者 (ID: 483671599) - 标准、无损音质
[2026-02-25 04:37:18] 更新完成：成功更新 24 首歌曲
[2026-02-25 04:51:18] 开始更新音乐URL...
[2026-02-25 04:51:18] 备份创建成功：backups/music_data_2026-02-25_04-51-18.json
[2026-02-25 04:51:21] 更新成功：徐佳莹 - 一样的月光 (ID: 306665) - 标准、无损音质
[2026-02-25 04:51:23] 更新成功：Maroon 5 - Payphone (ID: 1952737857) - 标准、无损音质
[2026-02-25 04:51:25] 更新成功：G.E.M.邓紫棋 - 来自天堂的魔鬼 (ID: 36270426) - 标准、无损音质
[2026-02-25 04:51:27] 更新成功：郭静 - 下一个天亮 (ID: 233882) - 标准、无损音质
[2026-02-25 04:51:30] 更新成功：李荣浩 - 不将就 (ID: 31654343) - 标准、无损音质
[2026-02-25 04:51:32] 更新成功：雨爱 (ID: 316100) - 标准、无损音质
[2026-02-25 04:51:34] 更新成功：林宜融 - 同手同脚 (ID: 350482) - 标准、无损音质
[2026-02-25 04:51:36] 更新成功：孙燕姿 - 开始懂了 (ID: 287719) - 标准、无损音质
[2026-02-25 04:51:38] 更新成功：Beyond - 真的爱你 (ID: 346075) - 标准、无损音质
[2026-02-25 04:51:40] 更新成功：KUN - Colder (ID: 3351234875) - 标准、无损音质
[2026-02-25 04:51:42] 更新成功：陶喆 - 流沙 (ID: 150667) - 标准、无损音质
[2026-02-25 04:51:44] 更新成功：李毓芬 - 是我不够好 (ID: 410519050) - 标准、无损音质
[2026-02-25 04:51:46] 更新成功：陈奕迅 - 最佳损友 (ID: 65800) - 标准、无损音质
[2026-02-25 04:51:48] 更新成功：AGA - Wonderful U (Demo Version) (ID: 406475394) - 标准、无损音质
[2026-02-25 04:51:51] 更新成功：陈一豪Clear - 彩铃 (ID: 3339130832) - 标准、无损音质
[2026-02-25 04:51:55] 更新成功：Justin Bieber - Intentions (ID: 1421443440) - 标准、无损音质
[2026-02-25 04:51:57] 更新成功：林俊杰 - 我还想她 (ID: 108493) - 标准、无损音质
[2026-02-25 04:51:59] 更新成功：陈粒 - 走马 (ID: 2749430417) - 标准、无损音质
[2026-02-25 04:52:01] 更新成功：Top Barry - 发迹 (ID: 2099778087) - 标准、无损音质
[2026-02-25 04:52:03] 更新成功：蛋堡 - I Want You (ID: 76834) - 标准、无损音质
[2026-02-25 04:52:05] 更新成功：庾澄庆 - 春泥 (ID: 573968836) - 标准、无损音质
[2026-02-25 04:52:07] 更新成功：Vansdaddy - 身无居所 (ID: 3319817890) - 标准、无损音质
[2026-02-25 04:52:09] 更新成功：建坤YOUNG - 声音 (ID: 2031085185) - 标准、无损音质
[2026-02-25 04:52:11] 更新成功：岑宁儿 - 追光者 (ID: 483671599) - 标准、无损音质
[2026-02-25 04:52:12] 更新完成：成功更新 24 首歌曲
[2026-02-25 05:06:18] 开始更新音乐URL...
[2026-02-25 05:06:18] 备份创建成功：backups/music_data_2026-02-25_05-06-18.json
[2026-02-25 05:06:21] 更新成功：徐佳莹 - 一样的月光 (ID: 306665) - 标准、无损音质
[2026-02-25 05:06:24] 更新成功：Maroon 5 - Payphone (ID: 1952737857) - 标准、无损音质
[2026-02-25 05:06:26] 更新成功：G.E.M.邓紫棋 - 来自天堂的魔鬼 (ID: 36270426) - 标准、无损音质
[2026-02-25 05:06:28] 更新成功：郭静 - 下一个天亮 (ID: 233882) - 标准、无损音质
[2026-02-25 05:06:30] 更新成功：李荣浩 - 不将就 (ID: 31654343) - 标准、无损音质
[2026-02-25 05:06:32] 更新成功：雨爱 (ID: 316100) - 标准、无损音质
[2026-02-25 05:06:34] 更新成功：林宜融 - 同手同脚 (ID: 350482) - 标准、无损音质
[2026-02-25 05:06:36] 更新成功：孙燕姿 - 开始懂了 (ID: 287719) - 标准、无损音质
[2026-02-25 05:06:38] 更新成功：Beyond - 真的爱你 (ID: 346075) - 标准、无损音质
[2026-02-25 05:06:40] 更新成功：KUN - Colder (ID: 3351234875) - 标准、无损音质
[2026-02-25 05:06:42] 更新成功：陶喆 - 流沙 (ID: 150667) - 标准、无损音质
[2026-02-25 05:06:45] 更新成功：李毓芬 - 是我不够好 (ID: 410519050) - 标准、无损音质
[2026-02-25 05:06:47] 更新成功：陈奕迅 - 最佳损友 (ID: 65800) - 标准、无损音质
[2026-02-25 05:06:49] 更新成功：AGA - Wonderful U (Demo Version) (ID: 406475394) - 标准、无损音质
[2026-02-25 05:06:51] 更新成功：陈一豪Clear - 彩铃 (ID: 3339130832) - 标准、无损音质
[2026-02-25 05:06:53] 更新成功：Justin Bieber - Intentions (ID: 1421443440) - 标准、无损音质
[2026-02-25 05:06:55] 更新成功：林俊杰 - 我还想她 (ID: 108493) - 标准、无损音质
[2026-02-25 05:06:58] 更新成功：陈粒 - 走马 (ID: 2749430417) - 标准、无损音质
[2026-02-25 05:07:00] 更新成功：Top Barry - 发迹 (ID: 2099778087) - 标准、无损音质
[2026-02-25 05:07:02] 更新成功：蛋堡 - I Want You (ID: 76834) - 标准、无损音质
[2026-02-25 05:07:04] 更新成功：庾澄庆 - 春泥 (ID: 573968836) - 标准、无损音质
[2026-02-25 05:07:06] 更新成功：Vansdaddy - 身无居所 (ID: 3319817890) - 标准、无损音质
[2026-02-25 05:07:08] 更新成功：建坤YOUNG - 声音 (ID: 2031085185) - 标准、无损音质
[2026-02-25 05:07:10] 更新成功：岑宁儿 - 追光者 (ID: 483671599) - 标准、无损音质
[2026-02-25 05:07:11] 更新完成：成功更新 24 首歌曲
[2026-02-25 05:21:18] 开始更新音乐URL...
[2026-02-25 05:21:18] 备份创建成功：backups/music_data_2026-02-25_05-21-18.json
[2026-02-25 05:21:20] 更新成功：徐佳莹 - 一样的月光 (ID: 306665) - 标准、无损音质
[2026-02-25 05:21:27] 更新成功：Maroon 5 - Payphone (ID: 1952737857) - 无损音质
[2026-02-25 05:21:29] 更新成功：G.E.M.邓紫棋 - 来自天堂的魔鬼 (ID: 36270426) - 标准、无损音质
[2026-02-25 05:21:31] 更新成功：郭静 - 下一个天亮 (ID: 233882) - 标准、无损音质
[2026-02-25 05:21:33] 更新成功：李荣浩 - 不将就 (ID: 31654343) - 标准、无损音质
[2026-02-25 05:21:35] 更新成功：雨爱 (ID: 316100) - 标准、无损音质
[2026-02-25 05:21:38] 更新成功：林宜融 - 同手同脚 (ID: 350482) - 标准、无损音质
[2026-02-25 05:21:40] 更新成功：孙燕姿 - 开始懂了 (ID: 287719) - 标准、无损音质
[2026-02-25 05:21:42] 更新成功：Beyond - 真的爱你 (ID: 346075) - 标准、无损音质
[2026-02-25 05:21:44] 更新成功：KUN - Colder (ID: 3351234875) - 标准、无损音质
[2026-02-25 05:21:46] 更新成功：陶喆 - 流沙 (ID: 150667) - 标准、无损音质
[2026-02-25 05:21:48] 更新成功：李毓芬 - 是我不够好 (ID: 410519050) - 标准、无损音质
[2026-02-25 05:21:50] 更新成功：陈奕迅 - 最佳损友 (ID: 65800) - 标准、无损音质
[2026-02-25 05:21:52] 更新成功：AGA - Wonderful U (Demo Version) (ID: 406475394) - 标准、无损音质
[2026-02-25 05:21:54] 更新成功：陈一豪Clear - 彩铃 (ID: 3339130832) - 标准、无损音质
[2026-02-25 05:21:56] 更新成功：Justin Bieber - Intentions (ID: 1421443440) - 标准、无损音质
[2026-02-25 05:21:58] 更新成功：林俊杰 - 我还想她 (ID: 108493) - 标准、无损音质
[2026-02-25 05:22:00] 更新成功：陈粒 - 走马 (ID: 2749430417) - 标准、无损音质
[2026-02-25 05:22:03] 更新成功：Top Barry - 发迹 (ID: 2099778087) - 标准、无损音质
[2026-02-25 05:22:05] 更新成功：蛋堡 - I Want You (ID: 76834) - 标准、无损音质
[2026-02-25 05:22:08] 更新成功：庾澄庆 - 春泥 (ID: 573968836) - 标准、无损音质
[2026-02-25 05:22:12] 更新成功：Vansdaddy - 身无居所 (ID: 3319817890) - 标准、无损音质
[2026-02-25 05:22:16] 更新成功：建坤YOUNG - 声音 (ID: 2031085185) - 标准、无损音质
[2026-02-25 05:22:19] 更新成功：岑宁儿 - 追光者 (ID: 483671599) - 标准、无损音质
[2026-02-25 05:22:20] 更新完成：成功更新 24 首歌曲
[2026-02-25 05:36:18] 开始更新音乐URL...
[2026-02-25 05:36:18] 备份创建成功：backups/music_data_2026-02-25_05-36-18.json
[2026-02-25 05:36:20] 更新成功：徐佳莹 - 一样的月光 (ID: 306665) - 标准、无损音质
[2026-02-25 05:36:22] 更新成功：Maroon 5 - Payphone (ID: 1952737857) - 标准、无损音质
[2026-02-25 05:36:24] 更新成功：G.E.M.邓紫棋 - 来自天堂的魔鬼 (ID: 36270426) - 标准、无损音质
[2026-02-25 05:36:26] 更新成功：郭静 - 下一个天亮 (ID: 233882) - 标准、无损音质
[2026-02-25 05:36:29] 更新成功：李荣浩 - 不将就 (ID: 31654343) - 标准、无损音质
[2026-02-25 05:36:31] 更新成功：雨爱 (ID: 316100) - 标准、无损音质
[2026-02-25 05:36:33] 更新成功：林宜融 - 同手同脚 (ID: 350482) - 标准、无损音质
[2026-02-25 05:36:35] 更新成功：孙燕姿 - 开始懂了 (ID: 287719) - 标准、无损音质
[2026-02-25 05:36:37] 更新成功：Beyond - 真的爱你 (ID: 346075) - 标准、无损音质
[2026-02-25 05:36:39] 更新成功：KUN - Colder (ID: 3351234875) - 标准、无损音质
[2026-02-25 05:36:42] 更新成功：陶喆 - 流沙 (ID: 150667) - 标准、无损音质
[2026-02-25 05:36:44] 更新成功：李毓芬 - 是我不够好 (ID: 410519050) - 标准、无损音质
[2026-02-25 05:36:46] 更新成功：陈奕迅 - 最佳损友 (ID: 65800) - 标准、无损音质
[2026-02-25 05:36:48] 更新成功：AGA - Wonderful U (Demo Version) (ID: 406475394) - 标准、无损音质
[2026-02-25 05:36:50] 更新成功：陈一豪Clear - 彩铃 (ID: 3339130832) - 标准、无损音质
[2026-02-25 05:36:52] 更新成功：Justin Bieber - Intentions (ID: 1421443440) - 标准、无损音质
[2026-02-25 05:36:54] 更新成功：林俊杰 - 我还想她 (ID: 108493) - 标准、无损音质
[2026-02-25 05:36:56] 更新成功：陈粒 - 走马 (ID: 2749430417) - 标准、无损音质
[2026-02-25 05:36:58] 更新成功：Top Barry - 发迹 (ID: 2099778087) - 标准、无损音质
[2026-02-25 05:37:00] 更新成功：蛋堡 - I Want You (ID: 76834) - 标准、无损音质
[2026-02-25 05:37:03] 更新成功：庾澄庆 - 春泥 (ID: 573968836) - 标准、无损音质
[2026-02-25 05:37:05] 更新成功：Vansdaddy - 身无居所 (ID: 3319817890) - 标准、无损音质
[2026-02-25 05:37:07] 更新成功：建坤YOUNG - 声音 (ID: 2031085185) - 标准、无损音质
[2026-02-25 05:37:09] 更新成功：岑宁儿 - 追光者 (ID: 483671599) - 标准、无损音质
[2026-02-25 05:37:09] 更新完成：成功更新 24 首歌曲
[2026-02-25 05:51:18] 开始更新音乐URL...
[2026-02-25 05:51:18] 备份创建成功：backups/music_data_2026-02-25_05-51-18.json
[2026-02-25 05:51:21] 更新成功：徐佳莹 - 一样的月光 (ID: 306665) - 标准、无损音质
[2026-02-25 05:51:23] 更新成功：Maroon 5 - Payphone (ID: 1952737857) - 标准、无损音质
[2026-02-25 05:51:25] 更新成功：G.E.M.邓紫棋 - 来自天堂的魔鬼 (ID: 36270426) - 标准、无损音质
[2026-02-25 05:51:28] 更新成功：郭静 - 下一个天亮 (ID: 233882) - 标准、无损音质
[2026-02-25 05:51:30] 更新成功：李荣浩 - 不将就 (ID: 31654343) - 标准、无损音质
[2026-02-25 05:51:32] 更新成功：雨爱 (ID: 316100) - 标准、无损音质
[2026-02-25 05:51:34] 更新成功：林宜融 - 同手同脚 (ID: 350482) - 标准、无损音质
[2026-02-25 05:51:36] 更新成功：孙燕姿 - 开始懂了 (ID: 287719) - 标准、无损音质
[2026-02-25 05:51:38] 更新成功：Beyond - 真的爱你 (ID: 346075) - 标准、无损音质
[2026-02-25 05:51:40] 更新成功：KUN - Colder (ID: 3351234875) - 标准、无损音质
[2026-02-25 05:51:43] 更新成功：陶喆 - 流沙 (ID: 150667) - 标准、无损音质
[2026-02-25 05:51:45] 更新成功：李毓芬 - 是我不够好 (ID: 410519050) - 标准、无损音质
[2026-02-25 05:51:47] 更新成功：陈奕迅 - 最佳损友 (ID: 65800) - 标准、无损音质
[2026-02-25 05:51:49] 更新成功：AGA - Wonderful U (Demo Version) (ID: 406475394) - 标准、无损音质
[2026-02-25 05:51:51] 更新成功：陈一豪Clear - 彩铃 (ID: 3339130832) - 标准、无损音质
[2026-02-25 05:51:55] 更新成功：Justin Bieber - Intentions (ID: 1421443440) - 标准、无损音质
[2026-02-25 05:51:58] 更新成功：林俊杰 - 我还想她 (ID: 108493) - 标准、无损音质
[2026-02-25 05:52:04] 更新成功：陈粒 - 走马 (ID: 2749430417) - 标准音质
[2026-02-25 05:52:06] 更新成功：Top Barry - 发迹 (ID: 2099778087) - 标准、无损音质
[2026-02-25 05:52:09] 更新成功：蛋堡 - I Want You (ID: 76834) - 标准、无损音质
[2026-02-25 05:52:11] 更新成功：庾澄庆 - 春泥 (ID: 573968836) - 标准、无损音质
[2026-02-25 05:52:13] 更新成功：Vansdaddy - 身无居所 (ID: 3319817890) - 标准、无损音质
[2026-02-25 05:52:15] 更新成功：建坤YOUNG - 声音 (ID: 2031085185) - 标准、无损音质
[2026-02-25 05:52:17] 更新成功：岑宁儿 - 追光者 (ID: 483671599) - 标准、无损音质
[2026-02-25 05:52:17] 更新完成：成功更新 24 首歌曲
[2026-02-25 06:06:18] 开始更新音乐URL...
[2026-02-25 06:06:18] 备份创建成功：backups/music_data_2026-02-25_06-06-18.json
[2026-02-25 06:06:20] 更新成功：徐佳莹 - 一样的月光 (ID: 306665) - 标准、无损音质
[2026-02-25 06:06:22] 更新成功：Maroon 5 - Payphone (ID: 1952737857) - 标准、无损音质
[2026-02-25 06:06:24] 更新成功：G.E.M.邓紫棋 - 来自天堂的魔鬼 (ID: 36270426) - 标准、无损音质
[2026-02-25 06:06:27] 更新成功：郭静 - 下一个天亮 (ID: 233882) - 标准、无损音质
[2026-02-25 06:06:29] 更新成功：李荣浩 - 不将就 (ID: 31654343) - 标准、无损音质
[2026-02-25 06:06:31] 更新成功：雨爱 (ID: 316100) - 标准、无损音质
[2026-02-25 06:06:33] 更新成功：林宜融 - 同手同脚 (ID: 350482) - 标准、无损音质
[2026-02-25 06:06:35] 更新成功：孙燕姿 - 开始懂了 (ID: 287719) - 标准、无损音质
[2026-02-25 06:06:37] 更新成功：Beyond - 真的爱你 (ID: 346075) - 标准、无损音质
[2026-02-25 06:06:39] 更新成功：KUN - Colder (ID: 3351234875) - 标准、无损音质
[2026-02-25 06:06:41] 更新成功：陶喆 - 流沙 (ID: 150667) - 标准、无损音质
[2026-02-25 06:06:43] 更新成功：李毓芬 - 是我不够好 (ID: 410519050) - 标准、无损音质
[2026-02-25 06:06:46] 更新成功：陈奕迅 - 最佳损友 (ID: 65800) - 标准、无损音质
[2026-02-25 06:06:48] 更新成功：AGA - Wonderful U (Demo Version) (ID: 406475394) - 标准、无损音质
[2026-02-25 06:06:50] 更新成功：陈一豪Clear - 彩铃 (ID: 3339130832) - 标准、无损音质
[2026-02-25 06:06:52] 更新成功：Justin Bieber - Intentions (ID: 1421443440) - 标准、无损音质
[2026-02-25 06:06:54] 更新成功：林俊杰 - 我还想她 (ID: 108493) - 标准、无损音质
[2026-02-25 06:06:56] 更新成功：陈粒 - 走马 (ID: 2749430417) - 标准、无损音质
[2026-02-25 06:06:58] 更新成功：Top Barry - 发迹 (ID: 2099778087) - 标准、无损音质
[2026-02-25 06:07:00] 更新成功：蛋堡 - I Want You (ID: 76834) - 标准、无损音质
[2026-02-25 06:07:02] 更新成功：庾澄庆 - 春泥 (ID: 573968836) - 标准、无损音质
[2026-02-25 06:07:04] 更新成功：Vansdaddy - 身无居所 (ID: 3319817890) - 标准、无损音质
[2026-02-25 06:07:06] 更新成功：建坤YOUNG - 声音 (ID: 2031085185) - 标准、无损音质
[2026-02-25 06:07:09] 更新成功：岑宁儿 - 追光者 (ID: 483671599) - 标准、无损音质
[2026-02-25 06:07:09] 更新完成：成功更新 24 首歌曲
[2026-02-25 06:21:18] 开始更新音乐URL...
[2026-02-25 06:21:18] 备份创建成功：backups/music_data_2026-02-25_06-21-18.json
[2026-02-25 06:21:20] 更新成功：徐佳莹 - 一样的月光 (ID: 306665) - 标准、无损音质
[2026-02-25 06:21:22] 更新成功：Maroon 5 - Payphone (ID: 1952737857) - 标准、无损音质
[2026-02-25 06:21:24] 更新成功：G.E.M.邓紫棋 - 来自天堂的魔鬼 (ID: 36270426) - 标准、无损音质
[2026-02-25 06:21:27] 更新成功：郭静 - 下一个天亮 (ID: 233882) - 标准、无损音质
[2026-02-25 06:21:33] 更新成功：李荣浩 - 不将就 (ID: 31654343) - 标准、无损音质
[2026-02-25 06:21:35] 更新成功：雨爱 (ID: 316100) - 标准、无损音质
[2026-02-25 06:21:37] 更新成功：林宜融 - 同手同脚 (ID: 350482) - 标准、无损音质
[2026-02-25 06:21:39] 更新成功：孙燕姿 - 开始懂了 (ID: 287719) - 标准、无损音质
[2026-02-25 06:21:41] 更新成功：Beyond - 真的爱你 (ID: 346075) - 标准、无损音质
[2026-02-25 06:21:43] 更新成功：KUN - Colder (ID: 3351234875) - 标准、无损音质
[2026-02-25 06:21:45] 更新成功：陶喆 - 流沙 (ID: 150667) - 标准、无损音质
[2026-02-25 06:21:47] 更新成功：李毓芬 - 是我不够好 (ID: 410519050) - 标准、无损音质
[2026-02-25 06:21:50] 更新成功：陈奕迅 - 最佳损友 (ID: 65800) - 标准、无损音质
[2026-02-25 06:21:52] 更新成功：AGA - Wonderful U (Demo Version) (ID: 406475394) - 标准、无损音质
[2026-02-25 06:21:54] 更新成功：陈一豪Clear - 彩铃 (ID: 3339130832) - 标准、无损音质
[2026-02-25 06:21:56] 更新成功：Justin Bieber - Intentions (ID: 1421443440) - 标准、无损音质
[2026-02-25 06:21:58] 更新成功：林俊杰 - 我还想她 (ID: 108493) - 标准、无损音质
[2026-02-25 06:22:00] 更新成功：陈粒 - 走马 (ID: 2749430417) - 标准、无损音质
[2026-02-25 06:22:02] 更新成功：Top Barry - 发迹 (ID: 2099778087) - 标准、无损音质
[2026-02-25 06:22:04] 更新成功：蛋堡 - I Want You (ID: 76834) - 标准、无损音质
[2026-02-25 06:22:06] 更新成功：庾澄庆 - 春泥 (ID: 573968836) - 标准、无损音质
[2026-02-25 06:22:08] 更新成功：Vansdaddy - 身无居所 (ID: 3319817890) - 标准、无损音质
[2026-02-25 06:22:10] 更新成功：建坤YOUNG - 声音 (ID: 2031085185) - 标准、无损音质
[2026-02-25 06:22:13] 更新成功：岑宁儿 - 追光者 (ID: 483671599) - 标准、无损音质
[2026-02-25 06:22:13] 更新完成：成功更新 24 首歌曲
[2026-02-25 06:36:18] 开始更新音乐URL...
[2026-02-25 06:36:18] 备份创建成功：backups/music_data_2026-02-25_06-36-18.json
[2026-02-25 06:36:21] 更新成功：徐佳莹 - 一样的月光 (ID: 306665) - 标准、无损音质
[2026-02-25 06:36:23] 更新成功：Maroon 5 - Payphone (ID: 1952737857) - 标准、无损音质
[2026-02-25 06:36:25] 更新成功：G.E.M.邓紫棋 - 来自天堂的魔鬼 (ID: 36270426) - 标准、无损音质
[2026-02-25 06:36:28] 更新成功：郭静 - 下一个天亮 (ID: 233882) - 标准、无损音质
[2026-02-25 06:36:30] 更新成功：李荣浩 - 不将就 (ID: 31654343) - 标准、无损音质
[2026-02-25 06:36:32] 更新成功：雨爱 (ID: 316100) - 标准、无损音质
[2026-02-25 06:36:34] 更新成功：林宜融 - 同手同脚 (ID: 350482) - 标准、无损音质
[2026-02-25 06:36:36] 更新成功：孙燕姿 - 开始懂了 (ID: 287719) - 标准、无损音质
[2026-02-25 06:36:38] 更新成功：Beyond - 真的爱你 (ID: 346075) - 标准、无损音质
[2026-02-25 06:36:40] 更新成功：KUN - Colder (ID: 3351234875) - 标准、无损音质
[2026-02-25 06:36:42] 更新成功：陶喆 - 流沙 (ID: 150667) - 标准、无损音质
[2026-02-25 06:36:44] 更新成功：李毓芬 - 是我不够好 (ID: 410519050) - 标准、无损音质
[2026-02-25 06:36:46] 更新成功：陈奕迅 - 最佳损友 (ID: 65800) - 标准、无损音质
[2026-02-25 06:36:49] 更新成功：AGA - Wonderful U (Demo Version) (ID: 406475394) - 标准、无损音质
[2026-02-25 06:36:51] 更新成功：陈一豪Clear - 彩铃 (ID: 3339130832) - 标准、无损音质
[2026-02-25 06:36:53] 更新成功：Justin Bieber - Intentions (ID: 1421443440) - 标准、无损音质
[2026-02-25 06:36:55] 更新成功：林俊杰 - 我还想她 (ID: 108493) - 标准、无损音质
[2026-02-25 06:36:57] 更新成功：陈粒 - 走马 (ID: 2749430417) - 标准、无损音质
[2026-02-25 06:36:59] 更新成功：Top Barry - 发迹 (ID: 2099778087) - 标准、无损音质
[2026-02-25 06:37:01] 更新成功：蛋堡 - I Want You (ID: 76834) - 标准、无损音质
[2026-02-25 06:37:03] 更新成功：庾澄庆 - 春泥 (ID: 573968836) - 标准、无损音质
[2026-02-25 06:37:05] 更新成功：Vansdaddy - 身无居所 (ID: 3319817890) - 标准、无损音质
[2026-02-25 06:37:07] 更新成功：建坤YOUNG - 声音 (ID: 2031085185) - 标准、无损音质
[2026-02-25 06:37:10] 更新成功：岑宁儿 - 追光者 (ID: 483671599) - 标准、无损音质
[2026-02-25 06:37:10] 更新完成：成功更新 24 首歌曲
[2026-02-25 06:51:18] 开始更新音乐URL...
[2026-02-25 06:51:18] 备份创建成功：backups/music_data_2026-02-25_06-51-18.json
[2026-02-25 06:51:20] 更新成功：徐佳莹 - 一样的月光 (ID: 306665) - 标准、无损音质
[2026-02-25 06:51:22] 更新成功：Maroon 5 - Payphone (ID: 1952737857) - 标准、无损音质
[2026-02-25 06:51:24] 更新成功：G.E.M.邓紫棋 - 来自天堂的魔鬼 (ID: 36270426) - 标准、无损音质
[2026-02-25 06:51:26] 更新成功：郭静 - 下一个天亮 (ID: 233882) - 标准、无损音质
[2026-02-25 06:51:29] 更新成功：李荣浩 - 不将就 (ID: 31654343) - 标准、无损音质
[2026-02-25 06:51:31] 更新成功：雨爱 (ID: 316100) - 标准、无损音质
[2026-02-25 06:51:33] 更新成功：林宜融 - 同手同脚 (ID: 350482) - 标准、无损音质
[2026-02-25 06:51:35] 更新成功：孙燕姿 - 开始懂了 (ID: 287719) - 标准、无损音质
[2026-02-25 06:51:37] 更新成功：Beyond - 真的爱你 (ID: 346075) - 标准、无损音质
[2026-02-25 06:51:39] 更新成功：KUN - Colder (ID: 3351234875) - 标准、无损音质
[2026-02-25 06:51:41] 更新成功：陶喆 - 流沙 (ID: 150667) - 标准、无损音质
[2026-02-25 06:51:43] 更新成功：李毓芬 - 是我不够好 (ID: 410519050) - 标准、无损音质
[2026-02-25 06:51:45] 更新成功：陈奕迅 - 最佳损友 (ID: 65800) - 标准、无损音质
[2026-02-25 06:51:47] 更新成功：AGA - Wonderful U (Demo Version) (ID: 406475394) - 标准、无损音质
[2026-02-25 06:51:49] 更新成功：陈一豪Clear - 彩铃 (ID: 3339130832) - 标准、无损音质
[2026-02-25 06:51:51] 更新成功：Justin Bieber - Intentions (ID: 1421443440) - 标准、无损音质
[2026-02-25 06:51:54] 更新成功：林俊杰 - 我还想她 (ID: 108493) - 标准、无损音质
[2026-02-25 06:51:56] 更新成功：陈粒 - 走马 (ID: 2749430417) - 标准、无损音质
[2026-02-25 06:51:58] 更新成功：Top Barry - 发迹 (ID: 2099778087) - 标准、无损音质
[2026-02-25 06:52:00] 更新成功：蛋堡 - I Want You (ID: 76834) - 标准、无损音质
[2026-02-25 06:52:02] 更新成功：庾澄庆 - 春泥 (ID: 573968836) - 标准、无损音质
[2026-02-25 06:52:04] 更新成功：Vansdaddy - 身无居所 (ID: 3319817890) - 标准、无损音质
[2026-02-25 06:52:06] 更新成功：建坤YOUNG - 声音 (ID: 2031085185) - 标准、无损音质
[2026-02-25 06:52:09] 更新成功：岑宁儿 - 追光者 (ID: 483671599) - 标准、无损音质
[2026-02-25 06:52:09] 更新完成：成功更新 24 首歌曲
[2026-02-25 07:06:18] 开始更新音乐URL...
[2026-02-25 07:06:18] 备份创建成功：backups/music_data_2026-02-25_07-06-18.json
[2026-02-25 07:06:20] 更新成功：徐佳莹 - 一样的月光 (ID: 306665) - 标准、无损音质
[2026-02-25 07:06:22] 更新成功：Maroon 5 - Payphone (ID: 1952737857) - 标准、无损音质
[2026-02-25 07:06:24] 更新成功：G.E.M.邓紫棋 - 来自天堂的魔鬼 (ID: 36270426) - 标准、无损音质
[2026-02-25 07:06:26] 更新成功：郭静 - 下一个天亮 (ID: 233882) - 标准、无损音质
[2026-02-25 07:06:29] 更新成功：李荣浩 - 不将就 (ID: 31654343) - 标准、无损音质
[2026-02-25 07:06:31] 更新成功：雨爱 (ID: 316100) - 标准、无损音质
[2026-02-25 07:06:33] 更新成功：林宜融 - 同手同脚 (ID: 350482) - 标准、无损音质
[2026-02-25 07:06:35] 更新成功：孙燕姿 - 开始懂了 (ID: 287719) - 标准、无损音质
[2026-02-25 07:06:37] 更新成功：Beyond - 真的爱你 (ID: 346075) - 标准、无损音质
[2026-02-25 07:06:39] 更新成功：KUN - Colder (ID: 3351234875) - 标准、无损音质
[2026-02-25 07:06:44] 更新成功：陶喆 - 流沙 (ID: 150667) - 标准、无损音质
[2026-02-25 07:06:46] 更新成功：李毓芬 - 是我不够好 (ID: 410519050) - 标准、无损音质
[2026-02-25 07:06:48] 更新成功：陈奕迅 - 最佳损友 (ID: 65800) - 标准、无损音质
[2026-02-25 07:06:50] 更新成功：AGA - Wonderful U (Demo Version) (ID: 406475394) - 标准、无损音质
[2026-02-25 07:06:52] 更新成功：陈一豪Clear - 彩铃 (ID: 3339130832) - 标准、无损音质
[2026-02-25 07:06:54] 更新成功：Justin Bieber - Intentions (ID: 1421443440) - 标准、无损音质
[2026-02-25 07:06:56] 更新成功：林俊杰 - 我还想她 (ID: 108493) - 标准、无损音质
[2026-02-25 07:06:58] 更新成功：陈粒 - 走马 (ID: 2749430417) - 标准、无损音质
[2026-02-25 07:07:00] 更新成功：Top Barry - 发迹 (ID: 2099778087) - 标准、无损音质
[2026-02-25 07:07:02] 更新成功：蛋堡 - I Want You (ID: 76834) - 标准、无损音质
[2026-02-25 07:07:05] 更新成功：庾澄庆 - 春泥 (ID: 573968836) - 标准、无损音质
[2026-02-25 07:07:09] 更新成功：Vansdaddy - 身无居所 (ID: 3319817890) - 标准、无损音质
[2026-02-25 07:07:15] 更新成功：建坤YOUNG - 声音 (ID: 2031085185) - 标准、无损音质
[2026-02-25 07:07:18] 更新成功：岑宁儿 - 追光者 (ID: 483671599) - 标准、无损音质
[2026-02-25 07:07:18] 更新完成：成功更新 24 首歌曲
[2026-02-25 07:21:18] 开始更新音乐URL...
[2026-02-25 07:21:18] 备份创建成功：backups/music_data_2026-02-25_07-21-18.json
[2026-02-25 07:21:20] 更新成功：徐佳莹 - 一样的月光 (ID: 306665) - 标准、无损音质
[2026-02-25 07:21:22] 更新成功：Maroon 5 - Payphone (ID: 1952737857) - 标准、无损音质
[2026-02-25 07:21:25] 更新成功：G.E.M.邓紫棋 - 来自天堂的魔鬼 (ID: 36270426) - 标准、无损音质
[2026-02-25 07:21:27] 更新成功：郭静 - 下一个天亮 (ID: 233882) - 标准、无损音质
[2026-02-25 07:21:29] 更新成功：李荣浩 - 不将就 (ID: 31654343) - 标准、无损音质
[2026-02-25 07:21:32] 更新成功：雨爱 (ID: 316100) - 标准、无损音质
[2026-02-25 07:21:35] 更新成功：林宜融 - 同手同脚 (ID: 350482) - 标准、无损音质
[2026-02-25 07:21:39] 更新成功：孙燕姿 - 开始懂了 (ID: 287719) - 标准、无损音质
[2026-02-25 07:21:43] 更新成功：Beyond - 真的爱你 (ID: 346075) - 标准、无损音质
[2026-02-25 07:21:48] 更新成功：KUN - Colder (ID: 3351234875) - 标准、无损音质
[2026-02-25 07:21:52] 更新成功：陶喆 - 流沙 (ID: 150667) - 标准、无损音质
[2026-02-25 07:21:55] 更新成功：李毓芬 - 是我不够好 (ID: 410519050) - 标准、无损音质
[2026-02-25 07:21:58] 更新成功：陈奕迅 - 最佳损友 (ID: 65800) - 标准、无损音质
[2026-02-25 07:22:00] 更新成功：AGA - Wonderful U (Demo Version) (ID: 406475394) - 标准、无损音质
[2026-02-25 07:22:02] 更新成功：陈一豪Clear - 彩铃 (ID: 3339130832) - 标准、无损音质
[2026-02-25 07:22:04] 更新成功：Justin Bieber - Intentions (ID: 1421443440) - 标准、无损音质
[2026-02-25 07:22:06] 更新成功：林俊杰 - 我还想她 (ID: 108493) - 标准、无损音质
[2026-02-25 07:22:08] 更新成功：陈粒 - 走马 (ID: 2749430417) - 标准、无损音质
[2026-02-25 07:22:10] 更新成功：Top Barry - 发迹 (ID: 2099778087) - 标准、无损音质
[2026-02-25 07:22:12] 更新成功：蛋堡 - I Want You (ID: 76834) - 标准、无损音质
[2026-02-25 07:22:14] 更新成功：庾澄庆 - 春泥 (ID: 573968836) - 标准、无损音质
[2026-02-25 07:22:17] 更新成功：Vansdaddy - 身无居所 (ID: 3319817890) - 标准、无损音质
[2026-02-25 07:22:20] 更新成功：建坤YOUNG - 声音 (ID: 2031085185) - 标准、无损音质
[2026-02-25 07:22:23] 更新成功：岑宁儿 - 追光者 (ID: 483671599) - 标准、无损音质
[2026-02-25 07:22:23] 更新完成：成功更新 24 首歌曲
[2026-02-25 07:36:18] 开始更新音乐URL...
[2026-02-25 07:36:18] 备份创建成功：backups/music_data_2026-02-25_07-36-18.json
[2026-02-25 07:36:20] 更新成功：徐佳莹 - 一样的月光 (ID: 306665) - 标准、无损音质
[2026-02-25 07:36:22] 更新成功：Maroon 5 - Payphone (ID: 1952737857) - 标准、无损音质
[2026-02-25 07:36:24] 更新成功：G.E.M.邓紫棋 - 来自天堂的魔鬼 (ID: 36270426) - 标准、无损音质
[2026-02-25 07:36:26] 更新成功：郭静 - 下一个天亮 (ID: 233882) - 标准、无损音质
[2026-02-25 07:36:29] 更新成功：李荣浩 - 不将就 (ID: 31654343) - 标准、无损音质
[2026-02-25 07:36:31] 更新成功：雨爱 (ID: 316100) - 标准、无损音质
[2026-02-25 07:36:33] 更新成功：林宜融 - 同手同脚 (ID: 350482) - 标准、无损音质
[2026-02-25 07:36:35] 更新成功：孙燕姿 - 开始懂了 (ID: 287719) - 标准、无损音质
[2026-02-25 07:36:37] 更新成功：Beyond - 真的爱你 (ID: 346075) - 标准、无损音质
[2026-02-25 07:36:39] 更新成功：KUN - Colder (ID: 3351234875) - 标准、无损音质
[2026-02-25 07:36:41] 更新成功：陶喆 - 流沙 (ID: 150667) - 标准、无损音质
[2026-02-25 07:36:43] 更新成功：李毓芬 - 是我不够好 (ID: 410519050) - 标准、无损音质
[2026-02-25 07:36:50] 更新成功：陈奕迅 - 最佳损友 (ID: 65800) - 标准音质
[2026-02-25 07:36:52] 更新成功：AGA - Wonderful U (Demo Version) (ID: 406475394) - 标准、无损音质
[2026-02-25 07:36:55] 更新成功：陈一豪Clear - 彩铃 (ID: 3339130832) - 标准、无损音质
[2026-02-25 07:36:57] 更新成功：Justin Bieber - Intentions (ID: 1421443440) - 标准、无损音质
[2026-02-25 07:36:59] 更新成功：林俊杰 - 我还想她 (ID: 108493) - 标准、无损音质
[2026-02-25 07:37:01] 更新成功：陈粒 - 走马 (ID: 2749430417) - 标准、无损音质
[2026-02-25 07:37:03] 更新成功：Top Barry - 发迹 (ID: 2099778087) - 标准、无损音质
[2026-02-25 07:37:05] 更新成功：蛋堡 - I Want You (ID: 76834) - 标准、无损音质
[2026-02-25 07:37:07] 更新成功：庾澄庆 - 春泥 (ID: 573968836) - 标准、无损音质
[2026-02-25 07:37:09] 更新成功：Vansdaddy - 身无居所 (ID: 3319817890) - 标准、无损音质
[2026-02-25 07:37:11] 更新成功：建坤YOUNG - 声音 (ID: 2031085185) - 标准、无损音质
[2026-02-25 07:37:13] 更新成功：岑宁儿 - 追光者 (ID: 483671599) - 标准、无损音质
[2026-02-25 07:37:14] 更新完成：成功更新 24 首歌曲
[2026-02-25 07:51:18] 开始更新音乐URL...
[2026-02-25 07:51:18] 备份创建成功：backups/music_data_2026-02-25_07-51-18.json
[2026-02-25 07:51:20] 更新成功：徐佳莹 - 一样的月光 (ID: 306665) - 标准、无损音质
[2026-02-25 07:51:22] 更新成功：Maroon 5 - Payphone (ID: 1952737857) - 标准、无损音质
[2026-02-25 07:51:24] 更新成功：G.E.M.邓紫棋 - 来自天堂的魔鬼 (ID: 36270426) - 标准、无损音质
[2026-02-25 07:51:27] 更新成功：郭静 - 下一个天亮 (ID: 233882) - 标准、无损音质
[2026-02-25 07:51:29] 更新成功：李荣浩 - 不将就 (ID: 31654343) - 标准、无损音质
[2026-02-25 07:51:33] 更新成功：雨爱 (ID: 316100) - 标准、无损音质
[2026-02-25 07:51:36] 更新成功：林宜融 - 同手同脚 (ID: 350482) - 标准、无损音质
[2026-02-25 07:51:39] 更新成功：孙燕姿 - 开始懂了 (ID: 287719) - 标准、无损音质
[2026-02-25 07:51:41] 更新成功：Beyond - 真的爱你 (ID: 346075) - 标准、无损音质
[2026-02-25 07:51:43] 更新成功：KUN - Colder (ID: 3351234875) - 标准、无损音质
[2026-02-25 07:51:45] 更新成功：陶喆 - 流沙 (ID: 150667) - 标准、无损音质
[2026-02-25 07:51:47] 更新成功：李毓芬 - 是我不够好 (ID: 410519050) - 标准、无损音质
[2026-02-25 07:51:49] 更新成功：陈奕迅 - 最佳损友 (ID: 65800) - 标准、无损音质
[2026-02-25 07:51:52] 更新成功：AGA - Wonderful U (Demo Version) (ID: 406475394) - 标准、无损音质
[2026-02-25 07:51:54] 更新成功：陈一豪Clear - 彩铃 (ID: 3339130832) - 标准、无损音质
[2026-02-25 07:51:58] 更新成功：Justin Bieber - Intentions (ID: 1421443440) - 标准、无损音质
[2026-02-25 07:52:00] 更新成功：林俊杰 - 我还想她 (ID: 108493) - 标准、无损音质
[2026-02-25 07:52:02] 更新成功：陈粒 - 走马 (ID: 2749430417) - 标准、无损音质
[2026-02-25 07:52:04] 更新成功：Top Barry - 发迹 (ID: 2099778087) - 标准、无损音质
[2026-02-25 07:52:06] 更新成功：蛋堡 - I Want You (ID: 76834) - 标准、无损音质
[2026-02-25 07:52:08] 更新成功：庾澄庆 - 春泥 (ID: 573968836) - 标准、无损音质
[2026-02-25 07:52:10] 更新成功：Vansdaddy - 身无居所 (ID: 3319817890) - 标准、无损音质
[2026-02-25 07:52:13] 更新成功：建坤YOUNG - 声音 (ID: 2031085185) - 标准、无损音质
[2026-02-25 07:52:15] 更新成功：岑宁儿 - 追光者 (ID: 483671599) - 标准、无损音质
[2026-02-25 07:52:15] 更新完成：成功更新 24 首歌曲
[2026-02-25 08:06:18] 开始更新音乐URL...
[2026-02-25 08:06:18] 备份创建成功：backups/music_data_2026-02-25_08-06-18.json
[2026-02-25 08:06:22] 更新成功：徐佳莹 - 一样的月光 (ID: 306665) - 标准、无损音质
[2026-02-25 08:06:24] 更新成功：Maroon 5 - Payphone (ID: 1952737857) - 标准、无损音质
[2026-02-25 08:06:26] 更新成功：G.E.M.邓紫棋 - 来自天堂的魔鬼 (ID: 36270426) - 标准、无损音质
[2026-02-25 08:06:28] 更新成功：郭静 - 下一个天亮 (ID: 233882) - 标准、无损音质
[2026-02-25 08:06:30] 更新成功：李荣浩 - 不将就 (ID: 31654343) - 标准、无损音质
[2026-02-25 08:06:32] 更新成功：雨爱 (ID: 316100) - 标准、无损音质
[2026-02-25 08:06:34] 更新成功：林宜融 - 同手同脚 (ID: 350482) - 标准、无损音质
[2026-02-25 08:06:36] 更新成功：孙燕姿 - 开始懂了 (ID: 287719) - 标准、无损音质
[2026-02-25 08:06:38] 更新成功：Beyond - 真的爱你 (ID: 346075) - 标准、无损音质
[2026-02-25 08:06:40] 更新成功：KUN - Colder (ID: 3351234875) - 标准、无损音质
[2026-02-25 08:06:43] 更新成功：陶喆 - 流沙 (ID: 150667) - 标准、无损音质
[2026-02-25 08:06:45] 更新成功：李毓芬 - 是我不够好 (ID: 410519050) - 标准、无损音质
[2026-02-25 08:06:47] 更新成功：陈奕迅 - 最佳损友 (ID: 65800) - 标准、无损音质
[2026-02-25 08:06:49] 更新成功：AGA - Wonderful U (Demo Version) (ID: 406475394) - 标准、无损音质
[2026-02-25 08:06:56] 更新成功：陈一豪Clear - 彩铃 (ID: 3339130832) - 标准音质
[2026-02-25 08:06:58] 更新成功：Justin Bieber - Intentions (ID: 1421443440) - 标准、无损音质
[2026-02-25 08:07:00] 更新成功：林俊杰 - 我还想她 (ID: 108493) - 标准、无损音质
[2026-02-25 08:07:02] 更新成功：陈粒 - 走马 (ID: 2749430417) - 标准、无损音质
[2026-02-25 08:07:05] 更新成功：Top Barry - 发迹 (ID: 2099778087) - 标准、无损音质
[2026-02-25 08:07:07] 更新成功：蛋堡 - I Want You (ID: 76834) - 标准、无损音质
[2026-02-25 08:07:09] 更新成功：庾澄庆 - 春泥 (ID: 573968836) - 标准、无损音质
[2026-02-25 08:07:11] 更新成功：Vansdaddy - 身无居所 (ID: 3319817890) - 标准、无损音质
[2026-02-25 08:07:13] 更新成功：建坤YOUNG - 声音 (ID: 2031085185) - 标准、无损音质
[2026-02-25 08:07:15] 更新成功：岑宁儿 - 追光者 (ID: 483671599) - 标准、无损音质
[2026-02-25 08:07:16] 更新完成：成功更新 24 首歌曲
[2026-02-25 08:21:18] 开始更新音乐URL...
[2026-02-25 08:21:18] 备份创建成功：backups/music_data_2026-02-25_08-21-18.json
[2026-02-25 08:21:20] 更新成功：徐佳莹 - 一样的月光 (ID: 306665) - 标准、无损音质
[2026-02-25 08:21:23] 更新成功：Maroon 5 - Payphone (ID: 1952737857) - 标准、无损音质
[2026-02-25 08:21:25] 更新成功：G.E.M.邓紫棋 - 来自天堂的魔鬼 (ID: 36270426) - 标准、无损音质
[2026-02-25 08:21:28] 更新成功：郭静 - 下一个天亮 (ID: 233882) - 标准、无损音质
[2026-02-25 08:21:30] 更新成功：李荣浩 - 不将就 (ID: 31654343) - 标准、无损音质
[2026-02-25 08:21:32] 更新成功：雨爱 (ID: 316100) - 标准、无损音质
[2026-02-25 08:21:35] 更新成功：林宜融 - 同手同脚 (ID: 350482) - 标准、无损音质
[2026-02-25 08:21:37] 更新成功：孙燕姿 - 开始懂了 (ID: 287719) - 标准、无损音质
[2026-02-25 08:21:39] 更新成功：Beyond - 真的爱你 (ID: 346075) - 标准、无损音质
[2026-02-25 08:21:41] 更新成功：KUN - Colder (ID: 3351234875) - 标准、无损音质
[2026-02-25 08:21:44] 更新成功：陶喆 - 流沙 (ID: 150667) - 标准、无损音质
[2026-02-25 08:21:46] 更新成功：李毓芬 - 是我不够好 (ID: 410519050) - 标准、无损音质
[2026-02-25 08:21:48] 更新成功：陈奕迅 - 最佳损友 (ID: 65800) - 标准、无损音质
[2026-02-25 08:21:51] 更新成功：AGA - Wonderful U (Demo Version) (ID: 406475394) - 标准、无损音质
[2026-02-25 08:21:53] 更新成功：陈一豪Clear - 彩铃 (ID: 3339130832) - 标准、无损音质
[2026-02-25 08:21:55] 更新成功：Justin Bieber - Intentions (ID: 1421443440) - 标准、无损音质
[2026-02-25 08:21:58] 更新成功：林俊杰 - 我还想她 (ID: 108493) - 标准、无损音质
[2026-02-25 08:22:00] 更新成功：陈粒 - 走马 (ID: 2749430417) - 标准、无损音质
[2026-02-25 08:22:03] 更新成功：Top Barry - 发迹 (ID: 2099778087) - 标准、无损音质
[2026-02-25 08:22:06] 更新成功：蛋堡 - I Want You (ID: 76834) - 标准、无损音质
[2026-02-25 08:22:08] 更新成功：庾澄庆 - 春泥 (ID: 573968836) - 标准、无损音质
[2026-02-25 08:22:11] 更新成功：Vansdaddy - 身无居所 (ID: 3319817890) - 标准、无损音质
[2026-02-25 08:22:13] 更新成功：建坤YOUNG - 声音 (ID: 2031085185) - 标准、无损音质
[2026-02-25 08:22:16] 更新成功：岑宁儿 - 追光者 (ID: 483671599) - 标准、无损音质
[2026-02-25 08:22:17] 更新完成：成功更新 24 首歌曲
[2026-02-25 08:36:18] 开始更新音乐URL...
[2026-02-25 08:36:18] 备份创建成功：backups/music_data_2026-02-25_08-36-18.json
[2026-02-25 08:36:21] 更新成功：徐佳莹 - 一样的月光 (ID: 306665) - 标准、无损音质
[2026-02-25 08:36:24] 更新成功：Maroon 5 - Payphone (ID: 1952737857) - 标准、无损音质
[2026-02-25 08:36:28] 更新成功：G.E.M.邓紫棋 - 来自天堂的魔鬼 (ID: 36270426) - 标准、无损音质
[2026-02-25 08:36:30] 更新成功：郭静 - 下一个天亮 (ID: 233882) - 标准、无损音质
[2026-02-25 08:36:37] 更新成功：李荣浩 - 不将就 (ID: 31654343) - 无损音质
[2026-02-25 08:36:39] 更新成功：雨爱 (ID: 316100) - 标准、无损音质
[2026-02-25 08:36:41] 更新成功：林宜融 - 同手同脚 (ID: 350482) - 标准、无损音质
[2026-02-25 08:36:43] 更新成功：孙燕姿 - 开始懂了 (ID: 287719) - 标准、无损音质
[2026-02-25 08:36:46] 更新成功：Beyond - 真的爱你 (ID: 346075) - 标准、无损音质
[2026-02-25 08:36:48] 更新成功：KUN - Colder (ID: 3351234875) - 标准、无损音质
[2026-02-25 08:36:50] 更新成功：陶喆 - 流沙 (ID: 150667) - 标准、无损音质
[2026-02-25 08:36:53] 更新成功：李毓芬 - 是我不够好 (ID: 410519050) - 标准、无损音质
[2026-02-25 08:36:55] 更新成功：陈奕迅 - 最佳损友 (ID: 65800) - 标准、无损音质
[2026-02-25 08:36:57] 更新成功：AGA - Wonderful U (Demo Version) (ID: 406475394) - 标准、无损音质
[2026-02-25 08:37:01] 更新成功：陈一豪Clear - 彩铃 (ID: 3339130832) - 标准、无损音质
[2026-02-25 08:37:03] 更新成功：Justin Bieber - Intentions (ID: 1421443440) - 标准、无损音质
[2026-02-25 08:37:06] 更新成功：林俊杰 - 我还想她 (ID: 108493) - 标准、无损音质
[2026-02-25 08:37:08] 更新成功：陈粒 - 走马 (ID: 2749430417) - 标准、无损音质
[2026-02-25 08:37:11] 更新成功：Top Barry - 发迹 (ID: 2099778087) - 标准、无损音质
[2026-02-25 08:37:13] 更新成功：蛋堡 - I Want You (ID: 76834) - 标准、无损音质
[2026-02-25 08:37:15] 更新成功：庾澄庆 - 春泥 (ID: 573968836) - 标准、无损音质
[2026-02-25 08:37:17] 更新成功：Vansdaddy - 身无居所 (ID: 3319817890) - 标准、无损音质
[2026-02-25 08:37:19] 更新成功：建坤YOUNG - 声音 (ID: 2031085185) - 标准、无损音质
[2026-02-25 08:37:22] 更新成功：岑宁儿 - 追光者 (ID: 483671599) - 标准、无损音质
[2026-02-25 08:37:22] 更新完成：成功更新 24 首歌曲
[2026-02-25 08:51:18] 开始更新音乐URL...
[2026-02-25 08:51:18] 备份创建成功：backups/music_data_2026-02-25_08-51-18.json
[2026-02-25 08:51:20] 更新成功：徐佳莹 - 一样的月光 (ID: 306665) - 标准、无损音质
[2026-02-25 08:51:23] 更新成功：Maroon 5 - Payphone (ID: 1952737857) - 标准、无损音质
[2026-02-25 08:51:25] 更新成功：G.E.M.邓紫棋 - 来自天堂的魔鬼 (ID: 36270426) - 标准、无损音质
[2026-02-25 08:51:27] 更新成功：郭静 - 下一个天亮 (ID: 233882) - 标准、无损音质
[2026-02-25 08:51:29] 更新成功：李荣浩 - 不将就 (ID: 31654343) - 标准、无损音质
[2026-02-25 08:51:31] 更新成功：雨爱 (ID: 316100) - 标准、无损音质
[2026-02-25 08:51:33] 更新成功：林宜融 - 同手同脚 (ID: 350482) - 标准、无损音质
[2026-02-25 08:51:35] 更新成功：孙燕姿 - 开始懂了 (ID: 287719) - 标准、无损音质
[2026-02-25 08:51:37] 更新成功：Beyond - 真的爱你 (ID: 346075) - 标准、无损音质
[2026-02-25 08:51:39] 更新成功：KUN - Colder (ID: 3351234875) - 标准、无损音质
[2026-02-25 08:51:42] 更新成功：陶喆 - 流沙 (ID: 150667) - 标准、无损音质
[2026-02-25 08:51:44] 更新成功：李毓芬 - 是我不够好 (ID: 410519050) - 标准、无损音质
[2026-02-25 08:51:46] 更新成功：陈奕迅 - 最佳损友 (ID: 65800) - 标准、无损音质
[2026-02-25 08:51:48] 更新成功：AGA - Wonderful U (Demo Version) (ID: 406475394) - 标准、无损音质
[2026-02-25 08:51:50] 更新成功：陈一豪Clear - 彩铃 (ID: 3339130832) - 标准、无损音质
[2026-02-25 08:51:52] 更新成功：Justin Bieber - Intentions (ID: 1421443440) - 标准、无损音质
[2026-02-25 08:51:54] 更新成功：林俊杰 - 我还想她 (ID: 108493) - 标准、无损音质
[2026-02-25 08:51:56] 更新成功：陈粒 - 走马 (ID: 2749430417) - 标准、无损音质
[2026-02-25 08:51:58] 更新成功：Top Barry - 发迹 (ID: 2099778087) - 标准、无损音质
[2026-02-25 08:52:04] 更新成功：蛋堡 - I Want You (ID: 76834) - 标准、无损音质
[2026-02-25 08:52:06] 更新成功：庾澄庆 - 春泥 (ID: 573968836) - 标准、无损音质
[2026-02-25 08:52:09] 更新成功：Vansdaddy - 身无居所 (ID: 3319817890) - 标准、无损音质
[2026-02-25 08:52:11] 更新成功：建坤YOUNG - 声音 (ID: 2031085185) - 标准、无损音质
[2026-02-25 08:52:13] 更新成功：岑宁儿 - 追光者 (ID: 483671599) - 标准、无损音质
[2026-02-25 08:52:13] 更新完成：成功更新 24 首歌曲
[2026-02-25 09:06:18] 开始更新音乐URL...
[2026-02-25 09:06:18] 备份创建成功：backups/music_data_2026-02-25_09-06-18.json
[2026-02-25 09:06:20] 更新成功：徐佳莹 - 一样的月光 (ID: 306665) - 标准、无损音质
[2026-02-25 09:06:22] 更新成功：Maroon 5 - Payphone (ID: 1952737857) - 标准、无损音质
[2026-02-25 09:06:25] 更新成功：G.E.M.邓紫棋 - 来自天堂的魔鬼 (ID: 36270426) - 标准、无损音质
[2026-02-25 09:06:27] 更新成功：郭静 - 下一个天亮 (ID: 233882) - 标准、无损音质
[2026-02-25 09:06:29] 更新成功：李荣浩 - 不将就 (ID: 31654343) - 标准、无损音质
[2026-02-25 09:06:31] 更新成功：雨爱 (ID: 316100) - 标准、无损音质
[2026-02-25 09:06:34] 更新成功：林宜融 - 同手同脚 (ID: 350482) - 标准、无损音质
[2026-02-25 09:06:36] 更新成功：孙燕姿 - 开始懂了 (ID: 287719) - 标准、无损音质
[2026-02-25 09:06:39] 更新成功：Beyond - 真的爱你 (ID: 346075) - 标准、无损音质
[2026-02-25 09:06:41] 更新成功：KUN - Colder (ID: 3351234875) - 标准、无损音质
[2026-02-25 09:06:43] 更新成功：陶喆 - 流沙 (ID: 150667) - 标准、无损音质
[2026-02-25 09:06:46] 更新成功：李毓芬 - 是我不够好 (ID: 410519050) - 标准、无损音质
[2026-02-25 09:06:48] 更新成功：陈奕迅 - 最佳损友 (ID: 65800) - 标准、无损音质
[2026-02-25 09:06:51] 更新成功：AGA - Wonderful U (Demo Version) (ID: 406475394) - 标准、无损音质
[2026-02-25 09:06:53] 更新成功：陈一豪Clear - 彩铃 (ID: 3339130832) - 标准、无损音质
[2026-02-25 09:06:55] 更新成功：Justin Bieber - Intentions (ID: 1421443440) - 标准、无损音质
[2026-02-25 09:06:58] 更新成功：林俊杰 - 我还想她 (ID: 108493) - 标准、无损音质
[2026-02-25 09:07:00] 更新成功：陈粒 - 走马 (ID: 2749430417) - 标准、无损音质
[2026-02-25 09:07:02] 更新成功：Top Barry - 发迹 (ID: 2099778087) - 标准、无损音质
[2026-02-25 09:07:05] 更新成功：蛋堡 - I Want You (ID: 76834) - 标准、无损音质
[2026-02-25 09:07:07] 更新成功：庾澄庆 - 春泥 (ID: 573968836) - 标准、无损音质
[2026-02-25 09:07:10] 更新成功：Vansdaddy - 身无居所 (ID: 3319817890) - 标准、无损音质
[2026-02-25 09:07:12] 更新成功：建坤YOUNG - 声音 (ID: 2031085185) - 标准、无损音质
[2026-02-25 09:07:14] 更新成功：岑宁儿 - 追光者 (ID: 483671599) - 标准、无损音质
[2026-02-25 09:07:15] 更新完成：成功更新 24 首歌曲
[2026-02-25 09:21:18] 开始更新音乐URL...
[2026-02-25 09:21:18] 备份创建成功：backups/music_data_2026-02-25_09-21-18.json
[2026-02-25 09:21:28] 更新成功：徐佳莹 - 一样的月光 (ID: 306665) - 标准、无损音质
[2026-02-25 09:21:34] 更新成功：Maroon 5 - Payphone (ID: 1952737857) - 标准、无损音质
[2026-02-25 09:21:39] 更新成功：G.E.M.邓紫棋 - 来自天堂的魔鬼 (ID: 36270426) - 标准、无损音质
[2026-02-25 09:21:44] 更新成功：郭静 - 下一个天亮 (ID: 233882) - 标准、无损音质
[2026-02-25 09:21:50] 更新成功：李荣浩 - 不将就 (ID: 31654343) - 标准、无损音质
[2026-02-25 09:21:54] 更新成功：雨爱 (ID: 316100) - 标准、无损音质
[2026-02-25 09:22:00] 更新成功：林宜融 - 同手同脚 (ID: 350482) - 标准、无损音质
[2026-02-25 09:22:05] 更新成功：孙燕姿 - 开始懂了 (ID: 287719) - 标准、无损音质
[2026-02-25 09:22:11] 更新成功：Beyond - 真的爱你 (ID: 346075) - 标准、无损音质
[2026-02-25 09:22:16] 更新成功：KUN - Colder (ID: 3351234875) - 标准、无损音质
[2026-02-25 09:22:21] 更新成功：陶喆 - 流沙 (ID: 150667) - 标准、无损音质
[2026-02-25 09:22:26] 更新成功：李毓芬 - 是我不够好 (ID: 410519050) - 标准、无损音质
[2026-02-25 09:22:31] 更新成功：陈奕迅 - 最佳损友 (ID: 65800) - 标准、无损音质
[2026-02-25 09:22:36] 更新成功：AGA - Wonderful U (Demo Version) (ID: 406475394) - 标准、无损音质
[2026-02-25 09:22:41] 更新成功：陈一豪Clear - 彩铃 (ID: 3339130832) - 标准、无损音质
[2026-02-25 09:22:47] 更新成功：Justin Bieber - Intentions (ID: 1421443440) - 标准、无损音质
[2026-02-25 09:22:51] 更新成功：林俊杰 - 我还想她 (ID: 108493) - 标准、无损音质
[2026-02-25 09:22:56] 更新成功：陈粒 - 走马 (ID: 2749430417) - 标准、无损音质
[2026-02-25 09:23:00] 更新成功：Top Barry - 发迹 (ID: 2099778087) - 标准、无损音质
[2026-02-25 09:23:05] 更新成功：蛋堡 - I Want You (ID: 76834) - 标准、无损音质
[2026-02-25 09:23:10] 更新成功：庾澄庆 - 春泥 (ID: 573968836) - 标准、无损音质
[2026-02-25 09:23:14] 更新成功：Vansdaddy - 身无居所 (ID: 3319817890) - 标准、无损音质
[2026-02-25 09:23:18] 更新成功：建坤YOUNG - 声音 (ID: 2031085185) - 标准、无损音质
[2026-02-25 09:23:22] 更新成功：岑宁儿 - 追光者 (ID: 483671599) - 标准、无损音质
[2026-02-25 09:23:23] 更新完成：成功更新 24 首歌曲
[2026-02-25 09:36:18] 开始更新音乐URL...
[2026-02-25 09:36:18] 备份创建成功：backups/music_data_2026-02-25_09-36-18.json
[2026-02-25 09:36:20] 更新成功：徐佳莹 - 一样的月光 (ID: 306665) - 标准、无损音质
[2026-02-25 09:36:22] 更新成功：Maroon 5 - Payphone (ID: 1952737857) - 标准、无损音质
[2026-02-25 09:36:25] 更新成功：G.E.M.邓紫棋 - 来自天堂的魔鬼 (ID: 36270426) - 标准、无损音质
[2026-02-25 09:36:27] 更新成功：郭静 - 下一个天亮 (ID: 233882) - 标准、无损音质
[2026-02-25 09:36:29] 更新成功：李荣浩 - 不将就 (ID: 31654343) - 标准、无损音质
[2026-02-25 09:36:32] 更新成功：雨爱 (ID: 316100) - 标准、无损音质
[2026-02-25 09:36:34] 更新成功：林宜融 - 同手同脚 (ID: 350482) - 标准、无损音质
[2026-02-25 09:36:37] 更新成功：孙燕姿 - 开始懂了 (ID: 287719) - 标准、无损音质
[2026-02-25 09:36:39] 更新成功：Beyond - 真的爱你 (ID: 346075) - 标准、无损音质
[2026-02-25 09:36:42] 更新成功：KUN - Colder (ID: 3351234875) - 标准、无损音质
[2026-02-25 09:36:48] 更新成功：陶喆 - 流沙 (ID: 150667) - 标准、无损音质
[2026-02-25 09:36:50] 更新成功：李毓芬 - 是我不够好 (ID: 410519050) - 标准、无损音质
[2026-02-25 09:36:53] 更新成功：陈奕迅 - 最佳损友 (ID: 65800) - 标准、无损音质
[2026-02-25 09:36:55] 更新成功：AGA - Wonderful U (Demo Version) (ID: 406475394) - 标准、无损音质
[2026-02-25 09:36:58] 更新成功：陈一豪Clear - 彩铃 (ID: 3339130832) - 标准、无损音质
[2026-02-25 09:37:00] 更新成功：Justin Bieber - Intentions (ID: 1421443440) - 标准、无损音质
[2026-02-25 09:37:03] 更新成功：林俊杰 - 我还想她 (ID: 108493) - 标准、无损音质
[2026-02-25 09:37:05] 更新成功：陈粒 - 走马 (ID: 2749430417) - 标准、无损音质
[2026-02-25 09:37:08] 更新成功：Top Barry - 发迹 (ID: 2099778087) - 标准、无损音质
[2026-02-25 09:37:10] 更新成功：蛋堡 - I Want You (ID: 76834) - 标准、无损音质
[2026-02-25 09:37:13] 更新成功：庾澄庆 - 春泥 (ID: 573968836) - 标准、无损音质
[2026-02-25 09:37:15] 更新成功：Vansdaddy - 身无居所 (ID: 3319817890) - 标准、无损音质
[2026-02-25 09:37:17] 更新成功：建坤YOUNG - 声音 (ID: 2031085185) - 标准、无损音质
[2026-02-25 09:37:22] 更新成功：岑宁儿 - 追光者 (ID: 483671599) - 标准、无损音质
[2026-02-25 09:37:23] 更新完成：成功更新 24 首歌曲
[2026-02-25 09:51:19] 开始更新音乐URL...
[2026-02-25 09:51:19] 备份创建成功：backups/music_data_2026-02-25_09-51-19.json
[2026-02-25 09:51:21] 更新成功：徐佳莹 - 一样的月光 (ID: 306665) - 标准、无损音质
[2026-02-25 09:51:23] 更新成功：Maroon 5 - Payphone (ID: 1952737857) - 标准、无损音质
[2026-02-25 09:51:27] 更新成功：G.E.M.邓紫棋 - 来自天堂的魔鬼 (ID: 36270426) - 标准、无损音质
[2026-02-25 09:51:29] 更新成功：郭静 - 下一个天亮 (ID: 233882) - 标准、无损音质
[2026-02-25 09:51:32] 更新成功：李荣浩 - 不将就 (ID: 31654343) - 标准、无损音质
[2026-02-25 09:51:34] 更新成功：雨爱 (ID: 316100) - 标准、无损音质
[2026-02-25 09:51:37] 更新成功：林宜融 - 同手同脚 (ID: 350482) - 标准、无损音质
[2026-02-25 09:51:39] 更新成功：孙燕姿 - 开始懂了 (ID: 287719) - 标准、无损音质
[2026-02-25 09:51:42] 更新成功：Beyond - 真的爱你 (ID: 346075) - 标准、无损音质
[2026-02-25 09:51:44] 更新成功：KUN - Colder (ID: 3351234875) - 标准、无损音质
[2026-02-25 09:51:47] 更新成功：陶喆 - 流沙 (ID: 150667) - 标准、无损音质
[2026-02-25 09:51:49] 更新成功：李毓芬 - 是我不够好 (ID: 410519050) - 标准、无损音质
[2026-02-25 09:51:52] 更新成功：陈奕迅 - 最佳损友 (ID: 65800) - 标准、无损音质
[2026-02-25 09:51:54] 更新成功：AGA - Wonderful U (Demo Version) (ID: 406475394) - 标准、无损音质
[2026-02-25 09:51:56] 更新成功：陈一豪Clear - 彩铃 (ID: 3339130832) - 标准、无损音质
[2026-02-25 09:51:59] 更新成功：Justin Bieber - Intentions (ID: 1421443440) - 标准、无损音质
[2026-02-25 09:52:01] 更新成功：林俊杰 - 我还想她 (ID: 108493) - 标准、无损音质
[2026-02-25 09:52:04] 更新成功：陈粒 - 走马 (ID: 2749430417) - 标准、无损音质
[2026-02-25 09:52:06] 更新成功：Top Barry - 发迹 (ID: 2099778087) - 标准、无损音质
[2026-02-25 09:52:09] 更新成功：蛋堡 - I Want You (ID: 76834) - 标准、无损音质
[2026-02-25 09:52:13] 更新成功：庾澄庆 - 春泥 (ID: 573968836) - 标准、无损音质
[2026-02-25 09:52:16] 更新成功：Vansdaddy - 身无居所 (ID: 3319817890) - 标准、无损音质
[2026-02-25 09:52:18] 更新成功：建坤YOUNG - 声音 (ID: 2031085185) - 标准、无损音质
[2026-02-25 09:52:20] 更新成功：岑宁儿 - 追光者 (ID: 483671599) - 标准、无损音质
[2026-02-25 09:52:21] 更新完成：成功更新 24 首歌曲
[2026-02-25 10:06:18] 开始更新音乐URL...
[2026-02-25 10:06:18] 备份创建成功：backups/music_data_2026-02-25_10-06-18.json
[2026-02-25 10:06:20] 更新成功：徐佳莹 - 一样的月光 (ID: 306665) - 标准、无损音质
[2026-02-25 10:06:22] 更新成功：Maroon 5 - Payphone (ID: 1952737857) - 标准、无损音质
[2026-02-25 10:06:25] 更新成功：G.E.M.邓紫棋 - 来自天堂的魔鬼 (ID: 36270426) - 标准、无损音质
[2026-02-25 10:06:32] 更新成功：郭静 - 下一个天亮 (ID: 233882) - 无损音质
[2026-02-25 10:06:34] 更新成功：李荣浩 - 不将就 (ID: 31654343) - 标准、无损音质
[2026-02-25 10:06:37] 更新成功：雨爱 (ID: 316100) - 标准、无损音质
[2026-02-25 10:06:39] 更新成功：林宜融 - 同手同脚 (ID: 350482) - 标准、无损音质
[2026-02-25 10:06:41] 更新成功：孙燕姿 - 开始懂了 (ID: 287719) - 标准、无损音质
[2026-02-25 10:06:44] 更新成功：Beyond - 真的爱你 (ID: 346075) - 标准、无损音质
[2026-02-25 10:06:48] 更新成功：KUN - Colder (ID: 3351234875) - 标准、无损音质
[2026-02-25 10:06:50] 更新成功：陶喆 - 流沙 (ID: 150667) - 标准、无损音质
[2026-02-25 10:07:07] 更新成功：李毓芬 - 是我不够好 (ID: 410519050) - 无损音质
[2026-02-25 10:07:10] 更新成功：陈奕迅 - 最佳损友 (ID: 65800) - 标准、无损音质
[2026-02-25 10:07:14] 更新成功：AGA - Wonderful U (Demo Version) (ID: 406475394) - 标准、无损音质
[2026-02-25 10:07:31] 更新成功：陈一豪Clear - 彩铃 (ID: 3339130832) - 无损音质
[2026-02-25 10:07:33] 更新成功：Justin Bieber - Intentions (ID: 1421443440) - 标准、无损音质
[2026-02-25 10:07:35] 更新成功：林俊杰 - 我还想她 (ID: 108493) - 标准、无损音质
[2026-02-25 10:07:37] 更新成功：陈粒 - 走马 (ID: 2749430417) - 标准、无损音质
[2026-02-25 10:07:40] 更新成功：Top Barry - 发迹 (ID: 2099778087) - 标准、无损音质
[2026-02-25 10:07:42] 更新成功：蛋堡 - I Want You (ID: 76834) - 标准、无损音质
[2026-02-25 10:07:44] 更新成功：庾澄庆 - 春泥 (ID: 573968836) - 标准、无损音质
[2026-02-25 10:07:48] 更新成功：Vansdaddy - 身无居所 (ID: 3319817890) - 标准、无损音质
[2026-02-25 10:07:55] 更新成功：建坤YOUNG - 声音 (ID: 2031085185) - 无损音质
[2026-02-25 10:07:57] 更新成功：岑宁儿 - 追光者 (ID: 483671599) - 标准、无损音质
[2026-02-25 10:07:58] 更新完成：成功更新 24 首歌曲
[2026-02-25 10:21:18] 开始更新音乐URL...
[2026-02-25 10:21:18] 备份创建成功：backups/music_data_2026-02-25_10-21-18.json
[2026-02-25 10:21:21] 更新成功：徐佳莹 - 一样的月光 (ID: 306665) - 标准、无损音质
[2026-02-25 10:21:24] 更新成功：Maroon 5 - Payphone (ID: 1952737857) - 标准、无损音质
[2026-02-25 10:21:28] 更新成功：G.E.M.邓紫棋 - 来自天堂的魔鬼 (ID: 36270426) - 标准、无损音质
[2026-02-25 10:21:31] 更新成功：郭静 - 下一个天亮 (ID: 233882) - 标准、无损音质
[2026-02-25 10:21:35] 更新成功：李荣浩 - 不将就 (ID: 31654343) - 标准、无损音质
[2026-02-25 10:21:42] 更新成功：雨爱 (ID: 316100) - 标准、无损音质
[2026-02-25 10:21:45] 更新成功：林宜融 - 同手同脚 (ID: 350482) - 标准、无损音质
[2026-02-25 10:21:52] 更新成功：孙燕姿 - 开始懂了 (ID: 287719) - 标准、无损音质
[2026-02-25 10:21:56] 更新成功：Beyond - 真的爱你 (ID: 346075) - 标准、无损音质
[2026-02-25 10:21:59] 更新成功：KUN - Colder (ID: 3351234875) - 标准、无损音质
[2026-02-25 10:22:02] 更新成功：陶喆 - 流沙 (ID: 150667) - 标准、无损音质
[2026-02-25 10:22:05] 更新成功：李毓芬 - 是我不够好 (ID: 410519050) - 标准、无损音质
[2026-02-25 10:22:08] 更新成功：陈奕迅 - 最佳损友 (ID: 65800) - 标准、无损音质
[2026-02-25 10:22:13] 更新成功：AGA - Wonderful U (Demo Version) (ID: 406475394) - 标准、无损音质
[2026-02-25 10:22:16] 更新成功：陈一豪Clear - 彩铃 (ID: 3339130832) - 标准、无损音质
[2026-02-25 10:22:19] 更新成功：Justin Bieber - Intentions (ID: 1421443440) - 标准、无损音质
[2026-02-25 10:22:22] 更新成功：林俊杰 - 我还想她 (ID: 108493) - 标准、无损音质
[2026-02-25 10:22:25] 更新成功：陈粒 - 走马 (ID: 2749430417) - 标准、无损音质
[2026-02-25 10:22:28] 更新成功：Top Barry - 发迹 (ID: 2099778087) - 标准、无损音质
[2026-02-25 10:22:46] 更新成功：蛋堡 - I Want You (ID: 76834) - 标准音质
[2026-02-25 10:22:49] 更新成功：庾澄庆 - 春泥 (ID: 573968836) - 标准、无损音质
[2026-02-25 10:22:51] 更新成功：Vansdaddy - 身无居所 (ID: 3319817890) - 标准、无损音质
[2026-02-25 10:22:54] 更新成功：建坤YOUNG - 声音 (ID: 2031085185) - 标准、无损音质
[2026-02-25 10:22:57] 更新成功：岑宁儿 - 追光者 (ID: 483671599) - 标准、无损音质
[2026-02-25 10:22:58] 更新完成：成功更新 24 首歌曲
[2026-02-25 10:36:18] 开始更新音乐URL...
[2026-02-25 10:36:18] 备份创建成功：backups/music_data_2026-02-25_10-36-18.json
[2026-02-25 10:36:23] 更新成功：徐佳莹 - 一样的月光 (ID: 306665) - 标准、无损音质
[2026-02-25 10:36:27] 更新成功：Maroon 5 - Payphone (ID: 1952737857) - 标准、无损音质
[2026-02-25 10:36:32] 更新成功：G.E.M.邓紫棋 - 来自天堂的魔鬼 (ID: 36270426) - 标准、无损音质
[2026-02-25 10:36:38] 更新成功：郭静 - 下一个天亮 (ID: 233882) - 标准、无损音质
[2026-02-25 10:36:42] 更新成功：李荣浩 - 不将就 (ID: 31654343) - 标准、无损音质
[2026-02-25 10:36:46] 更新成功：雨爱 (ID: 316100) - 标准、无损音质
[2026-02-25 10:36:50] 更新成功：林宜融 - 同手同脚 (ID: 350482) - 标准、无损音质
[2026-02-25 10:36:54] 更新成功：孙燕姿 - 开始懂了 (ID: 287719) - 标准、无损音质
[2026-02-25 10:36:58] 更新成功：Beyond - 真的爱你 (ID: 346075) - 标准、无损音质
[2026-02-25 10:37:03] 更新成功：KUN - Colder (ID: 3351234875) - 标准、无损音质
[2026-02-25 10:37:07] 更新成功：陶喆 - 流沙 (ID: 150667) - 标准、无损音质
[2026-02-25 10:37:11] 更新成功：李毓芬 - 是我不够好 (ID: 410519050) - 标准、无损音质
[2026-02-25 10:37:16] 更新成功：陈奕迅 - 最佳损友 (ID: 65800) - 标准、无损音质
[2026-02-25 10:37:19] 更新成功：AGA - Wonderful U (Demo Version) (ID: 406475394) - 标准、无损音质
[2026-02-25 10:37:21] 更新成功：陈一豪Clear - 彩铃 (ID: 3339130832) - 标准、无损音质
[2026-02-25 10:37:25] 更新成功：Justin Bieber - Intentions (ID: 1421443440) - 标准、无损音质
[2026-02-25 10:37:27] 更新成功：林俊杰 - 我还想她 (ID: 108493) - 标准、无损音质
[2026-02-25 10:37:29] 更新成功：陈粒 - 走马 (ID: 2749430417) - 标准、无损音质
[2026-02-25 10:37:31] 更新成功：Top Barry - 发迹 (ID: 2099778087) - 标准、无损音质
[2026-02-25 10:37:33] 更新成功：蛋堡 - I Want You (ID: 76834) - 标准、无损音质
[2026-02-25 10:37:35] 更新成功：庾澄庆 - 春泥 (ID: 573968836) - 标准、无损音质
[2026-02-25 10:37:38] 更新成功：Vansdaddy - 身无居所 (ID: 3319817890) - 标准、无损音质
[2026-02-25 10:37:40] 更新成功：建坤YOUNG - 声音 (ID: 2031085185) - 标准、无损音质
[2026-02-25 10:37:42] 更新成功：岑宁儿 - 追光者 (ID: 483671599) - 标准、无损音质
[2026-02-25 10:37:42] 更新完成：成功更新 24 首歌曲
[2026-02-25 10:51:19] 开始更新音乐URL...
[2026-02-25 10:51:19] 备份创建成功：backups/music_data_2026-02-25_10-51-19.json
[2026-02-25 10:51:23] 更新成功：徐佳莹 - 一样的月光 (ID: 306665) - 标准、无损音质
[2026-02-25 10:51:27] 更新成功：Maroon 5 - Payphone (ID: 1952737857) - 标准、无损音质
[2026-02-25 10:51:33] 更新成功：G.E.M.邓紫棋 - 来自天堂的魔鬼 (ID: 36270426) - 标准、无损音质
[2026-02-25 10:51:38] 更新成功：郭静 - 下一个天亮 (ID: 233882) - 标准、无损音质
[2026-02-25 10:51:42] 更新成功：李荣浩 - 不将就 (ID: 31654343) - 标准、无损音质
[2026-02-25 10:51:44] 更新成功：雨爱 (ID: 316100) - 标准、无损音质
[2026-02-25 10:51:49] 更新成功：林宜融 - 同手同脚 (ID: 350482) - 标准、无损音质
[2026-02-25 10:51:53] 更新成功：孙燕姿 - 开始懂了 (ID: 287719) - 标准、无损音质
[2026-02-25 10:51:56] 更新成功：Beyond - 真的爱你 (ID: 346075) - 标准、无损音质
[2026-02-25 10:51:59] 更新成功：KUN - Colder (ID: 3351234875) - 标准、无损音质
[2026-02-25 10:52:01] 更新成功：陶喆 - 流沙 (ID: 150667) - 标准、无损音质
[2026-02-25 10:52:03] 更新成功：李毓芬 - 是我不够好 (ID: 410519050) - 标准、无损音质
[2026-02-25 10:52:07] 更新成功：陈奕迅 - 最佳损友 (ID: 65800) - 标准、无损音质
[2026-02-25 10:52:10] 更新成功：AGA - Wonderful U (Demo Version) (ID: 406475394) - 标准、无损音质
[2026-02-25 10:52:13] 更新成功：陈一豪Clear - 彩铃 (ID: 3339130832) - 标准、无损音质
[2026-02-25 10:52:15] 更新成功：Justin Bieber - Intentions (ID: 1421443440) - 标准、无损音质
[2026-02-25 10:52:18] 更新成功：林俊杰 - 我还想她 (ID: 108493) - 标准、无损音质
[2026-02-25 10:52:20] 更新成功：陈粒 - 走马 (ID: 2749430417) - 标准、无损音质
[2026-02-25 10:52:23] 更新成功：Top Barry - 发迹 (ID: 2099778087) - 标准、无损音质
[2026-02-25 10:52:25] 更新成功：蛋堡 - I Want You (ID: 76834) - 标准、无损音质
[2026-02-25 10:52:27] 更新成功：庾澄庆 - 春泥 (ID: 573968836) - 标准、无损音质
[2026-02-25 10:52:29] 更新成功：Vansdaddy - 身无居所 (ID: 3319817890) - 标准、无损音质
[2026-02-25 10:52:31] 更新成功：建坤YOUNG - 声音 (ID: 2031085185) - 标准、无损音质
[2026-02-25 10:52:33] 更新成功：岑宁儿 - 追光者 (ID: 483671599) - 标准、无损音质
[2026-02-25 10:52:34] 更新完成：成功更新 24 首歌曲
[2026-02-25 11:06:18] 开始更新音乐URL...
[2026-02-25 11:06:18] 备份创建成功：backups/music_data_2026-02-25_11-06-18.json
[2026-02-25 11:06:20] 更新成功：徐佳莹 - 一样的月光 (ID: 306665) - 标准、无损音质
[2026-02-25 11:06:22] 更新成功：Maroon 5 - Payphone (ID: 1952737857) - 标准、无损音质
[2026-02-25 11:06:25] 更新成功：G.E.M.邓紫棋 - 来自天堂的魔鬼 (ID: 36270426) - 标准、无损音质
[2026-02-25 11:06:27] 更新成功：郭静 - 下一个天亮 (ID: 233882) - 标准、无损音质
[2026-02-25 11:06:29] 更新成功：李荣浩 - 不将就 (ID: 31654343) - 标准、无损音质
[2026-02-25 11:06:31] 更新成功：雨爱 (ID: 316100) - 标准、无损音质
[2026-02-25 11:06:33] 更新成功：林宜融 - 同手同脚 (ID: 350482) - 标准、无损音质
[2026-02-25 11:06:35] 更新成功：孙燕姿 - 开始懂了 (ID: 287719) - 标准、无损音质
[2026-02-25 11:06:37] 更新成功：Beyond - 真的爱你 (ID: 346075) - 标准、无损音质
[2026-02-25 11:06:39] 更新成功：KUN - Colder (ID: 3351234875) - 标准、无损音质
[2026-02-25 11:06:41] 更新成功：陶喆 - 流沙 (ID: 150667) - 标准、无损音质
[2026-02-25 11:06:43] 更新成功：李毓芬 - 是我不够好 (ID: 410519050) - 标准、无损音质
[2026-02-25 11:06:46] 更新成功：陈奕迅 - 最佳损友 (ID: 65800) - 标准、无损音质
[2026-02-25 11:06:48] 更新成功：AGA - Wonderful U (Demo Version) (ID: 406475394) - 标准、无损音质
[2026-02-25 11:06:50] 更新成功：陈一豪Clear - 彩铃 (ID: 3339130832) - 标准、无损音质
[2026-02-25 11:06:52] 更新成功：Justin Bieber - Intentions (ID: 1421443440) - 标准、无损音质
[2026-02-25 11:06:54] 更新成功：林俊杰 - 我还想她 (ID: 108493) - 标准、无损音质
[2026-02-25 11:06:56] 更新成功：陈粒 - 走马 (ID: 2749430417) - 标准、无损音质
[2026-02-25 11:06:58] 更新成功：Top Barry - 发迹 (ID: 2099778087) - 标准、无损音质
[2026-02-25 11:07:00] 更新成功：蛋堡 - I Want You (ID: 76834) - 标准、无损音质
[2026-02-25 11:07:03] 更新成功：庾澄庆 - 春泥 (ID: 573968836) - 标准、无损音质
[2026-02-25 11:07:05] 更新成功：Vansdaddy - 身无居所 (ID: 3319817890) - 标准、无损音质
[2026-02-25 11:07:07] 更新成功：建坤YOUNG - 声音 (ID: 2031085185) - 标准、无损音质
[2026-02-25 11:07:09] 更新成功：岑宁儿 - 追光者 (ID: 483671599) - 标准、无损音质
[2026-02-25 11:07:10] 更新完成：成功更新 24 首歌曲
[2026-02-25 11:21:18] 开始更新音乐URL...
[2026-02-25 11:21:18] 备份创建成功：backups/music_data_2026-02-25_11-21-18.json
[2026-02-25 11:21:20] 更新成功：徐佳莹 - 一样的月光 (ID: 306665) - 标准、无损音质
[2026-02-25 11:21:22] 更新成功：Maroon 5 - Payphone (ID: 1952737857) - 标准、无损音质
[2026-02-25 11:21:24] 更新成功：G.E.M.邓紫棋 - 来自天堂的魔鬼 (ID: 36270426) - 标准、无损音质
[2026-02-25 11:21:26] 更新成功：郭静 - 下一个天亮 (ID: 233882) - 标准、无损音质
[2026-02-25 11:21:29] 更新成功：李荣浩 - 不将就 (ID: 31654343) - 标准、无损音质
[2026-02-25 11:21:31] 更新成功：雨爱 (ID: 316100) - 标准、无损音质
[2026-02-25 11:21:33] 更新成功：林宜融 - 同手同脚 (ID: 350482) - 标准、无损音质
[2026-02-25 11:21:36] 更新成功：孙燕姿 - 开始懂了 (ID: 287719) - 标准、无损音质
[2026-02-25 11:21:40] 更新成功：Beyond - 真的爱你 (ID: 346075) - 标准、无损音质
[2026-02-25 11:21:42] 更新成功：KUN - Colder (ID: 3351234875) - 标准、无损音质
[2026-02-25 11:21:46] 更新成功：陶喆 - 流沙 (ID: 150667) - 标准、无损音质
[2026-02-25 11:21:50] 更新成功：李毓芬 - 是我不够好 (ID: 410519050) - 标准、无损音质
[2026-02-25 11:21:53] 更新成功：陈奕迅 - 最佳损友 (ID: 65800) - 标准、无损音质
[2026-02-25 11:21:56] 更新成功：AGA - Wonderful U (Demo Version) (ID: 406475394) - 标准、无损音质
[2026-02-25 11:22:00] 更新成功：陈一豪Clear - 彩铃 (ID: 3339130832) - 标准、无损音质
[2026-02-25 11:22:02] 更新成功：Justin Bieber - Intentions (ID: 1421443440) - 标准、无损音质
[2026-02-25 11:22:06] 更新成功：林俊杰 - 我还想她 (ID: 108493) - 标准、无损音质
[2026-02-25 11:22:10] 更新成功：陈粒 - 走马 (ID: 2749430417) - 标准、无损音质
[2026-02-25 11:22:13] 更新成功：Top Barry - 发迹 (ID: 2099778087) - 标准、无损音质
[2026-02-25 11:22:17] 更新成功：蛋堡 - I Want You (ID: 76834) - 标准、无损音质
[2026-02-25 11:22:20] 更新成功：庾澄庆 - 春泥 (ID: 573968836) - 标准、无损音质
[2026-02-25 11:22:23] 更新成功：Vansdaddy - 身无居所 (ID: 3319817890) - 标准、无损音质
[2026-02-25 11:22:26] 更新成功：建坤YOUNG - 声音 (ID: 2031085185) - 标准、无损音质
[2026-02-25 11:22:30] 更新成功：岑宁儿 - 追光者 (ID: 483671599) - 标准、无损音质
[2026-02-25 11:22:30] 更新完成：成功更新 24 首歌曲
[2026-02-25 11:36:18] 开始更新音乐URL...
[2026-02-25 11:36:18] 备份创建成功：backups/music_data_2026-02-25_11-36-18.json
[2026-02-25 11:36:20] 更新成功：徐佳莹 - 一样的月光 (ID: 306665) - 标准、无损音质
[2026-02-25 11:36:22] 更新成功：Maroon 5 - Payphone (ID: 1952737857) - 标准、无损音质
[2026-02-25 11:36:28] 更新成功：G.E.M.邓紫棋 - 来自天堂的魔鬼 (ID: 36270426) - 标准、无损音质
[2026-02-25 11:36:30] 更新成功：郭静 - 下一个天亮 (ID: 233882) - 标准、无损音质
[2026-02-25 11:36:32] 更新成功：李荣浩 - 不将就 (ID: 31654343) - 标准、无损音质
[2026-02-25 11:36:35] 更新成功：雨爱 (ID: 316100) - 标准、无损音质
[2026-02-25 11:36:37] 更新成功：林宜融 - 同手同脚 (ID: 350482) - 标准、无损音质
[2026-02-25 11:36:39] 更新成功：孙燕姿 - 开始懂了 (ID: 287719) - 标准、无损音质
[2026-02-25 11:36:41] 更新成功：Beyond - 真的爱你 (ID: 346075) - 标准、无损音质
[2026-02-25 11:36:47] 更新成功：KUN - Colder (ID: 3351234875) - 标准、无损音质
[2026-02-25 11:36:51] 更新成功：陶喆 - 流沙 (ID: 150667) - 标准、无损音质
[2026-02-25 11:36:53] 更新成功：李毓芬 - 是我不够好 (ID: 410519050) - 标准、无损音质
[2026-02-25 11:36:55] 更新成功：陈奕迅 - 最佳损友 (ID: 65800) - 标准、无损音质
[2026-02-25 11:36:57] 更新成功：AGA - Wonderful U (Demo Version) (ID: 406475394) - 标准、无损音质
[2026-02-25 11:37:00] 更新成功：陈一豪Clear - 彩铃 (ID: 3339130832) - 标准、无损音质
[2026-02-25 11:37:05] 更新成功：Justin Bieber - Intentions (ID: 1421443440) - 标准、无损音质
[2026-02-25 11:37:07] 更新成功：林俊杰 - 我还想她 (ID: 108493) - 标准、无损音质
[2026-02-25 11:37:09] 更新成功：陈粒 - 走马 (ID: 2749430417) - 标准、无损音质
[2026-02-25 11:37:11] 更新成功：Top Barry - 发迹 (ID: 2099778087) - 标准、无损音质
[2026-02-25 11:37:13] 更新成功：蛋堡 - I Want You (ID: 76834) - 标准、无损音质
[2026-02-25 11:37:15] 更新成功：庾澄庆 - 春泥 (ID: 573968836) - 标准、无损音质
[2026-02-25 11:37:18] 更新成功：Vansdaddy - 身无居所 (ID: 3319817890) - 标准、无损音质
[2026-02-25 11:37:20] 更新成功：建坤YOUNG - 声音 (ID: 2031085185) - 标准、无损音质
[2026-02-25 11:37:22] 更新成功：岑宁儿 - 追光者 (ID: 483671599) - 标准、无损音质
[2026-02-25 11:37:22] 更新完成：成功更新 24 首歌曲
[2026-02-25 11:51:18] 开始更新音乐URL...
[2026-02-25 11:51:18] 备份创建成功：backups/music_data_2026-02-25_11-51-18.json
[2026-02-25 11:51:20] 更新成功：徐佳莹 - 一样的月光 (ID: 306665) - 标准、无损音质
[2026-02-25 11:51:23] 更新成功：Maroon 5 - Payphone (ID: 1952737857) - 标准、无损音质
[2026-02-25 11:51:25] 更新成功：G.E.M.邓紫棋 - 来自天堂的魔鬼 (ID: 36270426) - 标准、无损音质
[2026-02-25 11:51:27] 更新成功：郭静 - 下一个天亮 (ID: 233882) - 标准、无损音质
[2026-02-25 11:51:29] 更新成功：李荣浩 - 不将就 (ID: 31654343) - 标准、无损音质
[2026-02-25 11:51:31] 更新成功：雨爱 (ID: 316100) - 标准、无损音质
[2026-02-25 11:51:33] 更新成功：林宜融 - 同手同脚 (ID: 350482) - 标准、无损音质
[2026-02-25 11:51:36] 更新成功：孙燕姿 - 开始懂了 (ID: 287719) - 标准、无损音质
[2026-02-25 11:51:38] 更新成功：Beyond - 真的爱你 (ID: 346075) - 标准、无损音质
[2026-02-25 11:51:40] 更新成功：KUN - Colder (ID: 3351234875) - 标准、无损音质
[2026-02-25 11:51:43] 更新成功：陶喆 - 流沙 (ID: 150667) - 标准、无损音质
[2026-02-25 11:51:45] 更新成功：李毓芬 - 是我不够好 (ID: 410519050) - 标准、无损音质
[2026-02-25 11:51:47] 更新成功：陈奕迅 - 最佳损友 (ID: 65800) - 标准、无损音质
[2026-02-25 11:51:49] 更新成功：AGA - Wonderful U (Demo Version) (ID: 406475394) - 标准、无损音质
[2026-02-25 11:51:51] 更新成功：陈一豪Clear - 彩铃 (ID: 3339130832) - 标准、无损音质
[2026-02-25 11:51:55] 更新成功：Justin Bieber - Intentions (ID: 1421443440) - 标准、无损音质
[2026-02-25 11:51:58] 更新成功：林俊杰 - 我还想她 (ID: 108493) - 标准、无损音质
[2026-02-25 11:52:03] 更新成功：陈粒 - 走马 (ID: 2749430417) - 标准、无损音质
[2026-02-25 11:52:05] 更新成功：Top Barry - 发迹 (ID: 2099778087) - 标准、无损音质
[2026-02-25 11:52:07] 更新成功：蛋堡 - I Want You (ID: 76834) - 标准、无损音质
[2026-02-25 11:52:09] 更新成功：庾澄庆 - 春泥 (ID: 573968836) - 标准、无损音质
[2026-02-25 11:52:11] 更新成功：Vansdaddy - 身无居所 (ID: 3319817890) - 标准、无损音质
[2026-02-25 11:52:14] 更新成功：建坤YOUNG - 声音 (ID: 2031085185) - 标准、无损音质
[2026-02-25 11:52:17] 更新成功：岑宁儿 - 追光者 (ID: 483671599) - 标准、无损音质
[2026-02-25 11:52:18] 更新完成：成功更新 24 首歌曲
[2026-02-25 12:06:19] 开始更新音乐URL...
[2026-02-25 12:06:19] 备份创建成功：backups/music_data_2026-02-25_12-06-19.json
[2026-02-25 12:06:24] 更新成功：徐佳莹 - 一样的月光 (ID: 306665) - 标准、无损音质
[2026-02-25 12:06:28] 更新成功：Maroon 5 - Payphone (ID: 1952737857) - 标准、无损音质
[2026-02-25 12:06:34] 更新成功：G.E.M.邓紫棋 - 来自天堂的魔鬼 (ID: 36270426) - 标准、无损音质
[2026-02-25 12:06:38] 更新成功：郭静 - 下一个天亮 (ID: 233882) - 标准、无损音质
[2026-02-25 12:06:43] 更新成功：李荣浩 - 不将就 (ID: 31654343) - 标准、无损音质
[2026-02-25 12:06:47] 更新成功：雨爱 (ID: 316100) - 标准、无损音质
[2026-02-25 12:06:52] 更新成功：林宜融 - 同手同脚 (ID: 350482) - 标准、无损音质
[2026-02-25 12:06:56] 更新成功：孙燕姿 - 开始懂了 (ID: 287719) - 标准、无损音质
[2026-02-25 12:07:00] 更新成功：Beyond - 真的爱你 (ID: 346075) - 标准、无损音质
[2026-02-25 12:07:05] 更新成功：KUN - Colder (ID: 3351234875) - 标准、无损音质
[2026-02-25 12:07:09] 更新成功：陶喆 - 流沙 (ID: 150667) - 标准、无损音质
[2026-02-25 12:07:14] 更新成功：李毓芬 - 是我不够好 (ID: 410519050) - 标准、无损音质
[2026-02-25 12:07:18] 更新成功：陈奕迅 - 最佳损友 (ID: 65800) - 标准、无损音质
[2026-02-25 12:07:22] 更新成功：AGA - Wonderful U (Demo Version) (ID: 406475394) - 标准、无损音质
[2026-02-25 12:07:27] 更新成功：陈一豪Clear - 彩铃 (ID: 3339130832) - 标准、无损音质
[2026-02-25 12:07:31] 更新成功：Justin Bieber - Intentions (ID: 1421443440) - 标准、无损音质
[2026-02-25 12:07:36] 更新成功：林俊杰 - 我还想她 (ID: 108493) - 标准、无损音质
[2026-02-25 12:07:40] 更新成功：陈粒 - 走马 (ID: 2749430417) - 标准、无损音质
[2026-02-25 12:07:44] 更新成功：Top Barry - 发迹 (ID: 2099778087) - 标准、无损音质
[2026-02-25 12:07:49] 更新成功：蛋堡 - I Want You (ID: 76834) - 标准、无损音质
[2026-02-25 12:07:53] 更新成功：庾澄庆 - 春泥 (ID: 573968836) - 标准、无损音质
[2026-02-25 12:07:57] 更新成功：Vansdaddy - 身无居所 (ID: 3319817890) - 标准、无损音质
[2026-02-25 12:08:01] 更新成功：建坤YOUNG - 声音 (ID: 2031085185) - 标准、无损音质
[2026-02-25 12:08:04] 更新成功：岑宁儿 - 追光者 (ID: 483671599) - 标准、无损音质
[2026-02-25 12:08:05] 更新完成：成功更新 24 首歌曲
[2026-02-25 12:21:18] 开始更新音乐URL...
[2026-02-25 12:21:18] 备份创建成功：backups/music_data_2026-02-25_12-21-18.json
[2026-02-25 12:21:24] 更新成功：徐佳莹 - 一样的月光 (ID: 306665) - 标准、无损音质
[2026-02-25 12:21:40] 更新成功：Maroon 5 - Payphone (ID: 1952737857) - 标准、无损音质
[2026-02-25 12:21:44] 更新成功：G.E.M.邓紫棋 - 来自天堂的魔鬼 (ID: 36270426) - 标准、无损音质
[2026-02-25 12:21:47] 更新成功：郭静 - 下一个天亮 (ID: 233882) - 标准、无损音质
[2026-02-25 12:21:51] 更新成功：李荣浩 - 不将就 (ID: 31654343) - 标准、无损音质
[2026-02-25 12:21:55] 更新成功：雨爱 (ID: 316100) - 标准、无损音质
[2026-02-25 12:22:08] 更新成功：林宜融 - 同手同脚 (ID: 350482) - 标准、无损音质
[2026-02-25 12:22:12] 更新成功：孙燕姿 - 开始懂了 (ID: 287719) - 标准、无损音质
[2026-02-25 12:22:17] 更新成功：Beyond - 真的爱你 (ID: 346075) - 标准、无损音质
[2026-02-25 12:22:21] 更新成功：KUN - Colder (ID: 3351234875) - 标准、无损音质
[2026-02-25 12:22:25] 更新成功：陶喆 - 流沙 (ID: 150667) - 标准、无损音质
[2026-02-25 12:22:29] 更新成功：李毓芬 - 是我不够好 (ID: 410519050) - 标准、无损音质
[2026-02-25 12:22:35] 更新成功：陈奕迅 - 最佳损友 (ID: 65800) - 标准、无损音质
[2026-02-25 12:22:39] 更新成功：AGA - Wonderful U (Demo Version) (ID: 406475394) - 标准、无损音质
[2026-02-25 12:22:44] 更新成功：陈一豪Clear - 彩铃 (ID: 3339130832) - 标准、无损音质
[2026-02-25 12:22:47] 更新成功：Justin Bieber - Intentions (ID: 1421443440) - 标准、无损音质
[2026-02-25 12:22:50] 更新成功：林俊杰 - 我还想她 (ID: 108493) - 标准、无损音质
[2026-02-25 12:22:53] 更新成功：陈粒 - 走马 (ID: 2749430417) - 标准、无损音质
[2026-02-25 12:22:56] 更新成功：Top Barry - 发迹 (ID: 2099778087) - 标准、无损音质
[2026-02-25 12:23:01] 更新成功：蛋堡 - I Want You (ID: 76834) - 标准、无损音质
[2026-02-25 12:23:06] 更新成功：庾澄庆 - 春泥 (ID: 573968836) - 标准、无损音质
[2026-02-25 12:23:10] 更新成功：Vansdaddy - 身无居所 (ID: 3319817890) - 标准、无损音质
[2026-02-25 12:23:15] 更新成功：建坤YOUNG - 声音 (ID: 2031085185) - 标准、无损音质
[2026-02-25 12:23:19] 更新成功：岑宁儿 - 追光者 (ID: 483671599) - 标准、无损音质
[2026-02-25 12:23:20] 更新完成：成功更新 24 首歌曲
[2026-02-25 12:36:18] 开始更新音乐URL...
[2026-02-25 12:36:18] 备份创建成功：backups/music_data_2026-02-25_12-36-18.json
[2026-02-25 12:36:21] 更新成功：徐佳莹 - 一样的月光 (ID: 306665) - 标准、无损音质
[2026-02-25 12:36:24] 更新成功：Maroon 5 - Payphone (ID: 1952737857) - 标准、无损音质
[2026-02-25 12:36:27] 更新成功：G.E.M.邓紫棋 - 来自天堂的魔鬼 (ID: 36270426) - 标准、无损音质
[2026-02-25 12:36:31] 更新成功：郭静 - 下一个天亮 (ID: 233882) - 标准、无损音质
[2026-02-25 12:36:35] 更新成功：李荣浩 - 不将就 (ID: 31654343) - 标准、无损音质
[2026-02-25 12:36:38] 更新成功：雨爱 (ID: 316100) - 标准、无损音质
[2026-02-25 12:36:42] 更新成功：林宜融 - 同手同脚 (ID: 350482) - 标准、无损音质
[2026-02-25 12:36:46] 更新成功：孙燕姿 - 开始懂了 (ID: 287719) - 标准、无损音质
[2026-02-25 12:36:48] 更新成功：Beyond - 真的爱你 (ID: 346075) - 标准、无损音质
[2026-02-25 12:36:53] 更新成功：KUN - Colder (ID: 3351234875) - 标准、无损音质
[2026-02-25 12:36:57] 更新成功：陶喆 - 流沙 (ID: 150667) - 标准、无损音质
[2026-02-25 12:36:59] 更新成功：李毓芬 - 是我不够好 (ID: 410519050) - 标准、无损音质
[2026-02-25 12:37:02] 更新成功：陈奕迅 - 最佳损友 (ID: 65800) - 标准、无损音质
[2026-02-25 12:37:06] 更新成功：AGA - Wonderful U (Demo Version) (ID: 406475394) - 标准、无损音质
[2026-02-25 12:37:09] 更新成功：陈一豪Clear - 彩铃 (ID: 3339130832) - 标准、无损音质
[2026-02-25 12:37:12] 更新成功：Justin Bieber - Intentions (ID: 1421443440) - 标准、无损音质
[2026-02-25 12:37:16] 更新成功：林俊杰 - 我还想她 (ID: 108493) - 标准、无损音质
[2026-02-25 12:37:19] 更新成功：陈粒 - 走马 (ID: 2749430417) - 标准、无损音质
[2026-02-25 12:37:22] 更新成功：Top Barry - 发迹 (ID: 2099778087) - 标准、无损音质
[2026-02-25 12:37:25] 更新成功：蛋堡 - I Want You (ID: 76834) - 标准、无损音质
[2026-02-25 12:37:30] 更新成功：庾澄庆 - 春泥 (ID: 573968836) - 标准、无损音质
[2026-02-25 12:37:33] 更新成功：Vansdaddy - 身无居所 (ID: 3319817890) - 标准、无损音质
[2026-02-25 12:37:35] 更新成功：建坤YOUNG - 声音 (ID: 2031085185) - 标准、无损音质
[2026-02-25 12:37:38] 更新成功：岑宁儿 - 追光者 (ID: 483671599) - 标准、无损音质
[2026-02-25 12:37:39] 更新完成：成功更新 24 首歌曲
[2026-02-25 12:51:18] 开始更新音乐URL...
[2026-02-25 12:51:18] 备份创建成功：backups/music_data_2026-02-25_12-51-18.json
[2026-02-25 12:51:21] 更新成功：徐佳莹 - 一样的月光 (ID: 306665) - 标准、无损音质
[2026-02-25 12:51:23] 更新成功：Maroon 5 - Payphone (ID: 1952737857) - 标准、无损音质
[2026-02-25 12:51:26] 更新成功：G.E.M.邓紫棋 - 来自天堂的魔鬼 (ID: 36270426) - 标准、无损音质
[2026-02-25 12:51:28] 更新成功：郭静 - 下一个天亮 (ID: 233882) - 标准、无损音质
[2026-02-25 12:51:30] 更新成功：李荣浩 - 不将就 (ID: 31654343) - 标准、无损音质
[2026-02-25 12:51:32] 更新成功：雨爱 (ID: 316100) - 标准、无损音质
[2026-02-25 12:51:34] 更新成功：林宜融 - 同手同脚 (ID: 350482) - 标准、无损音质
[2026-02-25 12:51:36] 更新成功：孙燕姿 - 开始懂了 (ID: 287719) - 标准、无损音质
[2026-02-25 12:51:38] 更新成功：Beyond - 真的爱你 (ID: 346075) - 标准、无损音质
[2026-02-25 12:51:41] 更新成功：KUN - Colder (ID: 3351234875) - 标准、无损音质
[2026-02-25 12:51:43] 更新成功：陶喆 - 流沙 (ID: 150667) - 标准、无损音质
[2026-02-25 12:51:46] 更新成功：李毓芬 - 是我不够好 (ID: 410519050) - 标准、无损音质
[2026-02-25 12:51:48] 更新成功：陈奕迅 - 最佳损友 (ID: 65800) - 标准、无损音质
[2026-02-25 12:51:50] 更新成功：AGA - Wonderful U (Demo Version) (ID: 406475394) - 标准、无损音质
[2026-02-25 12:51:52] 更新成功：陈一豪Clear - 彩铃 (ID: 3339130832) - 标准、无损音质
[2026-02-25 12:51:54] 更新成功：Justin Bieber - Intentions (ID: 1421443440) - 标准、无损音质
[2026-02-25 12:51:57] 更新成功：林俊杰 - 我还想她 (ID: 108493) - 标准、无损音质
[2026-02-25 12:51:59] 更新成功：陈粒 - 走马 (ID: 2749430417) - 标准、无损音质
[2026-02-25 12:52:01] 更新成功：Top Barry - 发迹 (ID: 2099778087) - 标准、无损音质
[2026-02-25 12:52:03] 更新成功：蛋堡 - I Want You (ID: 76834) - 标准、无损音质
[2026-02-25 12:52:05] 更新成功：庾澄庆 - 春泥 (ID: 573968836) - 标准、无损音质
[2026-02-25 12:52:07] 更新成功：Vansdaddy - 身无居所 (ID: 3319817890) - 标准、无损音质
[2026-02-25 12:52:10] 更新成功：建坤YOUNG - 声音 (ID: 2031085185) - 标准、无损音质
[2026-02-25 12:52:12] 更新成功：岑宁儿 - 追光者 (ID: 483671599) - 标准、无损音质
[2026-02-25 12:52:12] 更新完成：成功更新 24 首歌曲
[2026-02-25 13:06:18] 开始更新音乐URL...
[2026-02-25 13:06:18] 备份创建成功：backups/music_data_2026-02-25_13-06-18.json
[2026-02-25 13:06:20] 更新成功：徐佳莹 - 一样的月光 (ID: 306665) - 标准、无损音质
[2026-02-25 13:06:23] 更新成功：Maroon 5 - Payphone (ID: 1952737857) - 标准、无损音质
[2026-02-25 13:06:25] 更新成功：G.E.M.邓紫棋 - 来自天堂的魔鬼 (ID: 36270426) - 标准、无损音质
[2026-02-25 13:06:27] 更新成功：郭静 - 下一个天亮 (ID: 233882) - 标准、无损音质
[2026-02-25 13:06:29] 更新成功：李荣浩 - 不将就 (ID: 31654343) - 标准、无损音质
[2026-02-25 13:06:31] 更新成功：雨爱 (ID: 316100) - 标准、无损音质
[2026-02-25 13:06:33] 更新成功：林宜融 - 同手同脚 (ID: 350482) - 标准、无损音质
[2026-02-25 13:06:38] 更新成功：孙燕姿 - 开始懂了 (ID: 287719) - 标准、无损音质
[2026-02-25 13:06:41] 更新成功：Beyond - 真的爱你 (ID: 346075) - 标准、无损音质
[2026-02-25 13:06:46] 更新成功：KUN - Colder (ID: 3351234875) - 标准、无损音质
[2026-02-25 13:06:50] 更新成功：陶喆 - 流沙 (ID: 150667) - 标准、无损音质
[2026-02-25 13:06:54] 更新成功：李毓芬 - 是我不够好 (ID: 410519050) - 标准、无损音质
[2026-02-25 13:06:58] 更新成功：陈奕迅 - 最佳损友 (ID: 65800) - 标准、无损音质
[2026-02-25 13:07:01] 更新成功：AGA - Wonderful U (Demo Version) (ID: 406475394) - 标准、无损音质
[2026-02-25 13:07:04] 更新成功：陈一豪Clear - 彩铃 (ID: 3339130832) - 标准、无损音质
[2026-02-25 13:07:07] 更新成功：Justin Bieber - Intentions (ID: 1421443440) - 标准、无损音质
[2026-02-25 13:07:10] 更新成功：林俊杰 - 我还想她 (ID: 108493) - 标准、无损音质
[2026-02-25 13:07:12] 更新成功：陈粒 - 走马 (ID: 2749430417) - 标准、无损音质
[2026-02-25 13:07:14] 更新成功：Top Barry - 发迹 (ID: 2099778087) - 标准、无损音质
[2026-02-25 13:07:16] 更新成功：蛋堡 - I Want You (ID: 76834) - 标准、无损音质
[2026-02-25 13:07:18] 更新成功：庾澄庆 - 春泥 (ID: 573968836) - 标准、无损音质
[2026-02-25 13:07:20] 更新成功：Vansdaddy - 身无居所 (ID: 3319817890) - 标准、无损音质
[2026-02-25 13:07:22] 更新成功：建坤YOUNG - 声音 (ID: 2031085185) - 标准、无损音质
[2026-02-25 13:07:24] 更新成功：岑宁儿 - 追光者 (ID: 483671599) - 标准、无损音质
[2026-02-25 13:07:25] 更新完成：成功更新 24 首歌曲
[2026-02-25 13:21:18] 开始更新音乐URL...
[2026-02-25 13:21:18] 备份创建成功：backups/music_data_2026-02-25_13-21-18.json
[2026-02-25 13:21:24] 更新成功：徐佳莹 - 一样的月光 (ID: 306665) - 标准、无损音质
[2026-02-25 13:21:26] 更新成功：Maroon 5 - Payphone (ID: 1952737857) - 标准、无损音质
[2026-02-25 13:21:28] 更新成功：G.E.M.邓紫棋 - 来自天堂的魔鬼 (ID: 36270426) - 标准、无损音质
[2026-02-25 13:21:31] 更新成功：郭静 - 下一个天亮 (ID: 233882) - 标准、无损音质
[2026-02-25 13:21:33] 更新成功：李荣浩 - 不将就 (ID: 31654343) - 标准、无损音质
[2026-02-25 13:21:35] 更新成功：雨爱 (ID: 316100) - 标准、无损音质
[2026-02-25 13:21:37] 更新成功：林宜融 - 同手同脚 (ID: 350482) - 标准、无损音质
[2026-02-25 13:21:39] 更新成功：孙燕姿 - 开始懂了 (ID: 287719) - 标准、无损音质
[2026-02-25 13:21:56] 更新成功：Beyond - 真的爱你 (ID: 346075) - 标准音质
[2026-02-25 13:21:58] 更新成功：KUN - Colder (ID: 3351234875) - 标准、无损音质
[2026-02-25 13:22:00] 更新成功：陶喆 - 流沙 (ID: 150667) - 标准、无损音质
[2026-02-25 13:22:02] 更新成功：李毓芬 - 是我不够好 (ID: 410519050) - 标准、无损音质
[2026-02-25 13:22:20] 更新成功：陈奕迅 - 最佳损友 (ID: 65800) - 无损音质
[2026-02-25 13:22:22] 更新成功：AGA - Wonderful U (Demo Version) (ID: 406475394) - 标准、无损音质
[2026-02-25 13:22:24] 更新成功：陈一豪Clear - 彩铃 (ID: 3339130832) - 标准、无损音质
[2026-02-25 13:22:26] 更新成功：Justin Bieber - Intentions (ID: 1421443440) - 标准、无损音质
[2026-02-25 13:22:29] 更新成功：林俊杰 - 我还想她 (ID: 108493) - 标准、无损音质
[2026-02-25 13:22:31] 更新成功：陈粒 - 走马 (ID: 2749430417) - 标准、无损音质
[2026-02-25 13:22:34] 更新成功：Top Barry - 发迹 (ID: 2099778087) - 标准、无损音质
[2026-02-25 13:22:36] 更新成功：蛋堡 - I Want You (ID: 76834) - 标准、无损音质
[2026-02-25 13:22:39] 更新成功：庾澄庆 - 春泥 (ID: 573968836) - 标准、无损音质
[2026-02-25 13:22:41] 更新成功：Vansdaddy - 身无居所 (ID: 3319817890) - 标准、无损音质
[2026-02-25 13:22:43] 更新成功：建坤YOUNG - 声音 (ID: 2031085185) - 标准、无损音质
[2026-02-25 13:22:45] 更新成功：岑宁儿 - 追光者 (ID: 483671599) - 标准、无损音质
[2026-02-25 13:22:46] 更新完成：成功更新 24 首歌曲
[2026-02-25 13:36:18] 开始更新音乐URL...
[2026-02-25 13:36:18] 备份创建成功：backups/music_data_2026-02-25_13-36-18.json
[2026-02-25 13:36:20] 更新成功：徐佳莹 - 一样的月光 (ID: 306665) - 标准、无损音质
[2026-02-25 13:36:22] 更新成功：Maroon 5 - Payphone (ID: 1952737857) - 标准、无损音质
[2026-02-25 13:36:24] 更新成功：G.E.M.邓紫棋 - 来自天堂的魔鬼 (ID: 36270426) - 标准、无损音质
[2026-02-25 13:36:27] 更新成功：郭静 - 下一个天亮 (ID: 233882) - 标准、无损音质
[2026-02-25 13:36:31] 更新成功：李荣浩 - 不将就 (ID: 31654343) - 标准、无损音质
[2026-02-25 13:36:35] 更新成功：雨爱 (ID: 316100) - 标准、无损音质
[2026-02-25 13:36:39] 更新成功：林宜融 - 同手同脚 (ID: 350482) - 标准、无损音质
[2026-02-25 13:36:43] 更新成功：孙燕姿 - 开始懂了 (ID: 287719) - 标准、无损音质
[2026-02-25 13:36:47] 更新成功：Beyond - 真的爱你 (ID: 346075) - 标准、无损音质
[2026-02-25 13:36:52] 更新成功：KUN - Colder (ID: 3351234875) - 标准、无损音质
[2026-02-25 13:36:56] 更新成功：陶喆 - 流沙 (ID: 150667) - 标准、无损音质
[2026-02-25 13:37:00] 更新成功：李毓芬 - 是我不够好 (ID: 410519050) - 标准、无损音质
[2026-02-25 13:37:04] 更新成功：陈奕迅 - 最佳损友 (ID: 65800) - 标准、无损音质
[2026-02-25 13:37:08] 更新成功：AGA - Wonderful U (Demo Version) (ID: 406475394) - 标准、无损音质
[2026-02-25 13:37:11] 更新成功：陈一豪Clear - 彩铃 (ID: 3339130832) - 标准、无损音质
[2026-02-25 13:37:13] 更新成功：Justin Bieber - Intentions (ID: 1421443440) - 标准、无损音质
[2026-02-25 13:37:15] 更新成功：林俊杰 - 我还想她 (ID: 108493) - 标准、无损音质
[2026-02-25 13:37:18] 更新成功：陈粒 - 走马 (ID: 2749430417) - 标准、无损音质
[2026-02-25 13:37:20] 更新成功：Top Barry - 发迹 (ID: 2099778087) - 标准、无损音质
[2026-02-25 13:37:22] 更新成功：蛋堡 - I Want You (ID: 76834) - 标准、无损音质
[2026-02-25 13:37:24] 更新成功：庾澄庆 - 春泥 (ID: 573968836) - 标准、无损音质
[2026-02-25 13:37:26] 更新成功：Vansdaddy - 身无居所 (ID: 3319817890) - 标准、无损音质
[2026-02-25 13:37:30] 更新成功：建坤YOUNG - 声音 (ID: 2031085185) - 标准、无损音质
[2026-02-25 13:37:34] 更新成功：岑宁儿 - 追光者 (ID: 483671599) - 标准、无损音质
[2026-02-25 13:37:35] 更新完成：成功更新 24 首歌曲
[2026-02-25 13:51:18] 开始更新音乐URL...
[2026-02-25 13:51:18] 备份创建成功：backups/music_data_2026-02-25_13-51-18.json
[2026-02-25 13:51:21] 更新成功：徐佳莹 - 一样的月光 (ID: 306665) - 标准、无损音质
[2026-02-25 13:51:23] 更新成功：Maroon 5 - Payphone (ID: 1952737857) - 标准、无损音质
[2026-02-25 13:51:25] 更新成功：G.E.M.邓紫棋 - 来自天堂的魔鬼 (ID: 36270426) - 标准、无损音质
[2026-02-25 13:51:27] 更新成功：郭静 - 下一个天亮 (ID: 233882) - 标准、无损音质
[2026-02-25 13:51:29] 更新成功：李荣浩 - 不将就 (ID: 31654343) - 标准、无损音质
[2026-02-25 13:51:31] 更新成功：雨爱 (ID: 316100) - 标准、无损音质
[2026-02-25 13:51:33] 更新成功：林宜融 - 同手同脚 (ID: 350482) - 标准、无损音质
[2026-02-25 13:51:36] 更新成功：孙燕姿 - 开始懂了 (ID: 287719) - 标准、无损音质
[2026-02-25 13:51:38] 更新成功：Beyond - 真的爱你 (ID: 346075) - 标准、无损音质
[2026-02-25 13:51:40] 更新成功：KUN - Colder (ID: 3351234875) - 标准、无损音质
[2026-02-25 13:51:42] 更新成功：陶喆 - 流沙 (ID: 150667) - 标准、无损音质
[2026-02-25 13:51:44] 更新成功：李毓芬 - 是我不够好 (ID: 410519050) - 标准、无损音质
[2026-02-25 13:51:46] 更新成功：陈奕迅 - 最佳损友 (ID: 65800) - 标准、无损音质
[2026-02-25 13:51:48] 更新成功：AGA - Wonderful U (Demo Version) (ID: 406475394) - 标准、无损音质
[2026-02-25 13:51:51] 更新成功：陈一豪Clear - 彩铃 (ID: 3339130832) - 标准、无损音质
[2026-02-25 13:51:53] 更新成功：Justin Bieber - Intentions (ID: 1421443440) - 标准、无损音质
[2026-02-25 13:51:55] 更新成功：林俊杰 - 我还想她 (ID: 108493) - 标准、无损音质
[2026-02-25 13:51:57] 更新成功：陈粒 - 走马 (ID: 2749430417) - 标准、无损音质
[2026-02-25 13:51:59] 更新成功：Top Barry - 发迹 (ID: 2099778087) - 标准、无损音质
[2026-02-25 13:52:01] 更新成功：蛋堡 - I Want You (ID: 76834) - 标准、无损音质
[2026-02-25 13:52:03] 更新成功：庾澄庆 - 春泥 (ID: 573968836) - 标准、无损音质
[2026-02-25 13:52:06] 更新成功：Vansdaddy - 身无居所 (ID: 3319817890) - 标准、无损音质
[2026-02-25 13:52:08] 更新成功：建坤YOUNG - 声音 (ID: 2031085185) - 标准、无损音质
[2026-02-25 13:52:10] 更新成功：岑宁儿 - 追光者 (ID: 483671599) - 标准、无损音质
[2026-02-25 13:52:10] 更新完成：成功更新 24 首歌曲
[2026-02-25 14:06:18] 开始更新音乐URL...
[2026-02-25 14:06:18] 备份创建成功：backups/music_data_2026-02-25_14-06-18.json
[2026-02-25 14:06:20] 更新成功：徐佳莹 - 一样的月光 (ID: 306665) - 标准、无损音质
[2026-02-25 14:06:23] 更新成功：Maroon 5 - Payphone (ID: 1952737857) - 标准、无损音质
[2026-02-25 14:06:25] 更新成功：G.E.M.邓紫棋 - 来自天堂的魔鬼 (ID: 36270426) - 标准、无损音质
[2026-02-25 14:06:27] 更新成功：郭静 - 下一个天亮 (ID: 233882) - 标准、无损音质
[2026-02-25 14:06:29] 更新成功：李荣浩 - 不将就 (ID: 31654343) - 标准、无损音质
[2026-02-25 14:06:32] 更新成功：雨爱 (ID: 316100) - 标准、无损音质
[2026-02-25 14:06:35] 更新成功：林宜融 - 同手同脚 (ID: 350482) - 标准、无损音质
[2026-02-25 14:06:37] 更新成功：孙燕姿 - 开始懂了 (ID: 287719) - 标准、无损音质
[2026-02-25 14:06:40] 更新成功：Beyond - 真的爱你 (ID: 346075) - 标准、无损音质
[2026-02-25 14:06:45] 更新成功：KUN - Colder (ID: 3351234875) - 标准、无损音质
[2026-02-25 14:06:50] 更新成功：陶喆 - 流沙 (ID: 150667) - 标准、无损音质
[2026-02-25 14:06:53] 更新成功：李毓芬 - 是我不够好 (ID: 410519050) - 标准、无损音质
[2026-02-25 14:06:56] 更新成功：陈奕迅 - 最佳损友 (ID: 65800) - 标准、无损音质
[2026-02-25 14:06:59] 更新成功：AGA - Wonderful U (Demo Version) (ID: 406475394) - 标准、无损音质
[2026-02-25 14:07:02] 更新成功：陈一豪Clear - 彩铃 (ID: 3339130832) - 标准、无损音质
[2026-02-25 14:07:04] 更新成功：Justin Bieber - Intentions (ID: 1421443440) - 标准、无损音质
[2026-02-25 14:07:06] 更新成功：林俊杰 - 我还想她 (ID: 108493) - 标准、无损音质
[2026-02-25 14:07:08] 更新成功：陈粒 - 走马 (ID: 2749430417) - 标准、无损音质
[2026-02-25 14:07:11] 更新成功：Top Barry - 发迹 (ID: 2099778087) - 标准、无损音质
[2026-02-25 14:07:13] 更新成功：蛋堡 - I Want You (ID: 76834) - 标准、无损音质
[2026-02-25 14:07:15] 更新成功：庾澄庆 - 春泥 (ID: 573968836) - 标准、无损音质
[2026-02-25 14:07:17] 更新成功：Vansdaddy - 身无居所 (ID: 3319817890) - 标准、无损音质
[2026-02-25 14:07:19] 更新成功：建坤YOUNG - 声音 (ID: 2031085185) - 标准、无损音质
[2026-02-25 14:07:22] 更新成功：岑宁儿 - 追光者 (ID: 483671599) - 标准、无损音质
[2026-02-25 14:07:22] 更新完成：成功更新 24 首歌曲
[2026-02-25 14:21:18] 开始更新音乐URL...
[2026-02-25 14:21:18] 备份创建成功：backups/music_data_2026-02-25_14-21-18.json
[2026-02-25 14:21:21] 更新成功：徐佳莹 - 一样的月光 (ID: 306665) - 标准、无损音质
[2026-02-25 14:21:23] 更新成功：Maroon 5 - Payphone (ID: 1952737857) - 标准、无损音质
[2026-02-25 14:21:26] 更新成功：G.E.M.邓紫棋 - 来自天堂的魔鬼 (ID: 36270426) - 标准、无损音质
[2026-02-25 14:21:28] 更新成功：郭静 - 下一个天亮 (ID: 233882) - 标准、无损音质
[2026-02-25 14:21:30] 更新成功：李荣浩 - 不将就 (ID: 31654343) - 标准、无损音质
[2026-02-25 14:21:32] 更新成功：雨爱 (ID: 316100) - 标准、无损音质
[2026-02-25 14:21:34] 更新成功：林宜融 - 同手同脚 (ID: 350482) - 标准、无损音质
[2026-02-25 14:21:37] 更新成功：孙燕姿 - 开始懂了 (ID: 287719) - 标准、无损音质
[2026-02-25 14:21:39] 更新成功：Beyond - 真的爱你 (ID: 346075) - 标准、无损音质
[2026-02-25 14:21:41] 更新成功：KUN - Colder (ID: 3351234875) - 标准、无损音质
[2026-02-25 14:21:43] 更新成功：陶喆 - 流沙 (ID: 150667) - 标准、无损音质
[2026-02-25 14:21:45] 更新成功：李毓芬 - 是我不够好 (ID: 410519050) - 标准、无损音质
[2026-02-25 14:21:47] 更新成功：陈奕迅 - 最佳损友 (ID: 65800) - 标准、无损音质
[2026-02-25 14:21:50] 更新成功：AGA - Wonderful U (Demo Version) (ID: 406475394) - 标准、无损音质
[2026-02-25 14:21:52] 更新成功：陈一豪Clear - 彩铃 (ID: 3339130832) - 标准、无损音质
[2026-02-25 14:21:54] 更新成功：Justin Bieber - Intentions (ID: 1421443440) - 标准、无损音质
[2026-02-25 14:21:56] 更新成功：林俊杰 - 我还想她 (ID: 108493) - 标准、无损音质
[2026-02-25 14:21:58] 更新成功：陈粒 - 走马 (ID: 2749430417) - 标准、无损音质
[2026-02-25 14:22:01] 更新成功：Top Barry - 发迹 (ID: 2099778087) - 标准、无损音质
[2026-02-25 14:22:03] 更新成功：蛋堡 - I Want You (ID: 76834) - 标准、无损音质
[2026-02-25 14:22:05] 更新成功：庾澄庆 - 春泥 (ID: 573968836) - 标准、无损音质
[2026-02-25 14:22:07] 更新成功：Vansdaddy - 身无居所 (ID: 3319817890) - 标准、无损音质
[2026-02-25 14:22:09] 更新成功：建坤YOUNG - 声音 (ID: 2031085185) - 标准、无损音质
[2026-02-25 14:22:12] 更新成功：岑宁儿 - 追光者 (ID: 483671599) - 标准、无损音质
[2026-02-25 14:22:12] 更新完成：成功更新 24 首歌曲
[2026-02-25 14:36:18] 开始更新音乐URL...
[2026-02-25 14:36:18] 备份创建成功：backups/music_data_2026-02-25_14-36-18.json
[2026-02-25 14:36:22] 更新成功：徐佳莹 - 一样的月光 (ID: 306665) - 标准、无损音质
[2026-02-25 14:36:24] 更新成功：Maroon 5 - Payphone (ID: 1952737857) - 标准、无损音质
[2026-02-25 14:36:26] 更新成功：G.E.M.邓紫棋 - 来自天堂的魔鬼 (ID: 36270426) - 标准、无损音质
[2026-02-25 14:36:28] 更新成功：郭静 - 下一个天亮 (ID: 233882) - 标准、无损音质
[2026-02-25 14:36:31] 更新成功：李荣浩 - 不将就 (ID: 31654343) - 标准、无损音质
[2026-02-25 14:36:46] 更新成功：雨爱 (ID: 316100) - 标准、无损音质
[2026-02-25 14:36:48] 更新成功：林宜融 - 同手同脚 (ID: 350482) - 标准、无损音质
[2026-02-25 14:36:50] 更新成功：孙燕姿 - 开始懂了 (ID: 287719) - 标准、无损音质
[2026-02-25 14:36:52] 更新成功：Beyond - 真的爱你 (ID: 346075) - 标准、无损音质
[2026-02-25 14:36:54] 更新成功：KUN - Colder (ID: 3351234875) - 标准、无损音质
[2026-02-25 14:36:57] 更新成功：陶喆 - 流沙 (ID: 150667) - 标准、无损音质
[2026-02-25 14:36:59] 更新成功：李毓芬 - 是我不够好 (ID: 410519050) - 标准、无损音质
[2026-02-25 14:37:01] 更新成功：陈奕迅 - 最佳损友 (ID: 65800) - 标准、无损音质
[2026-02-25 14:37:03] 更新成功：AGA - Wonderful U (Demo Version) (ID: 406475394) - 标准、无损音质
[2026-02-25 14:37:06] 更新成功：陈一豪Clear - 彩铃 (ID: 3339130832) - 标准、无损音质
[2026-02-25 14:37:08] 更新成功：Justin Bieber - Intentions (ID: 1421443440) - 标准、无损音质
[2026-02-25 14:37:10] 更新成功：林俊杰 - 我还想她 (ID: 108493) - 标准、无损音质
[2026-02-25 14:37:12] 更新成功：陈粒 - 走马 (ID: 2749430417) - 标准、无损音质
[2026-02-25 14:37:14] 更新成功：Top Barry - 发迹 (ID: 2099778087) - 标准、无损音质
[2026-02-25 14:37:17] 更新成功：蛋堡 - I Want You (ID: 76834) - 标准、无损音质
[2026-02-25 14:37:19] 更新成功：庾澄庆 - 春泥 (ID: 573968836) - 标准、无损音质
[2026-02-25 14:37:21] 更新成功：Vansdaddy - 身无居所 (ID: 3319817890) - 标准、无损音质
[2026-02-25 14:37:24] 更新成功：建坤YOUNG - 声音 (ID: 2031085185) - 标准、无损音质
[2026-02-25 14:37:26] 更新成功：岑宁儿 - 追光者 (ID: 483671599) - 标准、无损音质
[2026-02-25 14:37:26] 更新完成：成功更新 24 首歌曲
[2026-02-25 14:51:18] 开始更新音乐URL...
[2026-02-25 14:51:18] 备份创建成功：backups/music_data_2026-02-25_14-51-18.json
[2026-02-25 14:51:20] 更新成功：徐佳莹 - 一样的月光 (ID: 306665) - 标准、无损音质
[2026-02-25 14:51:23] 更新成功：Maroon 5 - Payphone (ID: 1952737857) - 标准、无损音质
[2026-02-25 14:51:25] 更新成功：G.E.M.邓紫棋 - 来自天堂的魔鬼 (ID: 36270426) - 标准、无损音质
[2026-02-25 14:51:27] 更新成功：郭静 - 下一个天亮 (ID: 233882) - 标准、无损音质
[2026-02-25 14:51:30] 更新成功：李荣浩 - 不将就 (ID: 31654343) - 标准、无损音质
[2026-02-25 14:51:32] 更新成功：雨爱 (ID: 316100) - 标准、无损音质
[2026-02-25 14:51:34] 更新成功：林宜融 - 同手同脚 (ID: 350482) - 标准、无损音质
[2026-02-25 14:51:37] 更新成功：孙燕姿 - 开始懂了 (ID: 287719) - 标准、无损音质
[2026-02-25 14:51:39] 更新成功：Beyond - 真的爱你 (ID: 346075) - 标准、无损音质
[2026-02-25 14:51:41] 更新成功：KUN - Colder (ID: 3351234875) - 标准、无损音质
[2026-02-25 14:51:43] 更新成功：陶喆 - 流沙 (ID: 150667) - 标准、无损音质
[2026-02-25 14:51:46] 更新成功：李毓芬 - 是我不够好 (ID: 410519050) - 标准、无损音质
[2026-02-25 14:51:48] 更新成功：陈奕迅 - 最佳损友 (ID: 65800) - 标准、无损音质
[2026-02-25 14:51:50] 更新成功：AGA - Wonderful U (Demo Version) (ID: 406475394) - 标准、无损音质
[2026-02-25 14:51:53] 更新成功：陈一豪Clear - 彩铃 (ID: 3339130832) - 标准、无损音质
[2026-02-25 14:51:55] 更新成功：Justin Bieber - Intentions (ID: 1421443440) - 标准、无损音质
[2026-02-25 14:51:57] 更新成功：林俊杰 - 我还想她 (ID: 108493) - 标准、无损音质
[2026-02-25 14:51:59] 更新成功：陈粒 - 走马 (ID: 2749430417) - 标准、无损音质
[2026-02-25 14:52:02] 更新成功：Top Barry - 发迹 (ID: 2099778087) - 标准、无损音质
[2026-02-25 14:52:04] 更新成功：蛋堡 - I Want You (ID: 76834) - 标准、无损音质
[2026-02-25 14:52:06] 更新成功：庾澄庆 - 春泥 (ID: 573968836) - 标准、无损音质
[2026-02-25 14:52:09] 更新成功：Vansdaddy - 身无居所 (ID: 3319817890) - 标准、无损音质
[2026-02-25 14:52:11] 更新成功：建坤YOUNG - 声音 (ID: 2031085185) - 标准、无损音质
[2026-02-25 14:52:13] 更新成功：岑宁儿 - 追光者 (ID: 483671599) - 标准、无损音质
[2026-02-25 14:52:14] 更新完成：成功更新 24 首歌曲
[2026-02-25 15:06:18] 开始更新音乐URL...
[2026-02-25 15:06:18] 备份创建成功：backups/music_data_2026-02-25_15-06-18.json
[2026-02-25 15:06:20] 更新成功：徐佳莹 - 一样的月光 (ID: 306665) - 标准、无损音质
[2026-02-25 15:06:22] 更新成功：Maroon 5 - Payphone (ID: 1952737857) - 标准、无损音质
[2026-02-25 15:06:25] 更新成功：G.E.M.邓紫棋 - 来自天堂的魔鬼 (ID: 36270426) - 标准、无损音质
[2026-02-25 15:06:27] 更新成功：郭静 - 下一个天亮 (ID: 233882) - 标准、无损音质
[2026-02-25 15:06:29] 更新成功：李荣浩 - 不将就 (ID: 31654343) - 标准、无损音质
[2026-02-25 15:06:31] 更新成功：雨爱 (ID: 316100) - 标准、无损音质
[2026-02-25 15:06:34] 更新成功：林宜融 - 同手同脚 (ID: 350482) - 标准、无损音质
[2026-02-25 15:06:36] 更新成功：孙燕姿 - 开始懂了 (ID: 287719) - 标准、无损音质
[2026-02-25 15:06:38] 更新成功：Beyond - 真的爱你 (ID: 346075) - 标准、无损音质
[2026-02-25 15:06:41] 更新成功：KUN - Colder (ID: 3351234875) - 标准、无损音质
[2026-02-25 15:06:44] 更新成功：陶喆 - 流沙 (ID: 150667) - 标准、无损音质
[2026-02-25 15:06:48] 更新成功：李毓芬 - 是我不够好 (ID: 410519050) - 标准、无损音质
[2026-02-25 15:06:52] 更新成功：陈奕迅 - 最佳损友 (ID: 65800) - 标准、无损音质
[2026-02-25 15:06:56] 更新成功：AGA - Wonderful U (Demo Version) (ID: 406475394) - 标准、无损音质
[2026-02-25 15:07:01] 更新成功：陈一豪Clear - 彩铃 (ID: 3339130832) - 标准、无损音质
[2026-02-25 15:07:06] 更新成功：Justin Bieber - Intentions (ID: 1421443440) - 标准、无损音质
[2026-02-25 15:07:11] 更新成功：林俊杰 - 我还想她 (ID: 108493) - 标准、无损音质
[2026-02-25 15:07:13] 更新成功：陈粒 - 走马 (ID: 2749430417) - 标准、无损音质
[2026-02-25 15:07:15] 更新成功：Top Barry - 发迹 (ID: 2099778087) - 标准、无损音质
[2026-02-25 15:07:18] 更新成功：蛋堡 - I Want You (ID: 76834) - 标准、无损音质
[2026-02-25 15:07:20] 更新成功：庾澄庆 - 春泥 (ID: 573968836) - 标准、无损音质
[2026-02-25 15:07:22] 更新成功：Vansdaddy - 身无居所 (ID: 3319817890) - 标准、无损音质
[2026-02-25 15:07:25] 更新成功：建坤YOUNG - 声音 (ID: 2031085185) - 标准、无损音质
[2026-02-25 15:07:27] 更新成功：岑宁儿 - 追光者 (ID: 483671599) - 标准、无损音质
[2026-02-25 15:07:28] 更新完成：成功更新 24 首歌曲
[2026-02-25 15:21:18] 开始更新音乐URL...
[2026-02-25 15:21:18] 备份创建成功：backups/music_data_2026-02-25_15-21-18.json
[2026-02-25 15:21:23] 更新成功：徐佳莹 - 一样的月光 (ID: 306665) - 标准、无损音质
[2026-02-25 15:21:29] 更新成功：Maroon 5 - Payphone (ID: 1952737857) - 标准、无损音质
[2026-02-25 15:21:34] 更新成功：G.E.M.邓紫棋 - 来自天堂的魔鬼 (ID: 36270426) - 标准、无损音质
[2026-02-25 15:21:38] 更新成功：郭静 - 下一个天亮 (ID: 233882) - 标准、无损音质
[2026-02-25 15:21:41] 更新成功：李荣浩 - 不将就 (ID: 31654343) - 标准、无损音质
[2026-02-25 15:21:43] 更新成功：雨爱 (ID: 316100) - 标准、无损音质
[2026-02-25 15:21:47] 更新成功：林宜融 - 同手同脚 (ID: 350482) - 标准、无损音质
[2026-02-25 15:21:51] 更新成功：孙燕姿 - 开始懂了 (ID: 287719) - 标准、无损音质
[2026-02-25 15:21:53] 更新成功：Beyond - 真的爱你 (ID: 346075) - 标准、无损音质
[2026-02-25 15:21:55] 更新成功：KUN - Colder (ID: 3351234875) - 标准、无损音质
[2026-02-25 15:21:58] 更新成功：陶喆 - 流沙 (ID: 150667) - 标准、无损音质
[2026-02-25 15:22:00] 更新成功：李毓芬 - 是我不够好 (ID: 410519050) - 标准、无损音质
[2026-02-25 15:22:03] 更新成功：陈奕迅 - 最佳损友 (ID: 65800) - 标准、无损音质
[2026-02-25 15:22:05] 更新成功：AGA - Wonderful U (Demo Version) (ID: 406475394) - 标准、无损音质
[2026-02-25 15:22:07] 更新成功：陈一豪Clear - 彩铃 (ID: 3339130832) - 标准、无损音质
[2026-02-25 15:22:09] 更新成功：Justin Bieber - Intentions (ID: 1421443440) - 标准、无损音质
[2026-02-25 15:22:12] 更新成功：林俊杰 - 我还想她 (ID: 108493) - 标准、无损音质
[2026-02-25 15:22:15] 更新成功：陈粒 - 走马 (ID: 2749430417) - 标准、无损音质
[2026-02-25 15:22:18] 更新成功：Top Barry - 发迹 (ID: 2099778087) - 标准、无损音质
[2026-02-25 15:22:22] 更新成功：蛋堡 - I Want You (ID: 76834) - 标准、无损音质
[2026-02-25 15:22:25] 更新成功：庾澄庆 - 春泥 (ID: 573968836) - 标准、无损音质
[2026-02-25 15:22:29] 更新成功：Vansdaddy - 身无居所 (ID: 3319817890) - 标准、无损音质
[2026-02-25 15:22:33] 更新成功：建坤YOUNG - 声音 (ID: 2031085185) - 标准、无损音质
[2026-02-25 15:22:38] 更新成功：岑宁儿 - 追光者 (ID: 483671599) - 标准、无损音质
[2026-02-25 15:22:38] 更新完成：成功更新 24 首歌曲
[2026-02-25 15:36:18] 开始更新音乐URL...
[2026-02-25 15:36:18] 备份创建成功：backups/music_data_2026-02-25_15-36-18.json
[2026-02-25 15:36:19] 更新成功：徐佳莹 - 一样的月光 (ID: 306665) - 标准、无损音质
[2026-02-25 15:36:28] 更新成功：Maroon 5 - Payphone (ID: 1952737857) - 标准、无损音质
[2026-02-25 15:36:31] 更新成功：G.E.M.邓紫棋 - 来自天堂的魔鬼 (ID: 36270426) - 标准、无损音质
[2026-02-25 15:36:33] 更新成功：郭静 - 下一个天亮 (ID: 233882) - 标准、无损音质
[2026-02-25 15:36:36] 更新成功：李荣浩 - 不将就 (ID: 31654343) - 标准、无损音质
[2026-02-25 15:36:39] 更新成功：雨爱 (ID: 316100) - 标准、无损音质
[2026-02-25 15:36:41] 更新成功：林宜融 - 同手同脚 (ID: 350482) - 标准、无损音质
[2026-02-25 15:36:43] 更新成功：孙燕姿 - 开始懂了 (ID: 287719) - 标准、无损音质
[2026-02-25 15:36:45] 更新成功：Beyond - 真的爱你 (ID: 346075) - 标准、无损音质
[2026-02-25 15:36:48] 更新成功：KUN - Colder (ID: 3351234875) - 标准、无损音质
[2026-02-25 15:36:50] 更新成功：陶喆 - 流沙 (ID: 150667) - 标准、无损音质
[2026-02-25 15:36:53] 更新成功：李毓芬 - 是我不够好 (ID: 410519050) - 标准、无损音质
[2026-02-25 15:36:58] 更新成功：陈奕迅 - 最佳损友 (ID: 65800) - 标准、无损音质
[2026-02-25 15:37:00] 更新成功：AGA - Wonderful U (Demo Version) (ID: 406475394) - 标准、无损音质
[2026-02-25 15:37:03] 更新成功：陈一豪Clear - 彩铃 (ID: 3339130832) - 标准、无损音质
[2026-02-25 15:37:06] 更新成功：Justin Bieber - Intentions (ID: 1421443440) - 标准、无损音质
[2026-02-25 15:37:08] 更新成功：林俊杰 - 我还想她 (ID: 108493) - 标准、无损音质
[2026-02-25 15:37:11] 更新成功：陈粒 - 走马 (ID: 2749430417) - 标准、无损音质
[2026-02-25 15:37:13] 更新成功：Top Barry - 发迹 (ID: 2099778087) - 标准、无损音质
[2026-02-25 15:37:15] 更新成功：蛋堡 - I Want You (ID: 76834) - 标准、无损音质
[2026-02-25 15:37:18] 更新成功：庾澄庆 - 春泥 (ID: 573968836) - 标准、无损音质
[2026-02-25 15:37:20] 更新成功：Vansdaddy - 身无居所 (ID: 3319817890) - 标准、无损音质
[2026-02-25 15:37:23] 更新成功：建坤YOUNG - 声音 (ID: 2031085185) - 标准、无损音质
[2026-02-25 15:37:26] 更新成功：岑宁儿 - 追光者 (ID: 483671599) - 标准、无损音质
[2026-02-25 15:37:27] 更新完成：成功更新 24 首歌曲
[2026-02-25 15:51:18] 开始更新音乐URL...
[2026-02-25 15:51:18] 备份创建成功：backups/music_data_2026-02-25_15-51-18.json
[2026-02-25 15:51:20] 更新成功：徐佳莹 - 一样的月光 (ID: 306665) - 标准、无损音质
[2026-02-25 15:51:22] 更新成功：Maroon 5 - Payphone (ID: 1952737857) - 标准、无损音质
[2026-02-25 15:51:25] 更新成功：G.E.M.邓紫棋 - 来自天堂的魔鬼 (ID: 36270426) - 标准、无损音质
[2026-02-25 15:51:27] 更新成功：郭静 - 下一个天亮 (ID: 233882) - 标准、无损音质
[2026-02-25 15:51:29] 更新成功：李荣浩 - 不将就 (ID: 31654343) - 标准、无损音质
[2026-02-25 15:51:31] 更新成功：雨爱 (ID: 316100) - 标准、无损音质
[2026-02-25 15:51:34] 更新成功：林宜融 - 同手同脚 (ID: 350482) - 标准、无损音质
[2026-02-25 15:51:36] 更新成功：孙燕姿 - 开始懂了 (ID: 287719) - 标准、无损音质
[2026-02-25 15:51:38] 更新成功：Beyond - 真的爱你 (ID: 346075) - 标准、无损音质
[2026-02-25 15:51:40] 更新成功：KUN - Colder (ID: 3351234875) - 标准、无损音质
[2026-02-25 15:51:43] 更新成功：陶喆 - 流沙 (ID: 150667) - 标准、无损音质
[2026-02-25 15:51:45] 更新成功：李毓芬 - 是我不够好 (ID: 410519050) - 标准、无损音质
[2026-02-25 15:51:47] 更新成功：陈奕迅 - 最佳损友 (ID: 65800) - 标准、无损音质
[2026-02-25 15:51:49] 更新成功：AGA - Wonderful U (Demo Version) (ID: 406475394) - 标准、无损音质
[2026-02-25 15:51:53] 更新成功：陈一豪Clear - 彩铃 (ID: 3339130832) - 标准、无损音质
[2026-02-25 15:51:55] 更新成功：Justin Bieber - Intentions (ID: 1421443440) - 标准、无损音质
[2026-02-25 15:51:57] 更新成功：林俊杰 - 我还想她 (ID: 108493) - 标准、无损音质
[2026-02-25 15:51:59] 更新成功：陈粒 - 走马 (ID: 2749430417) - 标准、无损音质
[2026-02-25 15:52:02] 更新成功：Top Barry - 发迹 (ID: 2099778087) - 标准、无损音质
[2026-02-25 15:52:04] 更新成功：蛋堡 - I Want You (ID: 76834) - 标准、无损音质
[2026-02-25 15:52:06] 更新成功：庾澄庆 - 春泥 (ID: 573968836) - 标准、无损音质
[2026-02-25 15:52:09] 更新成功：Vansdaddy - 身无居所 (ID: 3319817890) - 标准、无损音质
[2026-02-25 15:52:11] 更新成功：建坤YOUNG - 声音 (ID: 2031085185) - 标准、无损音质
[2026-02-25 15:52:13] 更新成功：岑宁儿 - 追光者 (ID: 483671599) - 标准、无损音质
[2026-02-25 15:52:13] 更新完成：成功更新 24 首歌曲
[2026-02-25 16:06:18] 开始更新音乐URL...
[2026-02-25 16:06:18] 备份创建成功：backups/music_data_2026-02-25_16-06-18.json
[2026-02-25 16:06:19] 更新成功：徐佳莹 - 一样的月光 (ID: 306665) - 标准、无损音质
[2026-02-25 16:06:22] 更新成功：Maroon 5 - Payphone (ID: 1952737857) - 标准、无损音质
[2026-02-25 16:06:24] 更新成功：G.E.M.邓紫棋 - 来自天堂的魔鬼 (ID: 36270426) - 标准、无损音质
[2026-02-25 16:06:26] 更新成功：郭静 - 下一个天亮 (ID: 233882) - 标准、无损音质
[2026-02-25 16:06:28] 更新成功：李荣浩 - 不将就 (ID: 31654343) - 标准、无损音质
[2026-02-25 16:06:31] 更新成功：雨爱 (ID: 316100) - 标准、无损音质
[2026-02-25 16:06:33] 更新成功：林宜融 - 同手同脚 (ID: 350482) - 标准、无损音质
[2026-02-25 16:06:40] 更新成功：孙燕姿 - 开始懂了 (ID: 287719) - 标准音质
[2026-02-25 16:06:42] 更新成功：Beyond - 真的爱你 (ID: 346075) - 标准、无损音质
[2026-02-25 16:06:45] 更新成功：KUN - Colder (ID: 3351234875) - 标准、无损音质
[2026-02-25 16:06:47] 更新成功：陶喆 - 流沙 (ID: 150667) - 标准、无损音质
[2026-02-25 16:06:49] 更新成功：李毓芬 - 是我不够好 (ID: 410519050) - 标准、无损音质
[2026-02-25 16:06:51] 更新成功：陈奕迅 - 最佳损友 (ID: 65800) - 标准、无损音质
[2026-02-25 16:06:53] 更新成功：AGA - Wonderful U (Demo Version) (ID: 406475394) - 标准、无损音质
[2026-02-25 16:06:56] 更新成功：陈一豪Clear - 彩铃 (ID: 3339130832) - 标准、无损音质
[2026-02-25 16:06:58] 更新成功：Justin Bieber - Intentions (ID: 1421443440) - 标准、无损音质
[2026-02-25 16:07:00] 更新成功：林俊杰 - 我还想她 (ID: 108493) - 标准、无损音质
[2026-02-25 16:07:03] 更新成功：陈粒 - 走马 (ID: 2749430417) - 标准、无损音质
[2026-02-25 16:07:05] 更新成功：Top Barry - 发迹 (ID: 2099778087) - 标准、无损音质
[2026-02-25 16:07:07] 更新成功：蛋堡 - I Want You (ID: 76834) - 标准、无损音质
[2026-02-25 16:07:09] 更新成功：庾澄庆 - 春泥 (ID: 573968836) - 标准、无损音质
[2026-02-25 16:07:11] 更新成功：Vansdaddy - 身无居所 (ID: 3319817890) - 标准、无损音质
[2026-02-25 16:07:14] 更新成功：建坤YOUNG - 声音 (ID: 2031085185) - 标准、无损音质
[2026-02-25 16:07:16] 更新成功：岑宁儿 - 追光者 (ID: 483671599) - 标准、无损音质
[2026-02-25 16:07:16] 更新完成：成功更新 24 首歌曲
[2026-02-25 16:21:18] 开始更新音乐URL...
[2026-02-25 16:21:18] 备份创建成功：backups/music_data_2026-02-25_16-21-18.json
[2026-02-25 16:21:25] 更新成功：徐佳莹 - 一样的月光 (ID: 306665) - 标准、无损音质
[2026-02-25 16:21:27] 更新成功：Maroon 5 - Payphone (ID: 1952737857) - 标准、无损音质
[2026-02-25 16:21:29] 更新成功：G.E.M.邓紫棋 - 来自天堂的魔鬼 (ID: 36270426) - 标准、无损音质
[2026-02-25 16:21:32] 更新成功：郭静 - 下一个天亮 (ID: 233882) - 标准、无损音质
[2026-02-25 16:21:34] 更新成功：李荣浩 - 不将就 (ID: 31654343) - 标准、无损音质
[2026-02-25 16:21:36] 更新成功：雨爱 (ID: 316100) - 标准、无损音质
[2026-02-25 16:21:38] 更新成功：林宜融 - 同手同脚 (ID: 350482) - 标准、无损音质
[2026-02-25 16:21:41] 更新成功：孙燕姿 - 开始懂了 (ID: 287719) - 标准、无损音质
[2026-02-25 16:21:43] 更新成功：Beyond - 真的爱你 (ID: 346075) - 标准、无损音质
[2026-02-25 16:21:45] 更新成功：KUN - Colder (ID: 3351234875) - 标准、无损音质
[2026-02-25 16:21:47] 更新成功：陶喆 - 流沙 (ID: 150667) - 标准、无损音质
[2026-02-25 16:21:49] 更新成功：李毓芬 - 是我不够好 (ID: 410519050) - 标准、无损音质
[2026-02-25 16:21:56] 更新成功：陈奕迅 - 最佳损友 (ID: 65800) - 无损音质
[2026-02-25 16:21:58] 更新成功：AGA - Wonderful U (Demo Version) (ID: 406475394) - 标准、无损音质
[2026-02-25 16:22:01] 更新成功：陈一豪Clear - 彩铃 (ID: 3339130832) - 标准、无损音质
[2026-02-25 16:22:03] 更新成功：Justin Bieber - Intentions (ID: 1421443440) - 标准、无损音质
[2026-02-25 16:22:05] 更新成功：林俊杰 - 我还想她 (ID: 108493) - 标准、无损音质
[2026-02-25 16:22:08] 更新成功：陈粒 - 走马 (ID: 2749430417) - 标准、无损音质
[2026-02-25 16:22:10] 更新成功：Top Barry - 发迹 (ID: 2099778087) - 标准、无损音质
[2026-02-25 16:22:12] 更新成功：蛋堡 - I Want You (ID: 76834) - 标准、无损音质
[2026-02-25 16:22:15] 更新成功：庾澄庆 - 春泥 (ID: 573968836) - 标准、无损音质
[2026-02-25 16:22:18] 更新成功：Vansdaddy - 身无居所 (ID: 3319817890) - 标准、无损音质
[2026-02-25 16:22:20] 更新成功：建坤YOUNG - 声音 (ID: 2031085185) - 标准、无损音质
[2026-02-25 16:22:22] 更新成功：岑宁儿 - 追光者 (ID: 483671599) - 标准、无损音质
[2026-02-25 16:22:23] 更新完成：成功更新 24 首歌曲
[2026-02-25 16:36:18] 开始更新音乐URL...
[2026-02-25 16:36:18] 备份创建成功：backups/music_data_2026-02-25_16-36-18.json
[2026-02-25 16:36:21] 更新成功：徐佳莹 - 一样的月光 (ID: 306665) - 标准、无损音质
[2026-02-25 16:36:24] 更新成功：Maroon 5 - Payphone (ID: 1952737857) - 标准、无损音质
[2026-02-25 16:36:26] 更新成功：G.E.M.邓紫棋 - 来自天堂的魔鬼 (ID: 36270426) - 标准、无损音质
[2026-02-25 16:36:28] 更新成功：郭静 - 下一个天亮 (ID: 233882) - 标准、无损音质
[2026-02-25 16:36:30] 更新成功：李荣浩 - 不将就 (ID: 31654343) - 标准、无损音质
[2026-02-25 16:36:33] 更新成功：雨爱 (ID: 316100) - 标准、无损音质
[2026-02-25 16:36:35] 更新成功：林宜融 - 同手同脚 (ID: 350482) - 标准、无损音质
[2026-02-25 16:36:37] 更新成功：孙燕姿 - 开始懂了 (ID: 287719) - 标准、无损音质
[2026-02-25 16:36:40] 更新成功：Beyond - 真的爱你 (ID: 346075) - 标准、无损音质
[2026-02-25 16:36:42] 更新成功：KUN - Colder (ID: 3351234875) - 标准、无损音质
[2026-02-25 16:36:44] 更新成功：陶喆 - 流沙 (ID: 150667) - 标准、无损音质
[2026-02-25 16:36:46] 更新成功：李毓芬 - 是我不够好 (ID: 410519050) - 标准、无损音质
[2026-02-25 16:36:49] 更新成功：陈奕迅 - 最佳损友 (ID: 65800) - 标准、无损音质
[2026-02-25 16:36:51] 更新成功：AGA - Wonderful U (Demo Version) (ID: 406475394) - 标准、无损音质
[2026-02-25 16:36:53] 更新成功：陈一豪Clear - 彩铃 (ID: 3339130832) - 标准、无损音质
[2026-02-25 16:36:55] 更新成功：Justin Bieber - Intentions (ID: 1421443440) - 标准、无损音质
[2026-02-25 16:36:57] 更新成功：林俊杰 - 我还想她 (ID: 108493) - 标准、无损音质
[2026-02-25 16:37:00] 更新成功：陈粒 - 走马 (ID: 2749430417) - 标准、无损音质
[2026-02-25 16:37:06] 更新成功：Top Barry - 发迹 (ID: 2099778087) - 标准音质
[2026-02-25 16:37:09] 更新成功：蛋堡 - I Want You (ID: 76834) - 标准、无损音质
[2026-02-25 16:37:11] 更新成功：庾澄庆 - 春泥 (ID: 573968836) - 标准、无损音质
[2026-02-25 16:37:13] 更新成功：Vansdaddy - 身无居所 (ID: 3319817890) - 标准、无损音质
[2026-02-25 16:37:15] 更新成功：建坤YOUNG - 声音 (ID: 2031085185) - 标准、无损音质
[2026-02-25 16:37:18] 更新成功：岑宁儿 - 追光者 (ID: 483671599) - 标准、无损音质
[2026-02-25 16:37:18] 更新完成：成功更新 24 首歌曲
[2026-02-25 16:51:18] 开始更新音乐URL...
[2026-02-25 16:51:18] 备份创建成功：backups/music_data_2026-02-25_16-51-18.json
[2026-02-25 16:51:20] 更新成功：徐佳莹 - 一样的月光 (ID: 306665) - 标准、无损音质
[2026-02-25 16:51:22] 更新成功：Maroon 5 - Payphone (ID: 1952737857) - 标准、无损音质
[2026-02-25 16:51:25] 更新成功：G.E.M.邓紫棋 - 来自天堂的魔鬼 (ID: 36270426) - 标准、无损音质
[2026-02-25 16:51:27] 更新成功：郭静 - 下一个天亮 (ID: 233882) - 标准、无损音质
[2026-02-25 16:51:29] 更新成功：李荣浩 - 不将就 (ID: 31654343) - 标准、无损音质
[2026-02-25 16:51:31] 更新成功：雨爱 (ID: 316100) - 标准、无损音质
[2026-02-25 16:51:33] 更新成功：林宜融 - 同手同脚 (ID: 350482) - 标准、无损音质
[2026-02-25 16:51:35] 更新成功：孙燕姿 - 开始懂了 (ID: 287719) - 标准、无损音质
[2026-02-25 16:51:38] 更新成功：Beyond - 真的爱你 (ID: 346075) - 标准、无损音质
[2026-02-25 16:51:40] 更新成功：KUN - Colder (ID: 3351234875) - 标准、无损音质
[2026-02-25 16:51:43] 更新成功：陶喆 - 流沙 (ID: 150667) - 标准、无损音质
[2026-02-25 16:51:45] 更新成功：李毓芬 - 是我不够好 (ID: 410519050) - 标准、无损音质
[2026-02-25 16:51:47] 更新成功：陈奕迅 - 最佳损友 (ID: 65800) - 标准、无损音质
[2026-02-25 16:51:49] 更新成功：AGA - Wonderful U (Demo Version) (ID: 406475394) - 标准、无损音质
[2026-02-25 16:51:51] 更新成功：陈一豪Clear - 彩铃 (ID: 3339130832) - 标准、无损音质
[2026-02-25 16:51:53] 更新成功：Justin Bieber - Intentions (ID: 1421443440) - 标准、无损音质
[2026-02-25 16:51:55] 更新成功：林俊杰 - 我还想她 (ID: 108493) - 标准、无损音质
[2026-02-25 16:51:57] 更新成功：陈粒 - 走马 (ID: 2749430417) - 标准、无损音质
[2026-02-25 16:52:00] 更新成功：Top Barry - 发迹 (ID: 2099778087) - 标准、无损音质
[2026-02-25 16:52:02] 更新成功：蛋堡 - I Want You (ID: 76834) - 标准、无损音质
[2026-02-25 16:52:04] 更新成功：庾澄庆 - 春泥 (ID: 573968836) - 标准、无损音质
[2026-02-25 16:52:07] 更新成功：Vansdaddy - 身无居所 (ID: 3319817890) - 标准、无损音质
[2026-02-25 16:52:09] 更新成功：建坤YOUNG - 声音 (ID: 2031085185) - 标准、无损音质
[2026-02-25 16:52:12] 更新成功：岑宁儿 - 追光者 (ID: 483671599) - 标准、无损音质
[2026-02-25 16:52:12] 更新完成：成功更新 24 首歌曲
[2026-02-25 17:06:18] 开始更新音乐URL...
[2026-02-25 17:06:18] 备份创建成功：backups/music_data_2026-02-25_17-06-18.json
[2026-02-25 17:06:20] 更新成功：徐佳莹 - 一样的月光 (ID: 306665) - 标准、无损音质
[2026-02-25 17:06:22] 更新成功：Maroon 5 - Payphone (ID: 1952737857) - 标准、无损音质
[2026-02-25 17:06:24] 更新成功：G.E.M.邓紫棋 - 来自天堂的魔鬼 (ID: 36270426) - 标准、无损音质
[2026-02-25 17:06:27] 更新成功：郭静 - 下一个天亮 (ID: 233882) - 标准、无损音质
[2026-02-25 17:06:29] 更新成功：李荣浩 - 不将就 (ID: 31654343) - 标准、无损音质
[2026-02-25 17:06:31] 更新成功：雨爱 (ID: 316100) - 标准、无损音质
[2026-02-25 17:06:33] 更新成功：林宜融 - 同手同脚 (ID: 350482) - 标准、无损音质
[2026-02-25 17:06:35] 更新成功：孙燕姿 - 开始懂了 (ID: 287719) - 标准、无损音质
[2026-02-25 17:06:38] 更新成功：Beyond - 真的爱你 (ID: 346075) - 标准、无损音质
[2026-02-25 17:06:40] 更新成功：KUN - Colder (ID: 3351234875) - 标准、无损音质
[2026-02-25 17:06:42] 更新成功：陶喆 - 流沙 (ID: 150667) - 标准、无损音质
[2026-02-25 17:06:44] 更新成功：李毓芬 - 是我不够好 (ID: 410519050) - 标准、无损音质
[2026-02-25 17:06:50] 更新成功：陈奕迅 - 最佳损友 (ID: 65800) - 标准、无损音质
[2026-02-25 17:06:52] 更新成功：AGA - Wonderful U (Demo Version) (ID: 406475394) - 标准、无损音质
[2026-02-25 17:06:54] 更新成功：陈一豪Clear - 彩铃 (ID: 3339130832) - 标准、无损音质
[2026-02-25 17:07:00] 更新成功：Justin Bieber - Intentions (ID: 1421443440) - 标准、无损音质
[2026-02-25 17:07:03] 更新成功：林俊杰 - 我还想她 (ID: 108493) - 标准、无损音质
[2026-02-25 17:07:05] 更新成功：陈粒 - 走马 (ID: 2749430417) - 标准、无损音质
[2026-02-25 17:07:07] 更新成功：Top Barry - 发迹 (ID: 2099778087) - 标准、无损音质
[2026-02-25 17:07:09] 更新成功：蛋堡 - I Want You (ID: 76834) - 标准、无损音质
[2026-02-25 17:07:12] 更新成功：庾澄庆 - 春泥 (ID: 573968836) - 标准、无损音质
[2026-02-25 17:07:14] 更新成功：Vansdaddy - 身无居所 (ID: 3319817890) - 标准、无损音质
[2026-02-25 17:07:16] 更新成功：建坤YOUNG - 声音 (ID: 2031085185) - 标准、无损音质
[2026-02-25 17:07:19] 更新成功：岑宁儿 - 追光者 (ID: 483671599) - 标准、无损音质
[2026-02-25 17:07:19] 更新完成：成功更新 24 首歌曲
[2026-02-25 17:21:18] 开始更新音乐URL...
[2026-02-25 17:21:18] 备份创建成功：backups/music_data_2026-02-25_17-21-18.json
[2026-02-25 17:21:20] 更新成功：徐佳莹 - 一样的月光 (ID: 306665) - 标准、无损音质
[2026-02-25 17:21:23] 更新成功：Maroon 5 - Payphone (ID: 1952737857) - 标准、无损音质
[2026-02-25 17:21:25] 更新成功：G.E.M.邓紫棋 - 来自天堂的魔鬼 (ID: 36270426) - 标准、无损音质
[2026-02-25 17:21:27] 更新成功：郭静 - 下一个天亮 (ID: 233882) - 标准、无损音质
[2026-02-25 17:21:34] 更新成功：李荣浩 - 不将就 (ID: 31654343) - 标准音质
[2026-02-25 17:21:36] 更新成功：雨爱 (ID: 316100) - 标准、无损音质
[2026-02-25 17:21:38] 更新成功：林宜融 - 同手同脚 (ID: 350482) - 标准、无损音质
[2026-02-25 17:21:40] 更新成功：孙燕姿 - 开始懂了 (ID: 287719) - 标准、无损音质
[2026-02-25 17:21:42] 更新成功：Beyond - 真的爱你 (ID: 346075) - 标准、无损音质
[2026-02-25 17:21:45] 更新成功：KUN - Colder (ID: 3351234875) - 标准、无损音质
[2026-02-25 17:21:47] 更新成功：陶喆 - 流沙 (ID: 150667) - 标准、无损音质
[2026-02-25 17:21:49] 更新成功：李毓芬 - 是我不够好 (ID: 410519050) - 标准、无损音质
[2026-02-25 17:21:51] 更新成功：陈奕迅 - 最佳损友 (ID: 65800) - 标准、无损音质
[2026-02-25 17:21:53] 更新成功：AGA - Wonderful U (Demo Version) (ID: 406475394) - 标准、无损音质
[2026-02-25 17:21:55] 更新成功：陈一豪Clear - 彩铃 (ID: 3339130832) - 标准、无损音质
[2026-02-25 17:21:58] 更新成功：Justin Bieber - Intentions (ID: 1421443440) - 标准、无损音质
[2026-02-25 17:22:00] 更新成功：林俊杰 - 我还想她 (ID: 108493) - 标准、无损音质
[2026-02-25 17:22:02] 更新成功：陈粒 - 走马 (ID: 2749430417) - 标准、无损音质
[2026-02-25 17:22:04] 更新成功：Top Barry - 发迹 (ID: 2099778087) - 标准、无损音质
[2026-02-25 17:22:06] 更新成功：蛋堡 - I Want You (ID: 76834) - 标准、无损音质
[2026-02-25 17:22:09] 更新成功：庾澄庆 - 春泥 (ID: 573968836) - 标准、无损音质
[2026-02-25 17:22:11] 更新成功：Vansdaddy - 身无居所 (ID: 3319817890) - 标准、无损音质
[2026-02-25 17:22:13] 更新成功：建坤YOUNG - 声音 (ID: 2031085185) - 标准、无损音质
[2026-02-25 17:22:15] 更新成功：岑宁儿 - 追光者 (ID: 483671599) - 标准、无损音质
[2026-02-25 17:22:15] 更新完成：成功更新 24 首歌曲
[2026-02-25 17:36:18] 开始更新音乐URL...
[2026-02-25 17:36:18] 备份创建成功：backups/music_data_2026-02-25_17-36-18.json
[2026-02-25 17:36:21] 更新成功：徐佳莹 - 一样的月光 (ID: 306665) - 标准、无损音质
[2026-02-25 17:36:23] 更新成功：Maroon 5 - Payphone (ID: 1952737857) - 标准、无损音质
[2026-02-25 17:36:25] 更新成功：G.E.M.邓紫棋 - 来自天堂的魔鬼 (ID: 36270426) - 标准、无损音质
[2026-02-25 17:36:28] 更新成功：郭静 - 下一个天亮 (ID: 233882) - 标准、无损音质
[2026-02-25 17:36:30] 更新成功：李荣浩 - 不将就 (ID: 31654343) - 标准、无损音质
[2026-02-25 17:36:32] 更新成功：雨爱 (ID: 316100) - 标准、无损音质
[2026-02-25 17:36:35] 更新成功：林宜融 - 同手同脚 (ID: 350482) - 标准、无损音质
[2026-02-25 17:36:37] 更新成功：孙燕姿 - 开始懂了 (ID: 287719) - 标准、无损音质
[2026-02-25 17:36:39] 更新成功：Beyond - 真的爱你 (ID: 346075) - 标准、无损音质
[2026-02-25 17:36:41] 更新成功：KUN - Colder (ID: 3351234875) - 标准、无损音质
[2026-02-25 17:36:44] 更新成功：陶喆 - 流沙 (ID: 150667) - 标准、无损音质
[2026-02-25 17:36:46] 更新成功：李毓芬 - 是我不够好 (ID: 410519050) - 标准、无损音质
[2026-02-25 17:36:48] 更新成功：陈奕迅 - 最佳损友 (ID: 65800) - 标准、无损音质
[2026-02-25 17:36:50] 更新成功：AGA - Wonderful U (Demo Version) (ID: 406475394) - 标准、无损音质
[2026-02-25 17:36:52] 更新成功：陈一豪Clear - 彩铃 (ID: 3339130832) - 标准、无损音质
[2026-02-25 17:36:55] 更新成功：Justin Bieber - Intentions (ID: 1421443440) - 标准、无损音质
[2026-02-25 17:36:57] 更新成功：林俊杰 - 我还想她 (ID: 108493) - 标准、无损音质
[2026-02-25 17:37:00] 更新成功：陈粒 - 走马 (ID: 2749430417) - 标准、无损音质
[2026-02-25 17:37:02] 更新成功：Top Barry - 发迹 (ID: 2099778087) - 标准、无损音质
[2026-02-25 17:37:04] 更新成功：蛋堡 - I Want You (ID: 76834) - 标准、无损音质
[2026-02-25 17:37:06] 更新成功：庾澄庆 - 春泥 (ID: 573968836) - 标准、无损音质
[2026-02-25 17:37:08] 更新成功：Vansdaddy - 身无居所 (ID: 3319817890) - 标准、无损音质
[2026-02-25 17:37:10] 更新成功：建坤YOUNG - 声音 (ID: 2031085185) - 标准、无损音质
[2026-02-25 17:37:12] 更新成功：岑宁儿 - 追光者 (ID: 483671599) - 标准、无损音质
[2026-02-25 17:37:13] 更新完成：成功更新 24 首歌曲
[2026-02-25 17:51:19] 开始更新音乐URL...
[2026-02-25 17:51:19] 备份创建成功：backups/music_data_2026-02-25_17-51-19.json
[2026-02-25 17:51:21] 更新成功：徐佳莹 - 一样的月光 (ID: 306665) - 标准、无损音质
[2026-02-25 17:51:23] 更新成功：Maroon 5 - Payphone (ID: 1952737857) - 标准、无损音质
[2026-02-25 17:51:25] 更新成功：G.E.M.邓紫棋 - 来自天堂的魔鬼 (ID: 36270426) - 标准、无损音质
[2026-02-25 17:51:27] 更新成功：郭静 - 下一个天亮 (ID: 233882) - 标准、无损音质
[2026-02-25 17:51:29] 更新成功：李荣浩 - 不将就 (ID: 31654343) - 标准、无损音质
[2026-02-25 17:51:32] 更新成功：雨爱 (ID: 316100) - 标准、无损音质
[2026-02-25 17:51:34] 更新成功：林宜融 - 同手同脚 (ID: 350482) - 标准、无损音质
[2026-02-25 17:51:36] 更新成功：孙燕姿 - 开始懂了 (ID: 287719) - 标准、无损音质
[2026-02-25 17:51:38] 更新成功：Beyond - 真的爱你 (ID: 346075) - 标准、无损音质
[2026-02-25 17:51:41] 更新成功：KUN - Colder (ID: 3351234875) - 标准、无损音质
[2026-02-25 17:51:43] 更新成功：陶喆 - 流沙 (ID: 150667) - 标准、无损音质
[2026-02-25 17:51:45] 更新成功：李毓芬 - 是我不够好 (ID: 410519050) - 标准、无损音质
[2026-02-25 17:51:49] 更新成功：陈奕迅 - 最佳损友 (ID: 65800) - 标准、无损音质
[2026-02-25 17:51:51] 更新成功：AGA - Wonderful U (Demo Version) (ID: 406475394) - 标准、无损音质
[2026-02-25 17:51:53] 更新成功：陈一豪Clear - 彩铃 (ID: 3339130832) - 标准、无损音质
[2026-02-25 17:51:55] 更新成功：Justin Bieber - Intentions (ID: 1421443440) - 标准、无损音质
[2026-02-25 17:51:57] 更新成功：林俊杰 - 我还想她 (ID: 108493) - 标准、无损音质
[2026-02-25 17:51:59] 更新成功：陈粒 - 走马 (ID: 2749430417) - 标准、无损音质
[2026-02-25 17:52:01] 更新成功：Top Barry - 发迹 (ID: 2099778087) - 标准、无损音质
[2026-02-25 17:52:04] 更新成功：蛋堡 - I Want You (ID: 76834) - 标准、无损音质
[2026-02-25 17:52:06] 更新成功：庾澄庆 - 春泥 (ID: 573968836) - 标准、无损音质
[2026-02-25 17:52:08] 更新成功：Vansdaddy - 身无居所 (ID: 3319817890) - 标准、无损音质
[2026-02-25 17:52:10] 更新成功：建坤YOUNG - 声音 (ID: 2031085185) - 标准、无损音质
[2026-02-25 17:52:12] 更新成功：岑宁儿 - 追光者 (ID: 483671599) - 标准、无损音质
[2026-02-25 17:52:13] 更新完成：成功更新 24 首歌曲
[2026-02-25 18:06:18] 开始更新音乐URL...
[2026-02-25 18:06:18] 备份创建成功：backups/music_data_2026-02-25_18-06-18.json
[2026-02-25 18:06:21] 更新成功：徐佳莹 - 一样的月光 (ID: 306665) - 标准、无损音质
[2026-02-25 18:06:23] 更新成功：Maroon 5 - Payphone (ID: 1952737857) - 标准、无损音质
[2026-02-25 18:06:27] 更新成功：G.E.M.邓紫棋 - 来自天堂的魔鬼 (ID: 36270426) - 标准、无损音质
[2026-02-25 18:06:30] 更新成功：郭静 - 下一个天亮 (ID: 233882) - 标准、无损音质
[2026-02-25 18:06:32] 更新成功：李荣浩 - 不将就 (ID: 31654343) - 标准、无损音质
[2026-02-25 18:06:34] 更新成功：雨爱 (ID: 316100) - 标准、无损音质
[2026-02-25 18:06:36] 更新成功：林宜融 - 同手同脚 (ID: 350482) - 标准、无损音质
[2026-02-25 18:06:38] 更新成功：孙燕姿 - 开始懂了 (ID: 287719) - 标准、无损音质
[2026-02-25 18:06:40] 更新成功：Beyond - 真的爱你 (ID: 346075) - 标准、无损音质
[2026-02-25 18:06:42] 更新成功：KUN - Colder (ID: 3351234875) - 标准、无损音质
[2026-02-25 18:06:44] 更新成功：陶喆 - 流沙 (ID: 150667) - 标准、无损音质
[2026-02-25 18:06:47] 更新成功：李毓芬 - 是我不够好 (ID: 410519050) - 标准、无损音质
[2026-02-25 18:06:49] 更新成功：陈奕迅 - 最佳损友 (ID: 65800) - 标准、无损音质
[2026-02-25 18:06:51] 更新成功：AGA - Wonderful U (Demo Version) (ID: 406475394) - 标准、无损音质
[2026-02-25 18:06:53] 更新成功：陈一豪Clear - 彩铃 (ID: 3339130832) - 标准、无损音质
[2026-02-25 18:06:55] 更新成功：Justin Bieber - Intentions (ID: 1421443440) - 标准、无损音质
[2026-02-25 18:06:58] 更新成功：林俊杰 - 我还想她 (ID: 108493) - 标准、无损音质
[2026-02-25 18:07:00] 更新成功：陈粒 - 走马 (ID: 2749430417) - 标准、无损音质
[2026-02-25 18:07:02] 更新成功：Top Barry - 发迹 (ID: 2099778087) - 标准、无损音质
[2026-02-25 18:07:04] 更新成功：蛋堡 - I Want You (ID: 76834) - 标准、无损音质
[2026-02-25 18:07:07] 更新成功：庾澄庆 - 春泥 (ID: 573968836) - 标准、无损音质
[2026-02-25 18:07:09] 更新成功：Vansdaddy - 身无居所 (ID: 3319817890) - 标准、无损音质
[2026-02-25 18:07:11] 更新成功：建坤YOUNG - 声音 (ID: 2031085185) - 标准、无损音质
[2026-02-25 18:07:13] 更新成功：岑宁儿 - 追光者 (ID: 483671599) - 标准、无损音质
[2026-02-25 18:07:14] 更新完成：成功更新 24 首歌曲
[2026-02-25 18:21:19] 开始更新音乐URL...
[2026-02-25 18:21:19] 备份创建成功：backups/music_data_2026-02-25_18-21-19.json
[2026-02-25 18:21:22] 更新成功：徐佳莹 - 一样的月光 (ID: 306665) - 标准、无损音质
[2026-02-25 18:21:25] 更新成功：Maroon 5 - Payphone (ID: 1952737857) - 标准、无损音质
[2026-02-25 18:21:27] 更新成功：G.E.M.邓紫棋 - 来自天堂的魔鬼 (ID: 36270426) - 标准、无损音质
[2026-02-25 18:21:29] 更新成功：郭静 - 下一个天亮 (ID: 233882) - 标准、无损音质
[2026-02-25 18:21:31] 更新成功：李荣浩 - 不将就 (ID: 31654343) - 标准、无损音质
[2026-02-25 18:21:33] 更新成功：雨爱 (ID: 316100) - 标准、无损音质
[2026-02-25 18:21:36] 更新成功：林宜融 - 同手同脚 (ID: 350482) - 标准、无损音质
[2026-02-25 18:21:38] 更新成功：孙燕姿 - 开始懂了 (ID: 287719) - 标准、无损音质
[2026-02-25 18:21:40] 更新成功：Beyond - 真的爱你 (ID: 346075) - 标准、无损音质
[2026-02-25 18:21:42] 更新成功：KUN - Colder (ID: 3351234875) - 标准、无损音质
[2026-02-25 18:21:44] 更新成功：陶喆 - 流沙 (ID: 150667) - 标准、无损音质
[2026-02-25 18:21:47] 更新成功：李毓芬 - 是我不够好 (ID: 410519050) - 标准、无损音质
[2026-02-25 18:21:49] 更新成功：陈奕迅 - 最佳损友 (ID: 65800) - 标准、无损音质
[2026-02-25 18:21:51] 更新成功：AGA - Wonderful U (Demo Version) (ID: 406475394) - 标准、无损音质
[2026-02-25 18:21:53] 更新成功：陈一豪Clear - 彩铃 (ID: 3339130832) - 标准、无损音质
[2026-02-25 18:21:55] 更新成功：Justin Bieber - Intentions (ID: 1421443440) - 标准、无损音质
[2026-02-25 18:21:58] 更新成功：林俊杰 - 我还想她 (ID: 108493) - 标准、无损音质
[2026-02-25 18:22:00] 更新成功：陈粒 - 走马 (ID: 2749430417) - 标准、无损音质
[2026-02-25 18:22:02] 更新成功：Top Barry - 发迹 (ID: 2099778087) - 标准、无损音质
[2026-02-25 18:22:04] 更新成功：蛋堡 - I Want You (ID: 76834) - 标准、无损音质
[2026-02-25 18:22:06] 更新成功：庾澄庆 - 春泥 (ID: 573968836) - 标准、无损音质
[2026-02-25 18:22:08] 更新成功：Vansdaddy - 身无居所 (ID: 3319817890) - 标准、无损音质
[2026-02-25 18:22:11] 更新成功：建坤YOUNG - 声音 (ID: 2031085185) - 标准、无损音质
[2026-02-25 18:22:13] 更新成功：岑宁儿 - 追光者 (ID: 483671599) - 标准、无损音质
[2026-02-25 18:22:13] 更新完成：成功更新 24 首歌曲
[2026-02-25 18:36:18] 开始更新音乐URL...
[2026-02-25 18:36:18] 备份创建成功：backups/music_data_2026-02-25_18-36-18.json
[2026-02-25 18:36:20] 更新成功：徐佳莹 - 一样的月光 (ID: 306665) - 标准、无损音质
[2026-02-25 18:36:22] 更新成功：Maroon 5 - Payphone (ID: 1952737857) - 标准、无损音质
[2026-02-25 18:36:25] 更新成功：G.E.M.邓紫棋 - 来自天堂的魔鬼 (ID: 36270426) - 标准、无损音质
[2026-02-25 18:36:27] 更新成功：郭静 - 下一个天亮 (ID: 233882) - 标准、无损音质
[2026-02-25 18:36:29] 更新成功：李荣浩 - 不将就 (ID: 31654343) - 标准、无损音质
[2026-02-25 18:36:31] 更新成功：雨爱 (ID: 316100) - 标准、无损音质
[2026-02-25 18:36:33] 更新成功：林宜融 - 同手同脚 (ID: 350482) - 标准、无损音质
[2026-02-25 18:36:36] 更新成功：孙燕姿 - 开始懂了 (ID: 287719) - 标准、无损音质
[2026-02-25 18:36:38] 更新成功：Beyond - 真的爱你 (ID: 346075) - 标准、无损音质
[2026-02-25 18:36:40] 更新成功：KUN - Colder (ID: 3351234875) - 标准、无损音质
[2026-02-25 18:36:42] 更新成功：陶喆 - 流沙 (ID: 150667) - 标准、无损音质
[2026-02-25 18:36:44] 更新成功：李毓芬 - 是我不够好 (ID: 410519050) - 标准、无损音质
[2026-02-25 18:36:46] 更新成功：陈奕迅 - 最佳损友 (ID: 65800) - 标准、无损音质
[2026-02-25 18:36:48] 更新成功：AGA - Wonderful U (Demo Version) (ID: 406475394) - 标准、无损音质
[2026-02-25 18:36:50] 更新成功：陈一豪Clear - 彩铃 (ID: 3339130832) - 标准、无损音质
[2026-02-25 18:36:52] 更新成功：Justin Bieber - Intentions (ID: 1421443440) - 标准、无损音质
[2026-02-25 18:36:55] 更新成功：林俊杰 - 我还想她 (ID: 108493) - 标准、无损音质
[2026-02-25 18:36:57] 更新成功：陈粒 - 走马 (ID: 2749430417) - 标准、无损音质
[2026-02-25 18:36:59] 更新成功：Top Barry - 发迹 (ID: 2099778087) - 标准、无损音质
[2026-02-25 18:37:01] 更新成功：蛋堡 - I Want You (ID: 76834) - 标准、无损音质
[2026-02-25 18:37:03] 更新成功：庾澄庆 - 春泥 (ID: 573968836) - 标准、无损音质
[2026-02-25 18:37:10] 更新成功：Vansdaddy - 身无居所 (ID: 3319817890) - 无损音质
[2026-02-25 18:37:12] 更新成功：建坤YOUNG - 声音 (ID: 2031085185) - 标准、无损音质
[2026-02-25 18:37:14] 更新成功：岑宁儿 - 追光者 (ID: 483671599) - 标准、无损音质
[2026-02-25 18:37:15] 更新完成：成功更新 24 首歌曲
[2026-02-25 18:51:18] 开始更新音乐URL...
[2026-02-25 18:51:18] 备份创建成功：backups/music_data_2026-02-25_18-51-18.json
[2026-02-25 18:51:20] 更新成功：徐佳莹 - 一样的月光 (ID: 306665) - 标准、无损音质
[2026-02-25 18:51:26] 更新成功：Maroon 5 - Payphone (ID: 1952737857) - 标准、无损音质
[2026-02-25 18:51:28] 更新成功：G.E.M.邓紫棋 - 来自天堂的魔鬼 (ID: 36270426) - 标准、无损音质
[2026-02-25 18:51:30] 更新成功：郭静 - 下一个天亮 (ID: 233882) - 标准、无损音质
[2026-02-25 18:51:32] 更新成功：李荣浩 - 不将就 (ID: 31654343) - 标准、无损音质
[2026-02-25 18:51:35] 更新成功：雨爱 (ID: 316100) - 标准、无损音质
[2026-02-25 18:51:37] 更新成功：林宜融 - 同手同脚 (ID: 350482) - 标准、无损音质
[2026-02-25 18:51:39] 更新成功：孙燕姿 - 开始懂了 (ID: 287719) - 标准、无损音质
[2026-02-25 18:51:42] 更新成功：Beyond - 真的爱你 (ID: 346075) - 标准、无损音质
[2026-02-25 18:51:44] 更新成功：KUN - Colder (ID: 3351234875) - 标准、无损音质
[2026-02-25 18:51:46] 更新成功：陶喆 - 流沙 (ID: 150667) - 标准、无损音质
[2026-02-25 18:51:48] 更新成功：李毓芬 - 是我不够好 (ID: 410519050) - 标准、无损音质
[2026-02-25 18:51:50] 更新成功：陈奕迅 - 最佳损友 (ID: 65800) - 标准、无损音质
[2026-02-25 18:51:52] 更新成功：AGA - Wonderful U (Demo Version) (ID: 406475394) - 标准、无损音质
[2026-02-25 18:51:54] 更新成功：陈一豪Clear - 彩铃 (ID: 3339130832) - 标准、无损音质
[2026-02-25 18:51:56] 更新成功：Justin Bieber - Intentions (ID: 1421443440) - 标准、无损音质
[2026-02-25 18:51:59] 更新成功：林俊杰 - 我还想她 (ID: 108493) - 标准、无损音质
[2026-02-25 18:52:01] 更新成功：陈粒 - 走马 (ID: 2749430417) - 标准、无损音质
[2026-02-25 18:52:03] 更新成功：Top Barry - 发迹 (ID: 2099778087) - 标准、无损音质
[2026-02-25 18:52:05] 更新成功：蛋堡 - I Want You (ID: 76834) - 标准、无损音质
[2026-02-25 18:52:07] 更新成功：庾澄庆 - 春泥 (ID: 573968836) - 标准、无损音质
[2026-02-25 18:52:09] 更新成功：Vansdaddy - 身无居所 (ID: 3319817890) - 标准、无损音质
[2026-02-25 18:52:11] 更新成功：建坤YOUNG - 声音 (ID: 2031085185) - 标准、无损音质
[2026-02-25 18:52:13] 更新成功：岑宁儿 - 追光者 (ID: 483671599) - 标准、无损音质
[2026-02-25 18:52:14] 更新完成：成功更新 24 首歌曲
[2026-02-25 19:06:18] 开始更新音乐URL...
[2026-02-25 19:06:18] 备份创建成功：backups/music_data_2026-02-25_19-06-18.json
[2026-02-25 19:06:21] 更新成功：徐佳莹 - 一样的月光 (ID: 306665) - 标准、无损音质
[2026-02-25 19:06:23] 更新成功：Maroon 5 - Payphone (ID: 1952737857) - 标准、无损音质
[2026-02-25 19:06:25] 更新成功：G.E.M.邓紫棋 - 来自天堂的魔鬼 (ID: 36270426) - 标准、无损音质
[2026-02-25 19:06:28] 更新成功：郭静 - 下一个天亮 (ID: 233882) - 标准、无损音质
[2026-02-25 19:06:30] 更新成功：李荣浩 - 不将就 (ID: 31654343) - 标准、无损音质
[2026-02-25 19:06:32] 更新成功：雨爱 (ID: 316100) - 标准、无损音质
[2026-02-25 19:06:34] 更新成功：林宜融 - 同手同脚 (ID: 350482) - 标准、无损音质
[2026-02-25 19:06:36] 更新成功：孙燕姿 - 开始懂了 (ID: 287719) - 标准、无损音质
[2026-02-25 19:06:38] 更新成功：Beyond - 真的爱你 (ID: 346075) - 标准、无损音质
[2026-02-25 19:06:41] 更新成功：KUN - Colder (ID: 3351234875) - 标准、无损音质
[2026-02-25 19:06:44] 更新成功：陶喆 - 流沙 (ID: 150667) - 标准、无损音质
[2026-02-25 19:06:46] 更新成功：李毓芬 - 是我不够好 (ID: 410519050) - 标准、无损音质
[2026-02-25 19:06:48] 更新成功：陈奕迅 - 最佳损友 (ID: 65800) - 标准、无损音质
[2026-02-25 19:06:51] 更新成功：AGA - Wonderful U (Demo Version) (ID: 406475394) - 标准、无损音质
[2026-02-25 19:06:53] 更新成功：陈一豪Clear - 彩铃 (ID: 3339130832) - 标准、无损音质
[2026-02-25 19:06:55] 更新成功：Justin Bieber - Intentions (ID: 1421443440) - 标准、无损音质
[2026-02-25 19:06:57] 更新成功：林俊杰 - 我还想她 (ID: 108493) - 标准、无损音质
[2026-02-25 19:07:00] 更新成功：陈粒 - 走马 (ID: 2749430417) - 标准、无损音质
[2026-02-25 19:07:02] 更新成功：Top Barry - 发迹 (ID: 2099778087) - 标准、无损音质
[2026-02-25 19:07:04] 更新成功：蛋堡 - I Want You (ID: 76834) - 标准、无损音质
[2026-02-25 19:07:07] 更新成功：庾澄庆 - 春泥 (ID: 573968836) - 标准、无损音质
[2026-02-25 19:07:09] 更新成功：Vansdaddy - 身无居所 (ID: 3319817890) - 标准、无损音质
[2026-02-25 19:07:12] 更新成功：建坤YOUNG - 声音 (ID: 2031085185) - 标准、无损音质
[2026-02-25 19:07:15] 更新成功：岑宁儿 - 追光者 (ID: 483671599) - 标准、无损音质
[2026-02-25 19:07:16] 更新完成：成功更新 24 首歌曲
[2026-02-25 19:21:18] 开始更新音乐URL...
[2026-02-25 19:21:18] 备份创建成功：backups/music_data_2026-02-25_19-21-18.json
[2026-02-25 19:21:20] 更新成功：徐佳莹 - 一样的月光 (ID: 306665) - 标准、无损音质
[2026-02-25 19:21:22] 更新成功：Maroon 5 - Payphone (ID: 1952737857) - 标准、无损音质
[2026-02-25 19:21:24] 更新成功：G.E.M.邓紫棋 - 来自天堂的魔鬼 (ID: 36270426) - 标准、无损音质
[2026-02-25 19:21:27] 更新成功：郭静 - 下一个天亮 (ID: 233882) - 标准、无损音质
[2026-02-25 19:21:29] 更新成功：李荣浩 - 不将就 (ID: 31654343) - 标准、无损音质
[2026-02-25 19:21:39] 更新成功：雨爱 (ID: 316100) - 标准、无损音质
[2026-02-25 19:21:48] 更新成功：林宜融 - 同手同脚 (ID: 350482) - 标准、无损音质
[2026-02-25 19:21:51] 更新成功：孙燕姿 - 开始懂了 (ID: 287719) - 标准、无损音质
[2026-02-25 19:21:58] 更新成功：Beyond - 真的爱你 (ID: 346075) - 标准、无损音质
[2026-02-25 19:22:04] 更新成功：KUN - Colder (ID: 3351234875) - 标准、无损音质
[2026-02-25 19:22:07] 更新成功：陶喆 - 流沙 (ID: 150667) - 标准、无损音质
[2026-02-25 19:22:09] 更新成功：李毓芬 - 是我不够好 (ID: 410519050) - 标准、无损音质
[2026-02-25 19:22:12] 更新成功：陈奕迅 - 最佳损友 (ID: 65800) - 标准、无损音质
[2026-02-25 19:22:14] 更新成功：AGA - Wonderful U (Demo Version) (ID: 406475394) - 标准、无损音质
[2026-02-25 19:22:16] 更新成功：陈一豪Clear - 彩铃 (ID: 3339130832) - 标准、无损音质
[2026-02-25 19:22:18] 更新成功：Justin Bieber - Intentions (ID: 1421443440) - 标准、无损音质
[2026-02-25 19:22:20] 更新成功：林俊杰 - 我还想她 (ID: 108493) - 标准、无损音质
[2026-02-25 19:22:23] 更新成功：陈粒 - 走马 (ID: 2749430417) - 标准、无损音质
[2026-02-25 19:22:27] 更新成功：Top Barry - 发迹 (ID: 2099778087) - 标准、无损音质
[2026-02-25 19:22:29] 更新成功：蛋堡 - I Want You (ID: 76834) - 标准、无损音质
[2026-02-25 19:22:31] 更新成功：庾澄庆 - 春泥 (ID: 573968836) - 标准、无损音质
[2026-02-25 19:22:33] 更新成功：Vansdaddy - 身无居所 (ID: 3319817890) - 标准、无损音质
[2026-02-25 19:22:36] 更新成功：建坤YOUNG - 声音 (ID: 2031085185) - 标准、无损音质
[2026-02-25 19:22:38] 更新成功：岑宁儿 - 追光者 (ID: 483671599) - 标准、无损音质
[2026-02-25 19:22:38] 更新完成：成功更新 24 首歌曲
[2026-02-25 19:36:19] 开始更新音乐URL...
[2026-02-25 19:36:19] 备份创建成功：backups/music_data_2026-02-25_19-36-19.json
[2026-02-25 19:36:22] 更新成功：徐佳莹 - 一样的月光 (ID: 306665) - 标准、无损音质
[2026-02-25 19:36:24] 更新成功：Maroon 5 - Payphone (ID: 1952737857) - 标准、无损音质
[2026-02-25 19:36:27] 更新成功：G.E.M.邓紫棋 - 来自天堂的魔鬼 (ID: 36270426) - 标准、无损音质
[2026-02-25 19:36:29] 更新成功：郭静 - 下一个天亮 (ID: 233882) - 标准、无损音质
[2026-02-25 19:36:32] 更新成功：李荣浩 - 不将就 (ID: 31654343) - 标准、无损音质
[2026-02-25 19:36:35] 更新成功：雨爱 (ID: 316100) - 标准、无损音质
[2026-02-25 19:36:37] 更新成功：林宜融 - 同手同脚 (ID: 350482) - 标准、无损音质
[2026-02-25 19:36:40] 更新成功：孙燕姿 - 开始懂了 (ID: 287719) - 标准、无损音质
[2026-02-25 19:36:42] 更新成功：Beyond - 真的爱你 (ID: 346075) - 标准、无损音质
[2026-02-25 19:36:44] 更新成功：KUN - Colder (ID: 3351234875) - 标准、无损音质
[2026-02-25 19:36:47] 更新成功：陶喆 - 流沙 (ID: 150667) - 标准、无损音质
[2026-02-25 19:36:49] 更新成功：李毓芬 - 是我不够好 (ID: 410519050) - 标准、无损音质
[2026-02-25 19:36:52] 更新成功：陈奕迅 - 最佳损友 (ID: 65800) - 标准、无损音质
[2026-02-25 19:36:54] 更新成功：AGA - Wonderful U (Demo Version) (ID: 406475394) - 标准、无损音质
[2026-02-25 19:36:56] 更新成功：陈一豪Clear - 彩铃 (ID: 3339130832) - 标准、无损音质
[2026-02-25 19:36:59] 更新成功：Justin Bieber - Intentions (ID: 1421443440) - 标准、无损音质
[2026-02-25 19:37:01] 更新成功：林俊杰 - 我还想她 (ID: 108493) - 标准、无损音质
[2026-02-25 19:37:03] 更新成功：陈粒 - 走马 (ID: 2749430417) - 标准、无损音质
[2026-02-25 19:37:06] 更新成功：Top Barry - 发迹 (ID: 2099778087) - 标准、无损音质
[2026-02-25 19:37:08] 更新成功：蛋堡 - I Want You (ID: 76834) - 标准、无损音质
[2026-02-25 19:37:10] 更新成功：庾澄庆 - 春泥 (ID: 573968836) - 标准、无损音质
[2026-02-25 19:37:12] 更新成功：Vansdaddy - 身无居所 (ID: 3319817890) - 标准、无损音质
[2026-02-25 19:37:15] 更新成功：建坤YOUNG - 声音 (ID: 2031085185) - 标准、无损音质
[2026-02-25 19:37:17] 更新成功：岑宁儿 - 追光者 (ID: 483671599) - 标准、无损音质
[2026-02-25 19:37:18] 更新完成：成功更新 24 首歌曲
[2026-02-25 19:51:18] 开始更新音乐URL...
[2026-02-25 19:51:18] 备份创建成功：backups/music_data_2026-02-25_19-51-18.json
[2026-02-25 19:51:20] 更新成功：徐佳莹 - 一样的月光 (ID: 306665) - 标准、无损音质
[2026-02-25 19:51:22] 更新成功：Maroon 5 - Payphone (ID: 1952737857) - 标准、无损音质
[2026-02-25 19:51:24] 更新成功：G.E.M.邓紫棋 - 来自天堂的魔鬼 (ID: 36270426) - 标准、无损音质
[2026-02-25 19:51:27] 更新成功：郭静 - 下一个天亮 (ID: 233882) - 标准、无损音质
[2026-02-25 19:51:29] 更新成功：李荣浩 - 不将就 (ID: 31654343) - 标准、无损音质
[2026-02-25 19:51:31] 更新成功：雨爱 (ID: 316100) - 标准、无损音质
[2026-02-25 19:51:33] 更新成功：林宜融 - 同手同脚 (ID: 350482) - 标准、无损音质
[2026-02-25 19:51:36] 更新成功：孙燕姿 - 开始懂了 (ID: 287719) - 标准、无损音质
[2026-02-25 19:51:38] 更新成功：Beyond - 真的爱你 (ID: 346075) - 标准、无损音质
[2026-02-25 19:51:40] 更新成功：KUN - Colder (ID: 3351234875) - 标准、无损音质
[2026-02-25 19:51:43] 更新成功：陶喆 - 流沙 (ID: 150667) - 标准、无损音质
[2026-02-25 19:51:45] 更新成功：李毓芬 - 是我不够好 (ID: 410519050) - 标准、无损音质
[2026-02-25 19:51:47] 更新成功：陈奕迅 - 最佳损友 (ID: 65800) - 标准、无损音质
[2026-02-25 19:51:50] 更新成功：AGA - Wonderful U (Demo Version) (ID: 406475394) - 标准、无损音质
[2026-02-25 19:51:52] 更新成功：陈一豪Clear - 彩铃 (ID: 3339130832) - 标准、无损音质
[2026-02-25 19:51:54] 更新成功：Justin Bieber - Intentions (ID: 1421443440) - 标准、无损音质
[2026-02-25 19:51:56] 更新成功：林俊杰 - 我还想她 (ID: 108493) - 标准、无损音质
[2026-02-25 19:51:59] 更新成功：陈粒 - 走马 (ID: 2749430417) - 标准、无损音质
[2026-02-25 19:52:01] 更新成功：Top Barry - 发迹 (ID: 2099778087) - 标准、无损音质
[2026-02-25 19:52:03] 更新成功：蛋堡 - I Want You (ID: 76834) - 标准、无损音质
[2026-02-25 19:52:05] 更新成功：庾澄庆 - 春泥 (ID: 573968836) - 标准、无损音质
[2026-02-25 19:52:08] 更新成功：Vansdaddy - 身无居所 (ID: 3319817890) - 标准、无损音质
[2026-02-25 19:52:10] 更新成功：建坤YOUNG - 声音 (ID: 2031085185) - 标准、无损音质
[2026-02-25 19:52:12] 更新成功：岑宁儿 - 追光者 (ID: 483671599) - 标准、无损音质
[2026-02-25 19:52:13] 更新完成：成功更新 24 首歌曲
[2026-02-25 20:06:18] 开始更新音乐URL...
[2026-02-25 20:06:18] 备份创建成功：backups/music_data_2026-02-25_20-06-18.json
[2026-02-25 20:06:20] 更新成功：徐佳莹 - 一样的月光 (ID: 306665) - 标准、无损音质
[2026-02-25 20:06:27] 更新成功：Maroon 5 - Payphone (ID: 1952737857) - 标准音质
[2026-02-25 20:06:29] 更新成功：G.E.M.邓紫棋 - 来自天堂的魔鬼 (ID: 36270426) - 标准、无损音质
[2026-02-25 20:06:31] 更新成功：郭静 - 下一个天亮 (ID: 233882) - 标准、无损音质
[2026-02-25 20:06:34] 更新成功：李荣浩 - 不将就 (ID: 31654343) - 标准、无损音质
[2026-02-25 20:06:36] 更新成功：雨爱 (ID: 316100) - 标准、无损音质
[2026-02-25 20:06:38] 更新成功：林宜融 - 同手同脚 (ID: 350482) - 标准、无损音质
[2026-02-25 20:06:40] 更新成功：孙燕姿 - 开始懂了 (ID: 287719) - 标准、无损音质
[2026-02-25 20:06:43] 更新成功：Beyond - 真的爱你 (ID: 346075) - 标准、无损音质
[2026-02-25 20:06:45] 更新成功：KUN - Colder (ID: 3351234875) - 标准、无损音质
[2026-02-25 20:06:47] 更新成功：陶喆 - 流沙 (ID: 150667) - 标准、无损音质
[2026-02-25 20:06:49] 更新成功：李毓芬 - 是我不够好 (ID: 410519050) - 标准、无损音质
[2026-02-25 20:06:52] 更新成功：陈奕迅 - 最佳损友 (ID: 65800) - 标准、无损音质
[2026-02-25 20:06:54] 更新成功：AGA - Wonderful U (Demo Version) (ID: 406475394) - 标准、无损音质
[2026-02-25 20:07:01] 更新成功：陈一豪Clear - 彩铃 (ID: 3339130832) - 无损音质
[2026-02-25 20:07:03] 更新成功：Justin Bieber - Intentions (ID: 1421443440) - 标准、无损音质
[2026-02-25 20:07:05] 更新成功：林俊杰 - 我还想她 (ID: 108493) - 标准、无损音质
[2026-02-25 20:07:08] 更新成功：陈粒 - 走马 (ID: 2749430417) - 标准、无损音质
[2026-02-25 20:07:10] 更新成功：Top Barry - 发迹 (ID: 2099778087) - 标准、无损音质
[2026-02-25 20:07:12] 更新成功：蛋堡 - I Want You (ID: 76834) - 标准、无损音质
[2026-02-25 20:07:15] 更新成功：庾澄庆 - 春泥 (ID: 573968836) - 标准、无损音质
[2026-02-25 20:07:17] 更新成功：Vansdaddy - 身无居所 (ID: 3319817890) - 标准、无损音质
[2026-02-25 20:07:19] 更新成功：建坤YOUNG - 声音 (ID: 2031085185) - 标准、无损音质
[2026-02-25 20:07:21] 更新成功：岑宁儿 - 追光者 (ID: 483671599) - 标准、无损音质
[2026-02-25 20:07:22] 更新完成：成功更新 24 首歌曲
[2026-02-25 20:21:18] 开始更新音乐URL...
[2026-02-25 20:21:18] 备份创建成功：backups/music_data_2026-02-25_20-21-18.json
[2026-02-25 20:21:20] 更新成功：徐佳莹 - 一样的月光 (ID: 306665) - 标准、无损音质
[2026-02-25 20:21:22] 更新成功：Maroon 5 - Payphone (ID: 1952737857) - 标准、无损音质
[2026-02-25 20:21:24] 更新成功：G.E.M.邓紫棋 - 来自天堂的魔鬼 (ID: 36270426) - 标准、无损音质
[2026-02-25 20:21:27] 更新成功：郭静 - 下一个天亮 (ID: 233882) - 标准、无损音质
[2026-02-25 20:21:30] 更新成功：李荣浩 - 不将就 (ID: 31654343) - 标准、无损音质
[2026-02-25 20:21:33] 更新成功：雨爱 (ID: 316100) - 标准、无损音质
[2026-02-25 20:21:35] 更新成功：林宜融 - 同手同脚 (ID: 350482) - 标准、无损音质
[2026-02-25 20:21:38] 更新成功：孙燕姿 - 开始懂了 (ID: 287719) - 标准、无损音质
[2026-02-25 20:21:41] 更新成功：Beyond - 真的爱你 (ID: 346075) - 标准、无损音质
[2026-02-25 20:21:43] 更新成功：KUN - Colder (ID: 3351234875) - 标准、无损音质
[2026-02-25 20:21:46] 更新成功：陶喆 - 流沙 (ID: 150667) - 标准、无损音质
[2026-02-25 20:21:48] 更新成功：李毓芬 - 是我不够好 (ID: 410519050) - 标准、无损音质
[2026-02-25 20:21:51] 更新成功：陈奕迅 - 最佳损友 (ID: 65800) - 标准、无损音质
[2026-02-25 20:21:53] 更新成功：AGA - Wonderful U (Demo Version) (ID: 406475394) - 标准、无损音质
[2026-02-25 20:21:55] 更新成功：陈一豪Clear - 彩铃 (ID: 3339130832) - 标准、无损音质
[2026-02-25 20:21:58] 更新成功：Justin Bieber - Intentions (ID: 1421443440) - 标准、无损音质
[2026-02-25 20:22:00] 更新成功：林俊杰 - 我还想她 (ID: 108493) - 标准、无损音质
[2026-02-25 20:22:02] 更新成功：陈粒 - 走马 (ID: 2749430417) - 标准、无损音质
[2026-02-25 20:22:05] 更新成功：Top Barry - 发迹 (ID: 2099778087) - 标准、无损音质
[2026-02-25 20:22:07] 更新成功：蛋堡 - I Want You (ID: 76834) - 标准、无损音质
[2026-02-25 20:22:09] 更新成功：庾澄庆 - 春泥 (ID: 573968836) - 标准、无损音质
[2026-02-25 20:22:12] 更新成功：Vansdaddy - 身无居所 (ID: 3319817890) - 标准、无损音质
[2026-02-25 20:22:14] 更新成功：建坤YOUNG - 声音 (ID: 2031085185) - 标准、无损音质
[2026-02-25 20:22:16] 更新成功：岑宁儿 - 追光者 (ID: 483671599) - 标准、无损音质
[2026-02-25 20:22:17] 更新完成：成功更新 24 首歌曲
[2026-02-25 20:36:18] 开始更新音乐URL...
[2026-02-25 20:36:18] 备份创建成功：backups/music_data_2026-02-25_20-36-18.json
[2026-02-25 20:36:20] 更新成功：徐佳莹 - 一样的月光 (ID: 306665) - 标准、无损音质
[2026-02-25 20:36:22] 更新成功：Maroon 5 - Payphone (ID: 1952737857) - 标准、无损音质
[2026-02-25 20:36:25] 更新成功：G.E.M.邓紫棋 - 来自天堂的魔鬼 (ID: 36270426) - 标准、无损音质
[2026-02-25 20:36:27] 更新成功：郭静 - 下一个天亮 (ID: 233882) - 标准、无损音质
[2026-02-25 20:36:30] 更新成功：李荣浩 - 不将就 (ID: 31654343) - 标准、无损音质
[2026-02-25 20:36:32] 更新成功：雨爱 (ID: 316100) - 标准、无损音质
[2026-02-25 20:36:35] 更新成功：林宜融 - 同手同脚 (ID: 350482) - 标准、无损音质
[2026-02-25 20:36:37] 更新成功：孙燕姿 - 开始懂了 (ID: 287719) - 标准、无损音质
[2026-02-25 20:36:39] 更新成功：Beyond - 真的爱你 (ID: 346075) - 标准、无损音质
[2026-02-25 20:36:41] 更新成功：KUN - Colder (ID: 3351234875) - 标准、无损音质
[2026-02-25 20:36:44] 更新成功：陶喆 - 流沙 (ID: 150667) - 标准、无损音质
[2026-02-25 20:36:46] 更新成功：李毓芬 - 是我不够好 (ID: 410519050) - 标准、无损音质
[2026-02-25 20:36:48] 更新成功：陈奕迅 - 最佳损友 (ID: 65800) - 标准、无损音质
[2026-02-25 20:36:50] 更新成功：AGA - Wonderful U (Demo Version) (ID: 406475394) - 标准、无损音质
[2026-02-25 20:36:52] 更新成功：陈一豪Clear - 彩铃 (ID: 3339130832) - 标准、无损音质
[2026-02-25 20:36:55] 更新成功：Justin Bieber - Intentions (ID: 1421443440) - 标准、无损音质
[2026-02-25 20:36:57] 更新成功：林俊杰 - 我还想她 (ID: 108493) - 标准、无损音质
[2026-02-25 20:36:59] 更新成功：陈粒 - 走马 (ID: 2749430417) - 标准、无损音质
[2026-02-25 20:37:02] 更新成功：Top Barry - 发迹 (ID: 2099778087) - 标准、无损音质
[2026-02-25 20:37:04] 更新成功：蛋堡 - I Want You (ID: 76834) - 标准、无损音质
[2026-02-25 20:37:07] 更新成功：庾澄庆 - 春泥 (ID: 573968836) - 标准、无损音质
[2026-02-25 20:37:09] 更新成功：Vansdaddy - 身无居所 (ID: 3319817890) - 标准、无损音质
[2026-02-25 20:37:12] 更新成功：建坤YOUNG - 声音 (ID: 2031085185) - 标准、无损音质
[2026-02-25 20:37:15] 更新成功：岑宁儿 - 追光者 (ID: 483671599) - 标准、无损音质
[2026-02-25 20:37:15] 更新完成：成功更新 24 首歌曲
[2026-02-25 20:51:18] 开始更新音乐URL...
[2026-02-25 20:51:18] 备份创建成功：backups/music_data_2026-02-25_20-51-18.json
[2026-02-25 20:51:20] 更新成功：徐佳莹 - 一样的月光 (ID: 306665) - 标准、无损音质
[2026-02-25 20:51:22] 更新成功：Maroon 5 - Payphone (ID: 1952737857) - 标准、无损音质
[2026-02-25 20:51:25] 更新成功：G.E.M.邓紫棋 - 来自天堂的魔鬼 (ID: 36270426) - 标准、无损音质
[2026-02-25 20:51:27] 更新成功：郭静 - 下一个天亮 (ID: 233882) - 标准、无损音质
[2026-02-25 20:51:30] 更新成功：李荣浩 - 不将就 (ID: 31654343) - 标准、无损音质
[2026-02-25 20:51:33] 更新成功：雨爱 (ID: 316100) - 标准、无损音质
[2026-02-25 20:51:35] 更新成功：林宜融 - 同手同脚 (ID: 350482) - 标准、无损音质
[2026-02-25 20:51:37] 更新成功：孙燕姿 - 开始懂了 (ID: 287719) - 标准、无损音质
[2026-02-25 20:51:40] 更新成功：Beyond - 真的爱你 (ID: 346075) - 标准、无损音质
[2026-02-25 20:51:42] 更新成功：KUN - Colder (ID: 3351234875) - 标准、无损音质
[2026-02-25 20:51:44] 更新成功：陶喆 - 流沙 (ID: 150667) - 标准、无损音质
[2026-02-25 20:51:47] 更新成功：李毓芬 - 是我不够好 (ID: 410519050) - 标准、无损音质
[2026-02-25 20:51:49] 更新成功：陈奕迅 - 最佳损友 (ID: 65800) - 标准、无损音质
[2026-02-25 20:51:51] 更新成功：AGA - Wonderful U (Demo Version) (ID: 406475394) - 标准、无损音质
[2026-02-25 20:51:54] 更新成功：陈一豪Clear - 彩铃 (ID: 3339130832) - 标准、无损音质
[2026-02-25 20:51:56] 更新成功：Justin Bieber - Intentions (ID: 1421443440) - 标准、无损音质
[2026-02-25 20:51:59] 更新成功：林俊杰 - 我还想她 (ID: 108493) - 标准、无损音质
[2026-02-25 20:52:01] 更新成功：陈粒 - 走马 (ID: 2749430417) - 标准、无损音质
[2026-02-25 20:52:05] 更新成功：Top Barry - 发迹 (ID: 2099778087) - 标准、无损音质
[2026-02-25 20:52:07] 更新成功：蛋堡 - I Want You (ID: 76834) - 标准、无损音质
[2026-02-25 20:52:09] 更新成功：庾澄庆 - 春泥 (ID: 573968836) - 标准、无损音质
[2026-02-25 20:52:12] 更新成功：Vansdaddy - 身无居所 (ID: 3319817890) - 标准、无损音质
[2026-02-25 20:52:14] 更新成功：建坤YOUNG - 声音 (ID: 2031085185) - 标准、无损音质
[2026-02-25 20:52:16] 更新成功：岑宁儿 - 追光者 (ID: 483671599) - 标准、无损音质
[2026-02-25 20:52:17] 更新完成：成功更新 24 首歌曲
[2026-02-25 21:06:28] 开始更新音乐URL...
[2026-02-25 21:06:28] 备份创建成功：backups/music_data_2026-02-25_21-06-28.json
[2026-02-25 21:06:30] 更新成功：徐佳莹 - 一样的月光 (ID: 306665) - 标准、无损音质
[2026-02-25 21:06:33] 更新成功：Maroon 5 - Payphone (ID: 1952737857) - 标准、无损音质
[2026-02-25 21:06:37] 更新成功：G.E.M.邓紫棋 - 来自天堂的魔鬼 (ID: 36270426) - 标准、无损音质
[2026-02-25 21:06:39] 更新成功：郭静 - 下一个天亮 (ID: 233882) - 标准、无损音质
[2026-02-25 21:06:56] 更新成功：李荣浩 - 不将就 (ID: 31654343) - 无损音质
[2026-02-25 21:06:58] 更新成功：雨爱 (ID: 316100) - 标准、无损音质
[2026-02-25 21:07:00] 更新成功：林宜融 - 同手同脚 (ID: 350482) - 标准、无损音质
[2026-02-25 21:07:02] 更新成功：孙燕姿 - 开始懂了 (ID: 287719) - 标准、无损音质
[2026-02-25 21:07:04] 更新成功：Beyond - 真的爱你 (ID: 346075) - 标准、无损音质
[2026-02-25 21:07:21] 更新成功：KUN - Colder (ID: 3351234875) - 无损音质
[2026-02-25 21:07:23] 更新成功：陶喆 - 流沙 (ID: 150667) - 标准、无损音质
[2026-02-25 21:07:26] 更新成功：李毓芬 - 是我不够好 (ID: 410519050) - 标准、无损音质
[2026-02-25 21:07:28] 更新成功：陈奕迅 - 最佳损友 (ID: 65800) - 标准、无损音质
[2026-02-25 21:07:30] 更新成功：AGA - Wonderful U (Demo Version) (ID: 406475394) - 标准、无损音质
[2026-02-25 21:07:33] 更新成功：陈一豪Clear - 彩铃 (ID: 3339130832) - 标准、无损音质
[2026-02-25 21:07:35] 更新成功：Justin Bieber - Intentions (ID: 1421443440) - 标准、无损音质
[2026-02-25 21:07:38] 更新成功：林俊杰 - 我还想她 (ID: 108493) - 标准、无损音质
[2026-02-25 21:07:40] 更新成功：陈粒 - 走马 (ID: 2749430417) - 标准、无损音质
[2026-02-25 21:07:42] 更新成功：Top Barry - 发迹 (ID: 2099778087) - 标准、无损音质
[2026-02-25 21:07:45] 更新成功：蛋堡 - I Want You (ID: 76834) - 标准、无损音质
[2026-02-25 21:07:47] 更新成功：庾澄庆 - 春泥 (ID: 573968836) - 标准、无损音质
[2026-02-25 21:08:04] 更新成功：Vansdaddy - 身无居所 (ID: 3319817890) - 无损音质
[2026-02-25 21:08:07] 更新成功：建坤YOUNG - 声音 (ID: 2031085185) - 标准、无损音质
[2026-02-25 21:08:09] 更新成功：岑宁儿 - 追光者 (ID: 483671599) - 标准、无损音质
[2026-02-25 21:08:09] 更新完成：成功更新 24 首歌曲
[2026-02-25 21:21:23] 开始更新音乐URL...
[2026-02-25 21:21:23] 备份创建成功：backups/music_data_2026-02-25_21-21-23.json
[2026-02-25 21:21:25] 更新成功：徐佳莹 - 一样的月光 (ID: 306665) - 标准、无损音质
[2026-02-25 21:21:27] 更新成功：Maroon 5 - Payphone (ID: 1952737857) - 标准、无损音质
[2026-02-25 21:21:29] 更新成功：G.E.M.邓紫棋 - 来自天堂的魔鬼 (ID: 36270426) - 标准、无损音质
[2026-02-25 21:21:32] 更新成功：郭静 - 下一个天亮 (ID: 233882) - 标准、无损音质
[2026-02-25 21:21:35] 更新成功：李荣浩 - 不将就 (ID: 31654343) - 标准、无损音质
[2026-02-25 21:21:37] 更新成功：雨爱 (ID: 316100) - 标准、无损音质
[2026-02-25 21:21:39] 更新成功：林宜融 - 同手同脚 (ID: 350482) - 标准、无损音质
[2026-02-25 21:21:42] 更新成功：孙燕姿 - 开始懂了 (ID: 287719) - 标准、无损音质
[2026-02-25 21:21:44] 更新成功：Beyond - 真的爱你 (ID: 346075) - 标准、无损音质
[2026-02-25 21:21:46] 更新成功：KUN - Colder (ID: 3351234875) - 标准、无损音质
[2026-02-25 21:21:48] 更新成功：陶喆 - 流沙 (ID: 150667) - 标准、无损音质
[2026-02-25 21:21:51] 更新成功：李毓芬 - 是我不够好 (ID: 410519050) - 标准、无损音质
[2026-02-25 21:21:53] 更新成功：陈奕迅 - 最佳损友 (ID: 65800) - 标准、无损音质
[2026-02-25 21:21:55] 更新成功：AGA - Wonderful U (Demo Version) (ID: 406475394) - 标准、无损音质
[2026-02-25 21:21:58] 更新成功：陈一豪Clear - 彩铃 (ID: 3339130832) - 标准、无损音质
[2026-02-25 21:22:01] 更新成功：Justin Bieber - Intentions (ID: 1421443440) - 标准、无损音质
[2026-02-25 21:22:04] 更新成功：林俊杰 - 我还想她 (ID: 108493) - 标准、无损音质
[2026-02-25 21:22:06] 更新成功：陈粒 - 走马 (ID: 2749430417) - 标准、无损音质
[2026-02-25 21:22:08] 更新成功：Top Barry - 发迹 (ID: 2099778087) - 标准、无损音质
[2026-02-25 21:22:11] 更新成功：蛋堡 - I Want You (ID: 76834) - 标准、无损音质
[2026-02-25 21:22:15] 更新成功：庾澄庆 - 春泥 (ID: 573968836) - 标准、无损音质
[2026-02-25 21:22:17] 更新成功：Vansdaddy - 身无居所 (ID: 3319817890) - 标准、无损音质
[2026-02-25 21:22:22] 更新成功：建坤YOUNG - 声音 (ID: 2031085185) - 标准、无损音质
[2026-02-25 21:22:26] 更新成功：岑宁儿 - 追光者 (ID: 483671599) - 标准、无损音质
[2026-02-25 21:22:26] 更新完成：成功更新 24 首歌曲
[2026-02-25 21:36:23] 开始更新音乐URL...
[2026-02-25 21:36:23] 备份创建成功：backups/music_data_2026-02-25_21-36-23.json
[2026-02-25 21:36:28] 更新成功：徐佳莹 - 一样的月光 (ID: 306665) - 标准、无损音质
[2026-02-25 21:36:33] 更新成功：Maroon 5 - Payphone (ID: 1952737857) - 标准、无损音质
[2026-02-25 21:36:36] 更新成功：G.E.M.邓紫棋 - 来自天堂的魔鬼 (ID: 36270426) - 标准、无损音质
[2026-02-25 21:36:38] 更新成功：郭静 - 下一个天亮 (ID: 233882) - 标准、无损音质
[2026-02-25 21:36:42] 更新成功：李荣浩 - 不将就 (ID: 31654343) - 标准、无损音质
[2026-02-25 21:36:46] 更新成功：雨爱 (ID: 316100) - 标准、无损音质
[2026-02-25 21:36:51] 更新成功：林宜融 - 同手同脚 (ID: 350482) - 标准、无损音质
[2026-02-25 21:36:55] 更新成功：孙燕姿 - 开始懂了 (ID: 287719) - 标准、无损音质
[2026-02-25 21:36:58] 更新成功：Beyond - 真的爱你 (ID: 346075) - 标准、无损音质
[2026-02-25 21:37:00] 更新成功：KUN - Colder (ID: 3351234875) - 标准、无损音质
[2026-02-25 21:37:05] 更新成功：陶喆 - 流沙 (ID: 150667) - 标准、无损音质
[2026-02-25 21:37:08] 更新成功：李毓芬 - 是我不够好 (ID: 410519050) - 标准、无损音质
[2026-02-25 21:37:11] 更新成功：陈奕迅 - 最佳损友 (ID: 65800) - 标准、无损音质
[2026-02-25 21:37:14] 更新成功：AGA - Wonderful U (Demo Version) (ID: 406475394) - 标准、无损音质
[2026-02-25 21:37:18] 更新成功：陈一豪Clear - 彩铃 (ID: 3339130832) - 标准、无损音质
[2026-02-25 21:37:21] 更新成功：Justin Bieber - Intentions (ID: 1421443440) - 标准、无损音质
[2026-02-25 21:37:24] 更新成功：林俊杰 - 我还想她 (ID: 108493) - 标准、无损音质
[2026-02-25 21:37:26] 更新成功：陈粒 - 走马 (ID: 2749430417) - 标准、无损音质
[2026-02-25 21:37:29] 更新成功：Top Barry - 发迹 (ID: 2099778087) - 标准、无损音质
[2026-02-25 21:37:32] 更新成功：蛋堡 - I Want You (ID: 76834) - 标准、无损音质
[2026-02-25 21:37:35] 更新成功：庾澄庆 - 春泥 (ID: 573968836) - 标准、无损音质
[2026-02-25 21:37:37] 更新成功：Vansdaddy - 身无居所 (ID: 3319817890) - 标准、无损音质
[2026-02-25 21:37:40] 更新成功：建坤YOUNG - 声音 (ID: 2031085185) - 标准、无损音质
[2026-02-25 21:37:43] 更新成功：岑宁儿 - 追光者 (ID: 483671599) - 标准、无损音质
[2026-02-25 21:37:43] 更新完成：成功更新 24 首歌曲
[2026-02-25 21:51:18] 开始更新音乐URL...
[2026-02-25 21:51:18] 备份创建成功：backups/music_data_2026-02-25_21-51-18.json
[2026-02-25 21:51:23] 更新成功：徐佳莹 - 一样的月光 (ID: 306665) - 标准、无损音质
[2026-02-25 21:51:27] 更新成功：Maroon 5 - Payphone (ID: 1952737857) - 标准、无损音质
[2026-02-25 21:51:31] 更新成功：G.E.M.邓紫棋 - 来自天堂的魔鬼 (ID: 36270426) - 标准、无损音质
[2026-02-25 21:51:33] 更新成功：郭静 - 下一个天亮 (ID: 233882) - 标准、无损音质
[2026-02-25 21:51:36] 更新成功：李荣浩 - 不将就 (ID: 31654343) - 标准、无损音质
[2026-02-25 21:51:39] 更新成功：雨爱 (ID: 316100) - 标准、无损音质
[2026-02-25 21:51:42] 更新成功：林宜融 - 同手同脚 (ID: 350482) - 标准、无损音质
[2026-02-25 21:51:45] 更新成功：孙燕姿 - 开始懂了 (ID: 287719) - 标准、无损音质
[2026-02-25 21:51:48] 更新成功：Beyond - 真的爱你 (ID: 346075) - 标准、无损音质
[2026-02-25 21:51:51] 更新成功：KUN - Colder (ID: 3351234875) - 标准、无损音质
[2026-02-25 21:51:53] 更新成功：陶喆 - 流沙 (ID: 150667) - 标准、无损音质
[2026-02-25 21:51:56] 更新成功：李毓芬 - 是我不够好 (ID: 410519050) - 标准、无损音质
[2026-02-25 21:51:59] 更新成功：陈奕迅 - 最佳损友 (ID: 65800) - 标准、无损音质
[2026-02-25 21:52:02] 更新成功：AGA - Wonderful U (Demo Version) (ID: 406475394) - 标准、无损音质
[2026-02-25 21:52:04] 更新成功：陈一豪Clear - 彩铃 (ID: 3339130832) - 标准、无损音质
[2026-02-25 21:52:07] 更新成功：Justin Bieber - Intentions (ID: 1421443440) - 标准、无损音质
[2026-02-25 21:52:10] 更新成功：林俊杰 - 我还想她 (ID: 108493) - 标准、无损音质
[2026-02-25 21:52:13] 更新成功：陈粒 - 走马 (ID: 2749430417) - 标准、无损音质
[2026-02-25 21:52:15] 更新成功：Top Barry - 发迹 (ID: 2099778087) - 标准、无损音质
[2026-02-25 21:52:18] 更新成功：蛋堡 - I Want You (ID: 76834) - 标准、无损音质
[2026-02-25 21:52:21] 更新成功：庾澄庆 - 春泥 (ID: 573968836) - 标准、无损音质
[2026-02-25 21:52:24] 更新成功：Vansdaddy - 身无居所 (ID: 3319817890) - 标准、无损音质
[2026-02-25 21:52:26] 更新成功：建坤YOUNG - 声音 (ID: 2031085185) - 标准、无损音质
[2026-02-25 21:52:29] 更新成功：岑宁儿 - 追光者 (ID: 483671599) - 标准、无损音质
[2026-02-25 21:52:29] 更新完成：成功更新 24 首歌曲
[2026-02-25 22:06:18] 开始更新音乐URL...
[2026-02-25 22:06:18] 备份创建成功：backups/music_data_2026-02-25_22-06-18.json
[2026-02-25 22:06:22] 更新成功：徐佳莹 - 一样的月光 (ID: 306665) - 标准、无损音质
[2026-02-25 22:06:25] 更新成功：Maroon 5 - Payphone (ID: 1952737857) - 标准、无损音质
[2026-02-25 22:06:28] 更新成功：G.E.M.邓紫棋 - 来自天堂的魔鬼 (ID: 36270426) - 标准、无损音质
[2026-02-25 22:06:30] 更新成功：郭静 - 下一个天亮 (ID: 233882) - 标准、无损音质
[2026-02-25 22:06:33] 更新成功：李荣浩 - 不将就 (ID: 31654343) - 标准、无损音质
[2026-02-25 22:06:35] 更新成功：雨爱 (ID: 316100) - 标准、无损音质
[2026-02-25 22:06:38] 更新成功：林宜融 - 同手同脚 (ID: 350482) - 标准、无损音质
[2026-02-25 22:06:40] 更新成功：孙燕姿 - 开始懂了 (ID: 287719) - 标准、无损音质
[2026-02-25 22:06:43] 更新成功：Beyond - 真的爱你 (ID: 346075) - 标准、无损音质
[2026-02-25 22:06:46] 更新成功：KUN - Colder (ID: 3351234875) - 标准、无损音质
[2026-02-25 22:06:53] 更新成功：陶喆 - 流沙 (ID: 150667) - 标准音质
[2026-02-25 22:06:56] 更新成功：李毓芬 - 是我不够好 (ID: 410519050) - 标准、无损音质
[2026-02-25 22:06:58] 更新成功：陈奕迅 - 最佳损友 (ID: 65800) - 标准、无损音质
[2026-02-25 22:07:00] 更新成功：AGA - Wonderful U (Demo Version) (ID: 406475394) - 标准、无损音质
[2026-02-25 22:07:03] 更新成功：陈一豪Clear - 彩铃 (ID: 3339130832) - 标准、无损音质
[2026-02-25 22:07:05] 更新成功：Justin Bieber - Intentions (ID: 1421443440) - 标准、无损音质
[2026-02-25 22:07:08] 更新成功：林俊杰 - 我还想她 (ID: 108493) - 标准、无损音质
[2026-02-25 22:07:10] 更新成功：陈粒 - 走马 (ID: 2749430417) - 标准、无损音质
[2026-02-25 22:07:13] 更新成功：Top Barry - 发迹 (ID: 2099778087) - 标准、无损音质
[2026-02-25 22:07:16] 更新成功：蛋堡 - I Want You (ID: 76834) - 标准、无损音质
[2026-02-25 22:07:18] 更新成功：庾澄庆 - 春泥 (ID: 573968836) - 标准、无损音质
[2026-02-25 22:07:21] 更新成功：Vansdaddy - 身无居所 (ID: 3319817890) - 标准、无损音质
[2026-02-25 22:07:23] 更新成功：建坤YOUNG - 声音 (ID: 2031085185) - 标准、无损音质
[2026-02-25 22:07:26] 更新成功：岑宁儿 - 追光者 (ID: 483671599) - 标准、无损音质
[2026-02-25 22:07:26] 更新完成：成功更新 24 首歌曲
[2026-02-25 22:21:18] 开始更新音乐URL...
[2026-02-25 22:21:18] 备份创建成功：backups/music_data_2026-02-25_22-21-18.json
[2026-02-25 22:21:20] 更新成功：徐佳莹 - 一样的月光 (ID: 306665) - 标准、无损音质
[2026-02-25 22:21:22] 更新成功：Maroon 5 - Payphone (ID: 1952737857) - 标准、无损音质
[2026-02-25 22:21:25] 更新成功：G.E.M.邓紫棋 - 来自天堂的魔鬼 (ID: 36270426) - 标准、无损音质
[2026-02-25 22:21:27] 更新成功：郭静 - 下一个天亮 (ID: 233882) - 标准、无损音质
[2026-02-25 22:21:29] 更新成功：李荣浩 - 不将就 (ID: 31654343) - 标准、无损音质
[2026-02-25 22:21:32] 更新成功：雨爱 (ID: 316100) - 标准、无损音质
[2026-02-25 22:21:34] 更新成功：林宜融 - 同手同脚 (ID: 350482) - 标准、无损音质
[2026-02-25 22:21:36] 更新成功：孙燕姿 - 开始懂了 (ID: 287719) - 标准、无损音质
[2026-02-25 22:21:39] 更新成功：Beyond - 真的爱你 (ID: 346075) - 标准、无损音质
[2026-02-25 22:21:41] 更新成功：KUN - Colder (ID: 3351234875) - 标准、无损音质
[2026-02-25 22:21:43] 更新成功：陶喆 - 流沙 (ID: 150667) - 标准、无损音质
[2026-02-25 22:21:46] 更新成功：李毓芬 - 是我不够好 (ID: 410519050) - 标准、无损音质
[2026-02-25 22:21:48] 更新成功：陈奕迅 - 最佳损友 (ID: 65800) - 标准、无损音质
[2026-02-25 22:21:50] 更新成功：AGA - Wonderful U (Demo Version) (ID: 406475394) - 标准、无损音质
[2026-02-25 22:21:52] 更新成功：陈一豪Clear - 彩铃 (ID: 3339130832) - 标准、无损音质
[2026-02-25 22:21:55] 更新成功：Justin Bieber - Intentions (ID: 1421443440) - 标准、无损音质
[2026-02-25 22:21:57] 更新成功：林俊杰 - 我还想她 (ID: 108493) - 标准、无损音质
[2026-02-25 22:21:59] 更新成功：陈粒 - 走马 (ID: 2749430417) - 标准、无损音质
[2026-02-25 22:22:02] 更新成功：Top Barry - 发迹 (ID: 2099778087) - 标准、无损音质
[2026-02-25 22:22:04] 更新成功：蛋堡 - I Want You (ID: 76834) - 标准、无损音质
[2026-02-25 22:22:06] 更新成功：庾澄庆 - 春泥 (ID: 573968836) - 标准、无损音质
[2026-02-25 22:22:08] 更新成功：Vansdaddy - 身无居所 (ID: 3319817890) - 标准、无损音质
[2026-02-25 22:22:11] 更新成功：建坤YOUNG - 声音 (ID: 2031085185) - 标准、无损音质
[2026-02-25 22:22:13] 更新成功：岑宁儿 - 追光者 (ID: 483671599) - 标准、无损音质
[2026-02-25 22:22:13] 更新完成：成功更新 24 首歌曲
[2026-02-25 22:36:18] 开始更新音乐URL...
[2026-02-25 22:36:18] 备份创建成功：backups/music_data_2026-02-25_22-36-18.json
[2026-02-25 22:36:20] 更新成功：徐佳莹 - 一样的月光 (ID: 306665) - 标准、无损音质
[2026-02-25 22:36:23] 更新成功：Maroon 5 - Payphone (ID: 1952737857) - 标准、无损音质
[2026-02-25 22:36:25] 更新成功：G.E.M.邓紫棋 - 来自天堂的魔鬼 (ID: 36270426) - 标准、无损音质
[2026-02-25 22:36:27] 更新成功：郭静 - 下一个天亮 (ID: 233882) - 标准、无损音质
[2026-02-25 22:36:30] 更新成功：李荣浩 - 不将就 (ID: 31654343) - 标准、无损音质
[2026-02-25 22:36:32] 更新成功：雨爱 (ID: 316100) - 标准、无损音质
[2026-02-25 22:36:34] 更新成功：林宜融 - 同手同脚 (ID: 350482) - 标准、无损音质
[2026-02-25 22:36:37] 更新成功：孙燕姿 - 开始懂了 (ID: 287719) - 标准、无损音质
[2026-02-25 22:36:39] 更新成功：Beyond - 真的爱你 (ID: 346075) - 标准、无损音质
[2026-02-25 22:36:41] 更新成功：KUN - Colder (ID: 3351234875) - 标准、无损音质
[2026-02-25 22:36:43] 更新成功：陶喆 - 流沙 (ID: 150667) - 标准、无损音质
[2026-02-25 22:36:46] 更新成功：李毓芬 - 是我不够好 (ID: 410519050) - 标准、无损音质
[2026-02-25 22:36:48] 更新成功：陈奕迅 - 最佳损友 (ID: 65800) - 标准、无损音质
[2026-02-25 22:36:50] 更新成功：AGA - Wonderful U (Demo Version) (ID: 406475394) - 标准、无损音质
[2026-02-25 22:36:53] 更新成功：陈一豪Clear - 彩铃 (ID: 3339130832) - 标准、无损音质
[2026-02-25 22:36:55] 更新成功：Justin Bieber - Intentions (ID: 1421443440) - 标准、无损音质
[2026-02-25 22:36:57] 更新成功：林俊杰 - 我还想她 (ID: 108493) - 标准、无损音质
[2026-02-25 22:36:59] 更新成功：陈粒 - 走马 (ID: 2749430417) - 标准、无损音质
[2026-02-25 22:37:02] 更新成功：Top Barry - 发迹 (ID: 2099778087) - 标准、无损音质
[2026-02-25 22:37:04] 更新成功：蛋堡 - I Want You (ID: 76834) - 标准、无损音质
[2026-02-25 22:37:06] 更新成功：庾澄庆 - 春泥 (ID: 573968836) - 标准、无损音质
[2026-02-25 22:37:08] 更新成功：Vansdaddy - 身无居所 (ID: 3319817890) - 标准、无损音质
[2026-02-25 22:37:11] 更新成功：建坤YOUNG - 声音 (ID: 2031085185) - 标准、无损音质
[2026-02-25 22:37:13] 更新成功：岑宁儿 - 追光者 (ID: 483671599) - 标准、无损音质
[2026-02-25 22:37:13] 更新完成：成功更新 24 首歌曲
[2026-02-25 22:51:18] 开始更新音乐URL...
[2026-02-25 22:51:18] 备份创建成功：backups/music_data_2026-02-25_22-51-18.json
[2026-02-25 22:51:23] 更新成功：徐佳莹 - 一样的月光 (ID: 306665) - 标准、无损音质
[2026-02-25 22:51:28] 更新成功：Maroon 5 - Payphone (ID: 1952737857) - 标准、无损音质
[2026-02-25 22:51:30] 更新成功：G.E.M.邓紫棋 - 来自天堂的魔鬼 (ID: 36270426) - 标准、无损音质
[2026-02-25 22:51:33] 更新成功：郭静 - 下一个天亮 (ID: 233882) - 标准、无损音质
[2026-02-25 22:51:35] 更新成功：李荣浩 - 不将就 (ID: 31654343) - 标准、无损音质
[2026-02-25 22:51:37] 更新成功：雨爱 (ID: 316100) - 标准、无损音质
[2026-02-25 22:51:39] 更新成功：林宜融 - 同手同脚 (ID: 350482) - 标准、无损音质
[2026-02-25 22:51:42] 更新成功：孙燕姿 - 开始懂了 (ID: 287719) - 标准、无损音质
[2026-02-25 22:51:44] 更新成功：Beyond - 真的爱你 (ID: 346075) - 标准、无损音质
[2026-02-25 22:51:47] 更新成功：KUN - Colder (ID: 3351234875) - 标准、无损音质
[2026-02-25 22:51:49] 更新成功：陶喆 - 流沙 (ID: 150667) - 标准、无损音质
[2026-02-25 22:51:51] 更新成功：李毓芬 - 是我不够好 (ID: 410519050) - 标准、无损音质
[2026-02-25 22:51:53] 更新成功：陈奕迅 - 最佳损友 (ID: 65800) - 标准、无损音质
[2026-02-25 22:51:56] 更新成功：AGA - Wonderful U (Demo Version) (ID: 406475394) - 标准、无损音质
[2026-02-25 22:51:58] 更新成功：陈一豪Clear - 彩铃 (ID: 3339130832) - 标准、无损音质
[2026-02-25 22:52:00] 更新成功：Justin Bieber - Intentions (ID: 1421443440) - 标准、无损音质
[2026-02-25 22:52:02] 更新成功：林俊杰 - 我还想她 (ID: 108493) - 标准、无损音质
[2026-02-25 22:52:05] 更新成功：陈粒 - 走马 (ID: 2749430417) - 标准、无损音质
[2026-02-25 22:52:07] 更新成功：Top Barry - 发迹 (ID: 2099778087) - 标准、无损音质
[2026-02-25 22:52:09] 更新成功：蛋堡 - I Want You (ID: 76834) - 标准、无损音质
[2026-02-25 22:52:12] 更新成功：庾澄庆 - 春泥 (ID: 573968836) - 标准、无损音质
[2026-02-25 22:52:14] 更新成功：Vansdaddy - 身无居所 (ID: 3319817890) - 标准、无损音质
[2026-02-25 22:52:16] 更新成功：建坤YOUNG - 声音 (ID: 2031085185) - 标准、无损音质
[2026-02-25 22:52:18] 更新成功：岑宁儿 - 追光者 (ID: 483671599) - 标准、无损音质
[2026-02-25 22:52:19] 更新完成：成功更新 24 首歌曲
[2026-02-25 23:06:18] 开始更新音乐URL...
[2026-02-25 23:06:18] 备份创建成功：backups/music_data_2026-02-25_23-06-18.json
[2026-02-25 23:06:20] 更新成功：徐佳莹 - 一样的月光 (ID: 306665) - 标准、无损音质
[2026-02-25 23:06:22] 更新成功：Maroon 5 - Payphone (ID: 1952737857) - 标准、无损音质
[2026-02-25 23:06:25] 更新成功：G.E.M.邓紫棋 - 来自天堂的魔鬼 (ID: 36270426) - 标准、无损音质
[2026-02-25 23:06:27] 更新成功：郭静 - 下一个天亮 (ID: 233882) - 标准、无损音质
[2026-02-25 23:06:29] 更新成功：李荣浩 - 不将就 (ID: 31654343) - 标准、无损音质
[2026-02-25 23:06:32] 更新成功：雨爱 (ID: 316100) - 标准、无损音质
[2026-02-25 23:06:34] 更新成功：林宜融 - 同手同脚 (ID: 350482) - 标准、无损音质
[2026-02-25 23:06:36] 更新成功：孙燕姿 - 开始懂了 (ID: 287719) - 标准、无损音质
[2026-02-25 23:06:39] 更新成功：Beyond - 真的爱你 (ID: 346075) - 标准、无损音质
[2026-02-25 23:06:42] 更新成功：KUN - Colder (ID: 3351234875) - 标准、无损音质
[2026-02-25 23:06:45] 更新成功：陶喆 - 流沙 (ID: 150667) - 标准、无损音质
[2026-02-25 23:06:48] 更新成功：李毓芬 - 是我不够好 (ID: 410519050) - 标准、无损音质
[2026-02-25 23:06:52] 更新成功：陈奕迅 - 最佳损友 (ID: 65800) - 标准、无损音质
[2026-02-25 23:06:56] 更新成功：AGA - Wonderful U (Demo Version) (ID: 406475394) - 标准、无损音质
[2026-02-25 23:07:00] 更新成功：陈一豪Clear - 彩铃 (ID: 3339130832) - 标准、无损音质
[2026-02-25 23:07:04] 更新成功：Justin Bieber - Intentions (ID: 1421443440) - 标准、无损音质
[2026-02-25 23:07:08] 更新成功：林俊杰 - 我还想她 (ID: 108493) - 标准、无损音质
[2026-02-25 23:07:19] 更新成功：陈粒 - 走马 (ID: 2749430417) - 标准、无损音质
[2026-02-25 23:07:21] 更新成功：Top Barry - 发迹 (ID: 2099778087) - 标准、无损音质
[2026-02-25 23:07:24] 更新成功：蛋堡 - I Want You (ID: 76834) - 标准、无损音质
[2026-02-25 23:07:26] 更新成功：庾澄庆 - 春泥 (ID: 573968836) - 标准、无损音质
[2026-02-25 23:07:29] 更新成功：Vansdaddy - 身无居所 (ID: 3319817890) - 标准、无损音质
[2026-02-25 23:07:31] 更新成功：建坤YOUNG - 声音 (ID: 2031085185) - 标准、无损音质
[2026-02-25 23:07:33] 更新成功：岑宁儿 - 追光者 (ID: 483671599) - 标准、无损音质
[2026-02-25 23:07:34] 更新完成：成功更新 24 首歌曲
[2026-02-25 23:21:23] 开始更新音乐URL...
[2026-02-25 23:21:23] 备份创建成功：backups/music_data_2026-02-25_23-21-23.json
[2026-02-25 23:21:31] 更新成功：徐佳莹 - 一样的月光 (ID: 306665) - 标准、无损音质
[2026-02-25 23:21:35] 更新成功：Maroon 5 - Payphone (ID: 1952737857) - 标准、无损音质
[2026-02-25 23:21:37] 更新成功：G.E.M.邓紫棋 - 来自天堂的魔鬼 (ID: 36270426) - 标准、无损音质
[2026-02-25 23:21:42] 更新成功：郭静 - 下一个天亮 (ID: 233882) - 标准、无损音质
[2026-02-25 23:21:46] 更新成功：李荣浩 - 不将就 (ID: 31654343) - 标准、无损音质
[2026-02-25 23:21:49] 更新成功：雨爱 (ID: 316100) - 标准、无损音质
[2026-02-25 23:21:52] 更新成功：林宜融 - 同手同脚 (ID: 350482) - 标准、无损音质
[2026-02-25 23:21:55] 更新成功：孙燕姿 - 开始懂了 (ID: 287719) - 标准、无损音质
[2026-02-25 23:22:00] 更新成功：Beyond - 真的爱你 (ID: 346075) - 标准、无损音质
[2026-02-25 23:22:03] 更新成功：KUN - Colder (ID: 3351234875) - 标准、无损音质
[2026-02-25 23:22:08] 更新成功：陶喆 - 流沙 (ID: 150667) - 标准、无损音质
[2026-02-25 23:22:12] 更新成功：李毓芬 - 是我不够好 (ID: 410519050) - 标准、无损音质
[2026-02-25 23:22:15] 更新成功：陈奕迅 - 最佳损友 (ID: 65800) - 标准、无损音质
[2026-02-25 23:22:20] 更新成功：AGA - Wonderful U (Demo Version) (ID: 406475394) - 标准、无损音质
[2026-02-25 23:22:37] 更新成功：陈一豪Clear - 彩铃 (ID: 3339130832) - 标准、无损音质
[2026-02-25 23:22:39] 更新成功：Justin Bieber - Intentions (ID: 1421443440) - 标准、无损音质
[2026-02-25 23:22:42] 更新成功：林俊杰 - 我还想她 (ID: 108493) - 标准、无损音质
[2026-02-25 23:22:46] 更新成功：陈粒 - 走马 (ID: 2749430417) - 标准、无损音质
[2026-02-25 23:22:51] 更新成功：Top Barry - 发迹 (ID: 2099778087) - 标准、无损音质
[2026-02-25 23:22:56] 更新成功：蛋堡 - I Want You (ID: 76834) - 标准、无损音质
[2026-02-25 23:22:59] 更新成功：庾澄庆 - 春泥 (ID: 573968836) - 标准、无损音质
[2026-02-25 23:23:02] 更新成功：Vansdaddy - 身无居所 (ID: 3319817890) - 标准、无损音质
[2026-02-25 23:23:06] 更新成功：建坤YOUNG - 声音 (ID: 2031085185) - 标准、无损音质
[2026-02-25 23:23:08] 更新成功：岑宁儿 - 追光者 (ID: 483671599) - 标准、无损音质
[2026-02-25 23:23:09] 更新完成：成功更新 24 首歌曲
[2026-02-25 23:36:18] 开始更新音乐URL...
[2026-02-25 23:36:18] 备份创建成功：backups/music_data_2026-02-25_23-36-18.json
[2026-02-25 23:36:21] 更新成功：徐佳莹 - 一样的月光 (ID: 306665) - 标准、无损音质
[2026-02-25 23:36:23] 更新成功：Maroon 5 - Payphone (ID: 1952737857) - 标准、无损音质
[2026-02-25 23:36:25] 更新成功：G.E.M.邓紫棋 - 来自天堂的魔鬼 (ID: 36270426) - 标准、无损音质
[2026-02-25 23:36:27] 更新成功：郭静 - 下一个天亮 (ID: 233882) - 标准、无损音质
[2026-02-25 23:36:29] 更新成功：李荣浩 - 不将就 (ID: 31654343) - 标准、无损音质
[2026-02-25 23:36:32] 更新成功：雨爱 (ID: 316100) - 标准、无损音质
[2026-02-25 23:36:34] 更新成功：林宜融 - 同手同脚 (ID: 350482) - 标准、无损音质
[2026-02-25 23:36:36] 更新成功：孙燕姿 - 开始懂了 (ID: 287719) - 标准、无损音质
[2026-02-25 23:36:38] 更新成功：Beyond - 真的爱你 (ID: 346075) - 标准、无损音质
[2026-02-25 23:36:41] 更新成功：KUN - Colder (ID: 3351234875) - 标准、无损音质
[2026-02-25 23:36:43] 更新成功：陶喆 - 流沙 (ID: 150667) - 标准、无损音质
[2026-02-25 23:36:45] 更新成功：李毓芬 - 是我不够好 (ID: 410519050) - 标准、无损音质
[2026-02-25 23:36:47] 更新成功：陈奕迅 - 最佳损友 (ID: 65800) - 标准、无损音质
[2026-02-25 23:36:50] 更新成功：AGA - Wonderful U (Demo Version) (ID: 406475394) - 标准、无损音质
[2026-02-25 23:37:04] 更新成功：陈一豪Clear - 彩铃 (ID: 3339130832) - 标准、无损音质
[2026-02-25 23:37:06] 更新成功：Justin Bieber - Intentions (ID: 1421443440) - 标准、无损音质
[2026-02-25 23:37:08] 更新成功：林俊杰 - 我还想她 (ID: 108493) - 标准、无损音质
[2026-02-25 23:37:10] 更新成功：陈粒 - 走马 (ID: 2749430417) - 标准、无损音质
[2026-02-25 23:37:13] 更新成功：Top Barry - 发迹 (ID: 2099778087) - 标准、无损音质
[2026-02-25 23:37:21] 更新成功：蛋堡 - I Want You (ID: 76834) - 标准、无损音质
[2026-02-25 23:37:23] 更新成功：庾澄庆 - 春泥 (ID: 573968836) - 标准、无损音质
[2026-02-25 23:37:31] 更新成功：Vansdaddy - 身无居所 (ID: 3319817890) - 标准、无损音质
[2026-02-25 23:37:34] 更新成功：建坤YOUNG - 声音 (ID: 2031085185) - 标准、无损音质
[2026-02-25 23:37:36] 更新成功：岑宁儿 - 追光者 (ID: 483671599) - 标准、无损音质
[2026-02-25 23:37:36] 更新完成：成功更新 24 首歌曲
[2026-02-25 23:51:18] 开始更新音乐URL...
[2026-02-25 23:51:18] 备份创建成功：backups/music_data_2026-02-25_23-51-18.json
[2026-02-25 23:51:20] 更新成功：徐佳莹 - 一样的月光 (ID: 306665) - 标准、无损音质
[2026-02-25 23:51:23] 更新成功：Maroon 5 - Payphone (ID: 1952737857) - 标准、无损音质
[2026-02-25 23:51:25] 更新成功：G.E.M.邓紫棋 - 来自天堂的魔鬼 (ID: 36270426) - 标准、无损音质
[2026-02-25 23:51:27] 更新成功：郭静 - 下一个天亮 (ID: 233882) - 标准、无损音质
[2026-02-25 23:51:29] 更新成功：李荣浩 - 不将就 (ID: 31654343) - 标准、无损音质
[2026-02-25 23:51:32] 更新成功：雨爱 (ID: 316100) - 标准、无损音质
[2026-02-25 23:51:34] 更新成功：林宜融 - 同手同脚 (ID: 350482) - 标准、无损音质
[2026-02-25 23:51:36] 更新成功：孙燕姿 - 开始懂了 (ID: 287719) - 标准、无损音质
[2026-02-25 23:51:39] 更新成功：Beyond - 真的爱你 (ID: 346075) - 标准、无损音质
[2026-02-25 23:51:41] 更新成功：KUN - Colder (ID: 3351234875) - 标准、无损音质
[2026-02-25 23:51:43] 更新成功：陶喆 - 流沙 (ID: 150667) - 标准、无损音质
[2026-02-25 23:51:45] 更新成功：李毓芬 - 是我不够好 (ID: 410519050) - 标准、无损音质
[2026-02-25 23:51:47] 更新成功：陈奕迅 - 最佳损友 (ID: 65800) - 标准、无损音质
[2026-02-25 23:51:50] 更新成功：AGA - Wonderful U (Demo Version) (ID: 406475394) - 标准、无损音质
[2026-02-25 23:51:52] 更新成功：陈一豪Clear - 彩铃 (ID: 3339130832) - 标准、无损音质
[2026-02-25 23:51:54] 更新成功：Justin Bieber - Intentions (ID: 1421443440) - 标准、无损音质
[2026-02-25 23:51:56] 更新成功：林俊杰 - 我还想她 (ID: 108493) - 标准、无损音质
[2026-02-25 23:51:58] 更新成功：陈粒 - 走马 (ID: 2749430417) - 标准、无损音质
[2026-02-25 23:52:01] 更新成功：Top Barry - 发迹 (ID: 2099778087) - 标准、无损音质
[2026-02-25 23:52:03] 更新成功：蛋堡 - I Want You (ID: 76834) - 标准、无损音质
[2026-02-25 23:52:05] 更新成功：庾澄庆 - 春泥 (ID: 573968836) - 标准、无损音质
[2026-02-25 23:52:07] 更新成功：Vansdaddy - 身无居所 (ID: 3319817890) - 标准、无损音质
[2026-02-25 23:52:09] 更新成功：建坤YOUNG - 声音 (ID: 2031085185) - 标准、无损音质
[2026-02-25 23:52:12] 更新成功：岑宁儿 - 追光者 (ID: 483671599) - 标准、无损音质
[2026-02-25 23:52:12] 更新完成：成功更新 24 首歌曲
[2026-02-26 00:06:18] 开始更新音乐URL...
[2026-02-26 00:06:18] 备份创建成功：backups/music_data_2026-02-26_00-06-18.json
[2026-02-26 00:06:21] 更新成功：徐佳莹 - 一样的月光 (ID: 306665) - 标准、无损音质
[2026-02-26 00:06:24] 更新成功：Maroon 5 - Payphone (ID: 1952737857) - 标准、无损音质
[2026-02-26 00:06:26] 更新成功：G.E.M.邓紫棋 - 来自天堂的魔鬼 (ID: 36270426) - 标准、无损音质
[2026-02-26 00:06:29] 更新成功：郭静 - 下一个天亮 (ID: 233882) - 标准、无损音质
[2026-02-26 00:06:31] 更新成功：李荣浩 - 不将就 (ID: 31654343) - 标准、无损音质
[2026-02-26 00:06:48] 更新成功：雨爱 (ID: 316100) - 无损音质
[2026-02-26 00:06:50] 更新成功：林宜融 - 同手同脚 (ID: 350482) - 标准、无损音质
[2026-02-26 00:06:53] 更新成功：孙燕姿 - 开始懂了 (ID: 287719) - 标准、无损音质
[2026-02-26 00:07:10] 更新成功：Beyond - 真的爱你 (ID: 346075) - 标准音质
[2026-02-26 00:07:12] 更新成功：KUN - Colder (ID: 3351234875) - 标准、无损音质
[2026-02-26 00:07:14] 更新成功：陶喆 - 流沙 (ID: 150667) - 标准、无损音质
[2026-02-26 00:07:16] 更新成功：李毓芬 - 是我不够好 (ID: 410519050) - 标准、无损音质
[2026-02-26 00:07:18] 更新成功：陈奕迅 - 最佳损友 (ID: 65800) - 标准、无损音质
[2026-02-26 00:07:21] 更新成功：AGA - Wonderful U (Demo Version) (ID: 406475394) - 标准、无损音质
[2026-02-26 00:07:23] 更新成功：陈一豪Clear - 彩铃 (ID: 3339130832) - 标准、无损音质
[2026-02-26 00:07:25] 更新成功：Justin Bieber - Intentions (ID: 1421443440) - 标准、无损音质
[2026-02-26 00:07:27] 更新成功：林俊杰 - 我还想她 (ID: 108493) - 标准、无损音质
[2026-02-26 00:07:30] 更新成功：陈粒 - 走马 (ID: 2749430417) - 标准、无损音质
[2026-02-26 00:07:34] 更新成功：Top Barry - 发迹 (ID: 2099778087) - 标准、无损音质
[2026-02-26 00:07:37] 更新成功：蛋堡 - I Want You (ID: 76834) - 标准、无损音质
[2026-02-26 00:07:40] 更新成功：庾澄庆 - 春泥 (ID: 573968836) - 标准、无损音质
[2026-02-26 00:07:44] 更新成功：Vansdaddy - 身无居所 (ID: 3319817890) - 标准、无损音质
[2026-02-26 00:07:49] 更新成功：建坤YOUNG - 声音 (ID: 2031085185) - 标准、无损音质
[2026-02-26 00:07:53] 更新成功：岑宁儿 - 追光者 (ID: 483671599) - 标准、无损音质
[2026-02-26 00:07:53] 更新完成：成功更新 24 首歌曲
[2026-02-26 00:21:18] 开始更新音乐URL...
[2026-02-26 00:21:18] 备份创建成功：backups/music_data_2026-02-26_00-21-18.json
[2026-02-26 00:21:18] 错误：无法解析music_data.json
[2026-02-26 00:36:18] 开始更新音乐URL...
[2026-02-26 00:36:18] 备份创建成功：backups/music_data_2026-02-26_00-36-18.json
[2026-02-26 00:36:18] 错误：无法解析music_data.json
[2026-02-26 00:51:18] 开始更新音乐URL...
[2026-02-26 00:51:18] 备份创建成功：backups/music_data_2026-02-26_00-51-18.json
[2026-02-26 00:51:18] 错误：无法解析music_data.json
[2026-02-26 01:06:18] 开始更新音乐URL...
[2026-02-26 01:06:18] 备份创建成功：backups/music_data_2026-02-26_01-06-18.json
[2026-02-26 01:06:18] 错误：无法解析music_data.json
[2026-02-26 01:21:18] 开始更新音乐URL...
[2026-02-26 01:21:18] 备份创建成功：backups/music_data_2026-02-26_01-21-18.json
[2026-02-26 01:21:18] 错误：无法解析music_data.json
[2026-02-26 01:36:18] 开始更新音乐URL...
[2026-02-26 01:36:18] 备份创建成功：backups/music_data_2026-02-26_01-36-18.json
[2026-02-26 01:36:18] 错误：无法解析music_data.json
[2026-02-26 01:51:18] 开始更新音乐URL...
[2026-02-26 01:51:18] 备份创建成功：backups/music_data_2026-02-26_01-51-18.json
[2026-02-26 01:51:18] 错误：无法解析music_data.json
[2026-02-26 02:06:18] 开始更新音乐URL...
[2026-02-26 02:06:18] 备份创建成功：backups/music_data_2026-02-26_02-06-18.json
[2026-02-26 02:06:18] 错误：无法解析music_data.json
[2026-02-26 02:21:18] 开始更新音乐URL...
[2026-02-26 02:21:18] 备份创建成功：backups/music_data_2026-02-26_02-21-18.json
[2026-02-26 02:21:18] 错误：无法解析music_data.json
[2026-02-26 02:36:18] 开始更新音乐URL...
[2026-02-26 02:36:18] 备份创建成功：backups/music_data_2026-02-26_02-36-18.json
[2026-02-26 02:36:18] 错误：无法解析music_data.json
[2026-02-26 02:51:18] 开始更新音乐URL...
[2026-02-26 02:51:18] 备份创建成功：backups/music_data_2026-02-26_02-51-18.json
[2026-02-26 02:51:18] 错误：无法解析music_data.json
[2026-02-26 03:06:18] 开始更新音乐URL...
[2026-02-26 03:06:18] 备份创建成功：backups/music_data_2026-02-26_03-06-18.json
[2026-02-26 03:06:18] 错误：无法解析music_data.json
[2026-02-26 03:21:18] 开始更新音乐URL...
[2026-02-26 03:21:18] 备份创建成功：backups/music_data_2026-02-26_03-21-18.json
[2026-02-26 03:21:18] 错误：无法解析music_data.json
[2026-02-26 03:36:18] 开始更新音乐URL...
[2026-02-26 03:36:18] 备份创建成功：backups/music_data_2026-02-26_03-36-18.json
[2026-02-26 03:36:18] 错误：无法解析music_data.json
[2026-02-26 03:51:18] 开始更新音乐URL...
[2026-02-26 03:51:18] 备份创建成功：backups/music_data_2026-02-26_03-51-18.json
[2026-02-26 03:51:18] 错误：无法解析music_data.json
[2026-02-26 04:06:18] 开始更新音乐URL...
[2026-02-26 04:06:18] 备份创建成功：backups/music_data_2026-02-26_04-06-18.json
[2026-02-26 04:06:18] 错误：无法解析music_data.json
[2026-02-26 04:21:18] 开始更新音乐URL...
[2026-02-26 04:21:18] 备份创建成功：backups/music_data_2026-02-26_04-21-18.json
[2026-02-26 04:21:18] 错误：无法解析music_data.json
[2026-02-26 04:36:18] 开始更新音乐URL...
[2026-02-26 04:36:18] 备份创建成功：backups/music_data_2026-02-26_04-36-18.json
[2026-02-26 04:36:18] 错误：无法解析music_data.json
[2026-02-26 04:51:18] 开始更新音乐URL...
[2026-02-26 04:51:18] 备份创建成功：backups/music_data_2026-02-26_04-51-18.json
[2026-02-26 04:51:18] 错误：无法解析music_data.json
[2026-02-26 05:06:18] 开始更新音乐URL...
[2026-02-26 05:06:18] 备份创建成功：backups/music_data_2026-02-26_05-06-18.json
[2026-02-26 05:06:18] 错误：无法解析music_data.json
[2026-02-26 05:21:18] 开始更新音乐URL...
[2026-02-26 05:21:18] 备份创建成功：backups/music_data_2026-02-26_05-21-18.json
[2026-02-26 05:21:18] 错误：无法解析music_data.json
[2026-02-26 05:36:18] 开始更新音乐URL...
[2026-02-26 05:36:18] 备份创建成功：backups/music_data_2026-02-26_05-36-18.json
[2026-02-26 05:36:18] 错误：无法解析music_data.json
[2026-02-26 05:51:18] 开始更新音乐URL...
[2026-02-26 05:51:18] 备份创建成功：backups/music_data_2026-02-26_05-51-18.json
[2026-02-26 05:51:18] 错误：无法解析music_data.json
[2026-02-26 06:06:18] 开始更新音乐URL...
[2026-02-26 06:06:18] 备份创建成功：backups/music_data_2026-02-26_06-06-18.json
[2026-02-26 06:06:18] 错误：无法解析music_data.json
[2026-02-26 06:21:18] 开始更新音乐URL...
[2026-02-26 06:21:18] 备份创建成功：backups/music_data_2026-02-26_06-21-18.json
[2026-02-26 06:21:18] 错误：无法解析music_data.json
[2026-02-26 06:36:18] 开始更新音乐URL...
[2026-02-26 06:36:18] 备份创建成功：backups/music_data_2026-02-26_06-36-18.json
[2026-02-26 06:36:18] 错误：无法解析music_data.json
[2026-02-26 06:51:18] 开始更新音乐URL...
[2026-02-26 06:51:18] 备份创建成功：backups/music_data_2026-02-26_06-51-18.json
[2026-02-26 06:51:18] 错误：无法解析music_data.json
[2026-02-26 07:06:18] 开始更新音乐URL...
[2026-02-26 07:06:18] 备份创建成功：backups/music_data_2026-02-26_07-06-18.json
[2026-02-26 07:06:18] 错误：无法解析music_data.json
[2026-02-26 07:21:18] 开始更新音乐URL...
[2026-02-26 07:21:18] 备份创建成功：backups/music_data_2026-02-26_07-21-18.json
[2026-02-26 07:21:18] 错误：无法解析music_data.json
[2026-02-26 07:36:18] 开始更新音乐URL...
[2026-02-26 07:36:18] 备份创建成功：backups/music_data_2026-02-26_07-36-18.json
[2026-02-26 07:36:18] 错误：无法解析music_data.json
[2026-02-26 07:51:18] 开始更新音乐URL...
[2026-02-26 07:51:18] 备份创建成功：backups/music_data_2026-02-26_07-51-18.json
[2026-02-26 07:51:18] 错误：无法解析music_data.json
[2026-02-26 08:06:18] 开始更新音乐URL...
[2026-02-26 08:06:18] 备份创建成功：backups/music_data_2026-02-26_08-06-18.json
[2026-02-26 08:06:18] 错误：无法解析music_data.json
[2026-02-26 08:21:18] 开始更新音乐URL...
[2026-02-26 08:21:18] 备份创建成功：backups/music_data_2026-02-26_08-21-18.json
[2026-02-26 08:21:18] 错误：无法解析music_data.json
[2026-02-26 08:36:18] 开始更新音乐URL...
[2026-02-26 08:36:18] 备份创建成功：backups/music_data_2026-02-26_08-36-18.json
[2026-02-26 08:36:18] 错误：无法解析music_data.json
[2026-02-26 08:51:18] 开始更新音乐URL...
[2026-02-26 08:51:18] 备份创建成功：backups/music_data_2026-02-26_08-51-18.json
[2026-02-26 08:51:18] 错误：无法解析music_data.json
[2026-02-26 09:06:18] 开始更新音乐URL...
[2026-02-26 09:06:18] 备份创建成功：backups/music_data_2026-02-26_09-06-18.json
[2026-02-26 09:06:18] 错误：无法解析music_data.json
[2026-02-26 09:21:18] 开始更新音乐URL...
[2026-02-26 09:21:18] 备份创建成功：backups/music_data_2026-02-26_09-21-18.json
[2026-02-26 09:21:18] 错误：无法解析music_data.json
[2026-02-26 09:36:18] 开始更新音乐URL...
[2026-02-26 09:36:18] 备份创建成功：backups/music_data_2026-02-26_09-36-18.json
[2026-02-26 09:36:18] 错误：无法解析music_data.json
[2026-02-26 09:51:18] 开始更新音乐URL...
[2026-02-26 09:51:18] 备份创建成功：backups/music_data_2026-02-26_09-51-18.json
[2026-02-26 09:51:18] 错误：无法解析music_data.json
[2026-02-26 10:06:18] 开始更新音乐URL...
[2026-02-26 10:06:18] 备份创建成功：backups/music_data_2026-02-26_10-06-18.json
[2026-02-26 10:06:18] 错误：无法解析music_data.json
[2026-02-26 10:21:18] 开始更新音乐URL...
[2026-02-26 10:21:18] 备份创建成功：backups/music_data_2026-02-26_10-21-18.json
[2026-02-26 10:21:18] 错误：无法解析music_data.json
[2026-02-26 10:36:18] 开始更新音乐URL...
[2026-02-26 10:36:18] 备份创建成功：backups/music_data_2026-02-26_10-36-18.json
[2026-02-26 10:36:18] 错误：无法解析music_data.json
[2026-02-26 10:51:18] 开始更新音乐URL...
[2026-02-26 10:51:18] 备份创建成功：backups/music_data_2026-02-26_10-51-18.json
[2026-02-26 10:51:18] 错误：无法解析music_data.json
[2026-02-26 11:06:18] 开始更新音乐URL...
[2026-02-26 11:06:18] 备份创建成功：backups/music_data_2026-02-26_11-06-18.json
[2026-02-26 11:06:18] 错误：无法解析music_data.json
[2026-02-26 11:21:18] 开始更新音乐URL...
[2026-02-26 11:21:18] 备份创建成功：backups/music_data_2026-02-26_11-21-18.json
[2026-02-26 11:21:18] 错误：无法解析music_data.json
[2026-02-26 11:36:18] 开始更新音乐URL...
[2026-02-26 11:36:18] 备份创建成功：backups/music_data_2026-02-26_11-36-18.json
[2026-02-26 11:36:18] 错误：无法解析music_data.json
[2026-02-26 11:51:18] 开始更新音乐URL...
[2026-02-26 11:51:18] 备份创建成功：backups/music_data_2026-02-26_11-51-18.json
[2026-02-26 11:51:18] 错误：无法解析music_data.json
[2026-02-26 12:06:18] 开始更新音乐URL...
[2026-02-26 12:06:18] 备份创建成功：backups/music_data_2026-02-26_12-06-18.json
[2026-02-26 12:06:18] 错误：无法解析music_data.json
[2026-02-26 12:21:18] 开始更新音乐URL...
[2026-02-26 12:21:18] 备份创建成功：backups/music_data_2026-02-26_12-21-18.json
[2026-02-26 12:21:18] 错误：无法解析music_data.json
[2026-02-26 12:36:18] 开始更新音乐URL...
[2026-02-26 12:36:18] 备份创建成功：backups/music_data_2026-02-26_12-36-18.json
[2026-02-26 12:36:18] 错误：无法解析music_data.json
[2026-02-26 12:51:18] 开始更新音乐URL...
[2026-02-26 12:51:18] 备份创建成功：backups/music_data_2026-02-26_12-51-18.json
[2026-02-26 12:51:18] 错误：无法解析music_data.json
[2026-02-26 13:06:18] 开始更新音乐URL...
[2026-02-26 13:06:18] 备份创建成功：backups/music_data_2026-02-26_13-06-18.json
[2026-02-26 13:06:18] 错误：无法解析music_data.json
[2026-02-26 13:21:18] 开始更新音乐URL...
[2026-02-26 13:21:18] 备份创建成功：backups/music_data_2026-02-26_13-21-18.json
[2026-02-26 13:21:18] 错误：无法解析music_data.json
[2026-02-26 13:36:18] 开始更新音乐URL...
[2026-02-26 13:36:18] 备份创建成功：backups/music_data_2026-02-26_13-36-18.json
[2026-02-26 13:36:18] 错误：无法解析music_data.json
[2026-02-26 13:51:18] 开始更新音乐URL...
[2026-02-26 13:51:18] 备份创建成功：backups/music_data_2026-02-26_13-51-18.json
[2026-02-26 13:51:18] 错误：无法解析music_data.json
[2026-02-26 14:06:18] 开始更新音乐URL...
[2026-02-26 14:06:18] 备份创建成功：backups/music_data_2026-02-26_14-06-18.json
[2026-02-26 14:06:18] 错误：无法解析music_data.json
[2026-02-26 14:21:18] 开始更新音乐URL...
[2026-02-26 14:21:18] 备份创建成功：backups/music_data_2026-02-26_14-21-18.json
[2026-02-26 14:21:18] 错误：无法解析music_data.json
[2026-02-26 14:36:18] 开始更新音乐URL...
[2026-02-26 14:36:18] 备份创建成功：backups/music_data_2026-02-26_14-36-18.json
[2026-02-26 14:36:18] 错误：无法解析music_data.json
[2026-02-26 14:51:18] 开始更新音乐URL...
[2026-02-26 14:51:18] 备份创建成功：backups/music_data_2026-02-26_14-51-18.json
[2026-02-26 14:51:18] 错误：无法解析music_data.json
[2026-02-26 15:06:18] 开始更新音乐URL...
[2026-02-26 15:06:18] 备份创建成功：backups/music_data_2026-02-26_15-06-18.json
[2026-02-26 15:06:18] 错误：无法解析music_data.json
[2026-02-26 15:21:18] 开始更新音乐URL...
[2026-02-26 15:21:18] 备份创建成功：backups/music_data_2026-02-26_15-21-18.json
[2026-02-26 15:21:18] 错误：无法解析music_data.json
[2026-02-26 15:36:18] 开始更新音乐URL...
[2026-02-26 15:36:18] 备份创建成功：backups/music_data_2026-02-26_15-36-18.json
[2026-02-26 15:36:18] 错误：无法解析music_data.json
[2026-02-26 15:51:18] 开始更新音乐URL...
[2026-02-26 15:51:18] 备份创建成功：backups/music_data_2026-02-26_15-51-18.json
[2026-02-26 15:51:18] 错误：无法解析music_data.json
[2026-02-26 16:06:18] 开始更新音乐URL...
[2026-02-26 16:06:18] 备份创建成功：backups/music_data_2026-02-26_16-06-18.json
[2026-02-26 16:06:18] 错误：无法解析music_data.json
[2026-02-26 16:21:18] 开始更新音乐URL...
[2026-02-26 16:21:18] 备份创建成功：backups/music_data_2026-02-26_16-21-18.json
[2026-02-26 16:21:18] 错误：无法解析music_data.json
[2026-02-26 16:36:18] 开始更新音乐URL...
[2026-02-26 16:36:18] 备份创建成功：backups/music_data_2026-02-26_16-36-18.json
[2026-02-26 16:36:18] 错误：无法解析music_data.json
[2026-02-26 16:51:18] 开始更新音乐URL...
[2026-02-26 16:51:18] 备份创建成功：backups/music_data_2026-02-26_16-51-18.json
[2026-02-26 16:51:18] 错误：无法解析music_data.json
[2026-02-26 17:06:18] 开始更新音乐URL...
[2026-02-26 17:06:18] 备份创建成功：backups/music_data_2026-02-26_17-06-18.json
[2026-02-26 17:06:18] 错误：无法解析music_data.json
[2026-02-26 17:21:18] 开始更新音乐URL...
[2026-02-26 17:21:18] 备份创建成功：backups/music_data_2026-02-26_17-21-18.json
[2026-02-26 17:21:18] 错误：无法解析music_data.json
[2026-02-26 17:36:18] 开始更新音乐URL...
[2026-02-26 17:36:18] 备份创建成功：backups/music_data_2026-02-26_17-36-18.json
[2026-02-26 17:36:18] 错误：无法解析music_data.json
[2026-02-26 17:51:18] 开始更新音乐URL...
[2026-02-26 17:51:18] 备份创建成功：backups/music_data_2026-02-26_17-51-18.json
[2026-02-26 17:51:18] 错误：无法解析music_data.json
[2026-02-26 18:06:20] 开始更新音乐URL...
[2026-02-26 18:06:20] 备份创建成功：backups/music_data_2026-02-26_18-06-20.json
[2026-02-26 18:06:20] 错误：无法解析music_data.json
[2026-02-26 18:21:18] 开始更新音乐URL...
[2026-02-26 18:21:18] 备份创建成功：backups/music_data_2026-02-26_18-21-18.json
[2026-02-26 18:21:18] 错误：无法解析music_data.json
[2026-02-26 18:36:18] 开始更新音乐URL...
[2026-02-26 18:36:18] 备份创建成功：backups/music_data_2026-02-26_18-36-18.json
[2026-02-26 18:36:18] 错误：无法解析music_data.json
[2026-02-26 18:51:18] 开始更新音乐URL...
[2026-02-26 18:51:18] 备份创建成功：backups/music_data_2026-02-26_18-51-18.json
[2026-02-26 18:51:18] 错误：无法解析music_data.json
[2026-02-26 19:06:18] 开始更新音乐URL...
[2026-02-26 19:06:18] 备份创建成功：backups/music_data_2026-02-26_19-06-18.json
[2026-02-26 19:06:18] 错误：无法解析music_data.json
[2026-02-26 19:21:18] 开始更新音乐URL...
[2026-02-26 19:21:18] 备份创建成功：backups/music_data_2026-02-26_19-21-18.json
[2026-02-26 19:21:18] 错误：无法解析music_data.json
[2026-02-26 19:36:18] 开始更新音乐URL...
[2026-02-26 19:36:18] 备份创建成功：backups/music_data_2026-02-26_19-36-18.json
[2026-02-26 19:36:18] 错误：无法解析music_data.json
[2026-02-26 19:51:18] 开始更新音乐URL...
[2026-02-26 19:51:18] 备份创建成功：backups/music_data_2026-02-26_19-51-18.json
[2026-02-26 19:51:18] 错误：无法解析music_data.json
[2026-02-26 20:06:18] 开始更新音乐URL...
[2026-02-26 20:06:18] 备份创建成功：backups/music_data_2026-02-26_20-06-18.json
[2026-02-26 20:06:18] 错误：无法解析music_data.json
[2026-02-26 20:21:18] 开始更新音乐URL...
[2026-02-26 20:21:18] 备份创建成功：backups/music_data_2026-02-26_20-21-18.json
[2026-02-26 20:21:18] 错误：无法解析music_data.json
[2026-02-26 20:36:18] 开始更新音乐URL...
[2026-02-26 20:36:18] 备份创建成功：backups/music_data_2026-02-26_20-36-18.json
[2026-02-26 20:36:18] 错误：无法解析music_data.json
[2026-02-26 20:51:18] 开始更新音乐URL...
[2026-02-26 20:51:18] 备份创建成功：backups/music_data_2026-02-26_20-51-18.json
[2026-02-26 20:51:18] 错误：无法解析music_data.json
[2026-02-26 21:06:18] 开始更新音乐URL...
[2026-02-26 21:06:18] 备份创建成功：backups/music_data_2026-02-26_21-06-18.json
[2026-02-26 21:06:18] 错误：无法解析music_data.json
[2026-02-26 21:21:18] 开始更新音乐URL...
[2026-02-26 21:21:18] 备份创建成功：backups/music_data_2026-02-26_21-21-18.json
[2026-02-26 21:21:18] 错误：无法解析music_data.json
[2026-02-26 21:36:18] 开始更新音乐URL...
[2026-02-26 21:36:18] 备份创建成功：backups/music_data_2026-02-26_21-36-18.json
[2026-02-26 21:36:18] 错误：无法解析music_data.json
[2026-02-26 21:51:18] 开始更新音乐URL...
[2026-02-26 21:51:18] 备份创建成功：backups/music_data_2026-02-26_21-51-18.json
[2026-02-26 21:51:18] 错误：无法解析music_data.json
[2026-02-26 22:06:18] 开始更新音乐URL...
[2026-02-26 22:06:18] 备份创建成功：backups/music_data_2026-02-26_22-06-18.json
[2026-02-26 22:06:18] 错误：无法解析music_data.json
[2026-02-26 22:21:18] 开始更新音乐URL...
[2026-02-26 22:21:18] 备份创建成功：backups/music_data_2026-02-26_22-21-18.json
[2026-02-26 22:21:18] 错误：无法解析music_data.json
[2026-02-26 22:36:18] 开始更新音乐URL...
[2026-02-26 22:36:18] 备份创建成功：backups/music_data_2026-02-26_22-36-18.json
[2026-02-26 22:36:18] 错误：无法解析music_data.json
[2026-02-26 22:51:18] 开始更新音乐URL...
[2026-02-26 22:51:18] 备份创建成功：backups/music_data_2026-02-26_22-51-18.json
[2026-02-26 22:51:18] 错误：无法解析music_data.json
[2026-02-26 23:06:18] 开始更新音乐URL...
[2026-02-26 23:06:18] 备份创建成功：backups/music_data_2026-02-26_23-06-18.json
[2026-02-26 23:06:18] 错误：无法解析music_data.json
[2026-02-26 23:21:18] 开始更新音乐URL...
[2026-02-26 23:21:18] 备份创建成功：backups/music_data_2026-02-26_23-21-18.json
[2026-02-26 23:21:18] 错误：无法解析music_data.json
[2026-02-26 23:36:18] 开始更新音乐URL...
[2026-02-26 23:36:18] 备份创建成功：backups/music_data_2026-02-26_23-36-18.json
[2026-02-26 23:36:18] 错误：无法解析music_data.json
[2026-02-26 23:51:18] 开始更新音乐URL...
[2026-02-26 23:51:18] 备份创建成功：backups/music_data_2026-02-26_23-51-18.json
[2026-02-26 23:51:18] 错误：无法解析music_data.json
[2026-04-04 13:58:21] 开始更新音乐URL...
[2026-04-04 13:58:21] 备份创建成功：backups/music_data_2026-04-04_13-58-21.json
[2026-04-04 13:58:25] 更新成功：汪苏泷 - 如果爱忘了 (live) (ID: 2124385868) - 标准、无损音质
[2026-04-04 13:58:28] 更新成功：Dizzy Dizzo (蔡诗芸) - 雨过后的风景 (ID: 215382) - 标准、无损音质
[2026-04-04 13:58:28] 更新完成：成功更新 2 首歌曲
[2026-04-04 15:28:19] 开始更新音乐URL...
[2026-04-04 15:28:19] 备份创建成功：backups/music_data_2026-04-04_15-28-19.json
[2026-04-04 15:28:21] 更新成功：汪苏泷 - 如果爱忘了 (live) (ID: 2124385868) - 标准、无损音质
[2026-04-04 15:28:25] 更新成功：Dizzy Dizzo (蔡诗芸) - 雨过后的风景 (ID: 215382) - 标准、无损音质
[2026-04-04 15:28:26] 更新完成：成功更新 2 首歌曲
[2026-04-04 15:43:19] 开始更新音乐URL...
[2026-04-04 15:43:19] 备份创建成功：backups/music_data_2026-04-04_15-43-19.json
[2026-04-04 15:43:20] 更新成功：汪苏泷 - 如果爱忘了 (live) (ID: 2124385868) - 标准、无损音质
[2026-04-04 15:43:23] 更新成功：Dizzy Dizzo (蔡诗芸) - 雨过后的风景 (ID: 215382) - 标准、无损音质
[2026-04-04 15:43:23] 更新完成：成功更新 2 首歌曲
[2026-04-04 15:58:24] 开始更新音乐URL...
[2026-04-04 15:58:24] 备份创建成功：backups/music_data_2026-04-04_15-58-24.json
[2026-04-04 15:58:37] 更新成功：汪苏泷 - 如果爱忘了 (live) (ID: 2124385868) - 标准、无损音质
[2026-04-04 15:58:39] 更新成功：Dizzy Dizzo (蔡诗芸) - 雨过后的风景 (ID: 215382) - 标准、无损音质
[2026-04-04 15:58:39] 更新完成：成功更新 2 首歌曲
[2026-04-04 16:13:19] 开始更新音乐URL...
[2026-04-04 16:13:19] 备份创建成功：backups/music_data_2026-04-04_16-13-19.json
[2026-04-04 16:13:23] 更新成功：汪苏泷 - 如果爱忘了 (live) (ID: 2124385868) - 标准、无损音质
[2026-04-04 16:13:26] 更新成功：Dizzy Dizzo (蔡诗芸) - 雨过后的风景 (ID: 215382) - 标准、无损音质
[2026-04-04 16:13:26] 更新完成：成功更新 2 首歌曲
[2026-04-04 16:28:20] 开始更新音乐URL...
[2026-04-04 16:28:20] 备份创建成功：backups/music_data_2026-04-04_16-28-20.json
[2026-04-04 16:28:22] 更新成功：汪苏泷 - 如果爱忘了 (live) (ID: 2124385868) - 标准、无损音质
[2026-04-04 16:28:24] 更新成功：Dizzy Dizzo (蔡诗芸) - 雨过后的风景 (ID: 215382) - 标准、无损音质
[2026-04-04 16:28:25] 更新完成：成功更新 2 首歌曲
[2026-04-04 16:43:19] 开始更新音乐URL...
[2026-04-04 16:43:19] 备份创建成功：backups/music_data_2026-04-04_16-43-19.json
[2026-04-04 16:43:22] 更新成功：汪苏泷 - 如果爱忘了 (live) (ID: 2124385868) - 标准、无损音质
[2026-04-04 16:43:25] 更新成功：Dizzy Dizzo (蔡诗芸) - 雨过后的风景 (ID: 215382) - 标准、无损音质
[2026-04-04 16:43:26] 更新完成：成功更新 2 首歌曲
[2026-04-04 16:58:19] 开始更新音乐URL...
[2026-04-04 16:58:19] 备份创建成功：backups/music_data_2026-04-04_16-58-19.json
[2026-04-04 16:58:22] 更新成功：汪苏泷 - 如果爱忘了 (live) (ID: 2124385868) - 标准、无损音质
[2026-04-04 16:58:25] 更新成功：Dizzy Dizzo (蔡诗芸) - 雨过后的风景 (ID: 215382) - 标准、无损音质
[2026-04-04 16:58:25] 更新完成：成功更新 2 首歌曲
[2026-04-04 17:13:19] 开始更新音乐URL...
[2026-04-04 17:13:19] 备份创建成功：backups/music_data_2026-04-04_17-13-19.json
[2026-04-04 17:13:25] 更新成功：汪苏泷 - 如果爱忘了 (live) (ID: 2124385868) - 标准、无损音质
[2026-04-04 17:13:27] 更新成功：Dizzy Dizzo (蔡诗芸) - 雨过后的风景 (ID: 215382) - 标准、无损音质
[2026-04-04 17:13:28] 更新完成：成功更新 2 首歌曲
[2026-04-04 17:28:19] 开始更新音乐URL...
[2026-04-04 17:28:19] 备份创建成功：backups/music_data_2026-04-04_17-28-19.json
[2026-04-04 17:28:24] 更新成功：汪苏泷 - 如果爱忘了 (live) (ID: 2124385868) - 标准、无损音质
[2026-04-04 17:28:27] 更新成功：Dizzy Dizzo (蔡诗芸) - 雨过后的风景 (ID: 215382) - 标准、无损音质
[2026-04-04 17:28:27] 更新完成：成功更新 2 首歌曲
[2026-04-04 17:43:21] 开始更新音乐URL...
[2026-04-04 17:43:21] 备份创建成功：backups/music_data_2026-04-04_17-43-21.json
[2026-04-04 17:43:23] 更新成功：汪苏泷 - 如果爱忘了 (live) (ID: 2124385868) - 标准、无损音质
[2026-04-04 17:43:25] 更新成功：Dizzy Dizzo (蔡诗芸) - 雨过后的风景 (ID: 215382) - 标准、无损音质
[2026-04-04 17:43:26] 更新完成：成功更新 2 首歌曲
[2026-04-05 04:33:12] 开始更新音乐URL...
[2026-04-05 04:33:12] 备份创建成功：backups/music_data_2026-04-05_04-33-12.json
[2026-04-05 04:33:19] 更新成功：汪苏泷 - 如果爱忘了 (live) (ID: 2124385868) - 无损音质
[2026-04-05 04:33:21] 更新成功：Dizzy Dizzo (蔡诗芸) - 雨过后的风景 (ID: 215382) - 标准、无损音质
[2026-04-05 04:33:22] 更新完成：成功更新 2 首歌曲
[2026-04-05 04:48:12] 开始更新音乐URL...
[2026-04-05 04:48:12] 备份创建成功：backups/music_data_2026-04-05_04-48-12.json
[2026-04-05 04:48:19] 更新成功：汪苏泷 - 如果爱忘了 (live) (ID: 2124385868) - 无损音质
[2026-04-05 04:48:21] 更新成功：Dizzy Dizzo (蔡诗芸) - 雨过后的风景 (ID: 215382) - 标准、无损音质
[2026-04-05 04:48:22] 更新完成：成功更新 2 首歌曲
[2026-04-05 05:03:12] 开始更新音乐URL...
[2026-04-05 05:03:12] 备份创建成功：backups/music_data_2026-04-05_05-03-12.json
[2026-04-05 05:03:19] 更新成功：汪苏泷 - 如果爱忘了 (live) (ID: 2124385868) - 无损音质
[2026-04-05 05:03:21] 更新成功：Dizzy Dizzo (蔡诗芸) - 雨过后的风景 (ID: 215382) - 标准、无损音质
[2026-04-05 05:03:21] 更新完成：成功更新 2 首歌曲
[2026-04-05 05:18:12] 开始更新音乐URL...
[2026-04-05 05:18:12] 备份创建成功：backups/music_data_2026-04-05_05-18-12.json
[2026-04-05 05:18:15] 更新成功：汪苏泷 - 如果爱忘了 (live) (ID: 2124385868) - 标准、无损音质
[2026-04-05 05:18:18] 更新成功：Dizzy Dizzo (蔡诗芸) - 雨过后的风景 (ID: 215382) - 标准、无损音质
[2026-04-05 05:18:18] 更新完成：成功更新 2 首歌曲
[2026-04-05 05:33:12] 开始更新音乐URL...
[2026-04-05 05:33:12] 备份创建成功：backups/music_data_2026-04-05_05-33-12.json
[2026-04-05 05:33:23] 更新成功：汪苏泷 - 如果爱忘了 (live) (ID: 2124385868) - 无损音质
[2026-04-05 05:33:26] 更新成功：Dizzy Dizzo (蔡诗芸) - 雨过后的风景 (ID: 215382) - 标准、无损音质
[2026-04-05 05:33:26] 更新完成：成功更新 2 首歌曲
[2026-04-05 05:48:12] 开始更新音乐URL...
[2026-04-05 05:48:12] 备份创建成功：backups/music_data_2026-04-05_05-48-12.json
[2026-04-05 05:48:14] 更新成功：汪苏泷 - 如果爱忘了 (live) (ID: 2124385868) - 标准、无损音质
[2026-04-05 05:48:16] 更新成功：Dizzy Dizzo (蔡诗芸) - 雨过后的风景 (ID: 215382) - 标准、无损音质
[2026-04-05 05:48:17] 更新完成：成功更新 2 首歌曲
[2026-04-05 06:03:12] 开始更新音乐URL...
[2026-04-05 06:03:12] 备份创建成功：backups/music_data_2026-04-05_06-03-12.json
[2026-04-05 06:03:15] 更新成功：汪苏泷 - 如果爱忘了 (live) (ID: 2124385868) - 标准、无损音质
[2026-04-05 06:03:17] 更新成功：Dizzy Dizzo (蔡诗芸) - 雨过后的风景 (ID: 215382) - 标准、无损音质
[2026-04-05 06:03:18] 更新完成：成功更新 2 首歌曲
[2026-04-05 06:18:12] 开始更新音乐URL...
[2026-04-05 06:18:12] 备份创建成功：backups/music_data_2026-04-05_06-18-12.json
[2026-04-05 06:18:14] 更新成功：汪苏泷 - 如果爱忘了 (live) (ID: 2124385868) - 标准、无损音质
[2026-04-05 06:18:16] 更新成功：Dizzy Dizzo (蔡诗芸) - 雨过后的风景 (ID: 215382) - 标准、无损音质
[2026-04-05 06:18:17] 更新完成：成功更新 2 首歌曲
[2026-04-05 06:33:12] 开始更新音乐URL...
[2026-04-05 06:33:12] 备份创建成功：backups/music_data_2026-04-05_06-33-12.json
[2026-04-05 06:33:14] 更新成功：汪苏泷 - 如果爱忘了 (live) (ID: 2124385868) - 标准、无损音质
[2026-04-05 06:33:18] 更新成功：Dizzy Dizzo (蔡诗芸) - 雨过后的风景 (ID: 215382) - 标准、无损音质
[2026-04-05 06:33:18] 更新完成：成功更新 2 首歌曲
[2026-04-05 06:48:12] 开始更新音乐URL...
[2026-04-05 06:48:12] 备份创建成功：backups/music_data_2026-04-05_06-48-12.json
[2026-04-05 06:48:14] 更新成功：汪苏泷 - 如果爱忘了 (live) (ID: 2124385868) - 标准、无损音质
[2026-04-05 06:48:17] 更新成功：Dizzy Dizzo (蔡诗芸) - 雨过后的风景 (ID: 215382) - 标准、无损音质
[2026-04-05 06:48:17] 更新完成：成功更新 2 首歌曲
[2026-04-05 07:03:12] 开始更新音乐URL...
[2026-04-05 07:03:12] 备份创建成功：backups/music_data_2026-04-05_07-03-12.json
[2026-04-05 07:03:14] 更新成功：汪苏泷 - 如果爱忘了 (live) (ID: 2124385868) - 标准、无损音质
[2026-04-05 07:03:17] 更新成功：Dizzy Dizzo (蔡诗芸) - 雨过后的风景 (ID: 215382) - 标准、无损音质
[2026-04-05 07:03:18] 更新完成：成功更新 2 首歌曲
[2026-04-05 07:18:12] 开始更新音乐URL...
[2026-04-05 07:18:12] 备份创建成功：backups/music_data_2026-04-05_07-18-12.json
[2026-04-05 07:18:21] 更新成功：汪苏泷 - 如果爱忘了 (live) (ID: 2124385868) - 无损音质
[2026-04-05 07:18:24] 更新成功：Dizzy Dizzo (蔡诗芸) - 雨过后的风景 (ID: 215382) - 标准、无损音质
[2026-04-05 07:18:25] 更新完成：成功更新 2 首歌曲
[2026-04-05 07:33:12] 开始更新音乐URL...
[2026-04-05 07:33:12] 备份创建成功：backups/music_data_2026-04-05_07-33-12.json
[2026-04-05 07:33:15] 更新成功：汪苏泷 - 如果爱忘了 (live) (ID: 2124385868) - 标准、无损音质
[2026-04-05 07:33:18] 更新成功：Dizzy Dizzo (蔡诗芸) - 雨过后的风景 (ID: 215382) - 标准、无损音质
[2026-04-05 07:33:18] 更新完成：成功更新 2 首歌曲
[2026-04-05 07:48:12] 开始更新音乐URL...
[2026-04-05 07:48:12] 备份创建成功：backups/music_data_2026-04-05_07-48-12.json
[2026-04-05 07:48:16] 更新成功：汪苏泷 - 如果爱忘了 (live) (ID: 2124385868) - 标准、无损音质
[2026-04-05 07:48:18] 更新成功：Dizzy Dizzo (蔡诗芸) - 雨过后的风景 (ID: 215382) - 标准、无损音质
[2026-04-05 07:48:19] 更新完成：成功更新 2 首歌曲
[2026-04-05 08:03:12] 开始更新音乐URL...
[2026-04-05 08:03:12] 备份创建成功：backups/music_data_2026-04-05_08-03-12.json
[2026-04-05 08:03:14] 更新成功：汪苏泷 - 如果爱忘了 (live) (ID: 2124385868) - 标准、无损音质
[2026-04-05 08:03:17] 更新成功：Dizzy Dizzo (蔡诗芸) - 雨过后的风景 (ID: 215382) - 标准、无损音质
[2026-04-05 08:03:17] 更新完成：成功更新 2 首歌曲
[2026-04-05 08:18:12] 开始更新音乐URL...
[2026-04-05 08:18:12] 备份创建成功：backups/music_data_2026-04-05_08-18-12.json
[2026-04-05 08:18:16] 更新成功：汪苏泷 - 如果爱忘了 (live) (ID: 2124385868) - 标准、无损音质
[2026-04-05 08:18:18] 更新成功：Dizzy Dizzo (蔡诗芸) - 雨过后的风景 (ID: 215382) - 标准、无损音质
[2026-04-05 08:18:19] 更新完成：成功更新 2 首歌曲
[2026-04-05 08:33:12] 开始更新音乐URL...
[2026-04-05 08:33:12] 备份创建成功：backups/music_data_2026-04-05_08-33-12.json
[2026-04-05 08:33:18] 更新成功：汪苏泷 - 如果爱忘了 (live) (ID: 2124385868) - 无损音质
[2026-04-05 08:33:21] 更新成功：Dizzy Dizzo (蔡诗芸) - 雨过后的风景 (ID: 215382) - 标准、无损音质
[2026-04-05 08:33:21] 更新完成：成功更新 2 首歌曲
[2026-04-05 08:48:12] 开始更新音乐URL...
[2026-04-05 08:48:12] 备份创建成功：backups/music_data_2026-04-05_08-48-12.json
[2026-04-05 08:48:15] 更新成功：汪苏泷 - 如果爱忘了 (live) (ID: 2124385868) - 标准、无损音质
[2026-04-05 08:48:18] 更新成功：Dizzy Dizzo (蔡诗芸) - 雨过后的风景 (ID: 215382) - 标准、无损音质
[2026-04-05 08:48:19] 更新完成：成功更新 2 首歌曲
[2026-04-05 09:03:12] 开始更新音乐URL...
[2026-04-05 09:03:12] 备份创建成功：backups/music_data_2026-04-05_09-03-12.json
[2026-04-05 09:03:15] 更新成功：汪苏泷 - 如果爱忘了 (live) (ID: 2124385868) - 标准、无损音质
[2026-04-05 09:03:18] 更新成功：Dizzy Dizzo (蔡诗芸) - 雨过后的风景 (ID: 215382) - 标准、无损音质
[2026-04-05 09:03:19] 更新完成：成功更新 2 首歌曲
[2026-04-05 09:18:12] 开始更新音乐URL...
[2026-04-05 09:18:12] 备份创建成功：backups/music_data_2026-04-05_09-18-12.json
[2026-04-05 09:18:14] 更新成功：汪苏泷 - 如果爱忘了 (live) (ID: 2124385868) - 标准、无损音质
[2026-04-05 09:18:17] 更新成功：Dizzy Dizzo (蔡诗芸) - 雨过后的风景 (ID: 215382) - 标准、无损音质
[2026-04-05 09:18:17] 更新完成：成功更新 2 首歌曲
[2026-04-05 09:33:12] 开始更新音乐URL...
[2026-04-05 09:33:12] 备份创建成功：backups/music_data_2026-04-05_09-33-12.json
[2026-04-05 09:33:15] 更新成功：汪苏泷 - 如果爱忘了 (live) (ID: 2124385868) - 标准、无损音质
[2026-04-05 09:33:18] 更新成功：Dizzy Dizzo (蔡诗芸) - 雨过后的风景 (ID: 215382) - 标准、无损音质
[2026-04-05 09:33:18] 更新完成：成功更新 2 首歌曲
[2026-04-05 09:48:12] 开始更新音乐URL...
[2026-04-05 09:48:12] 备份创建成功：backups/music_data_2026-04-05_09-48-12.json
[2026-04-05 09:48:14] 更新成功：汪苏泷 - 如果爱忘了 (live) (ID: 2124385868) - 标准、无损音质
[2026-04-05 09:48:16] 更新成功：Dizzy Dizzo (蔡诗芸) - 雨过后的风景 (ID: 215382) - 标准、无损音质
[2026-04-05 09:48:17] 更新完成：成功更新 2 首歌曲
[2026-04-05 10:03:12] 开始更新音乐URL...
[2026-04-05 10:03:12] 备份创建成功：backups/music_data_2026-04-05_10-03-12.json
[2026-04-05 10:03:19] 更新成功：汪苏泷 - 如果爱忘了 (live) (ID: 2124385868) - 无损音质
[2026-04-05 10:03:21] 更新成功：Dizzy Dizzo (蔡诗芸) - 雨过后的风景 (ID: 215382) - 标准、无损音质
[2026-04-05 10:03:22] 更新完成：成功更新 2 首歌曲
[2026-04-05 10:18:12] 开始更新音乐URL...
[2026-04-05 10:18:12] 备份创建成功：backups/music_data_2026-04-05_10-18-12.json
[2026-04-05 10:18:15] 更新成功：汪苏泷 - 如果爱忘了 (live) (ID: 2124385868) - 标准、无损音质
[2026-04-05 10:18:18] 更新成功：Dizzy Dizzo (蔡诗芸) - 雨过后的风景 (ID: 215382) - 标准、无损音质
[2026-04-05 10:18:19] 更新完成：成功更新 2 首歌曲
[2026-04-05 10:33:12] 开始更新音乐URL...
[2026-04-05 10:33:12] 备份创建成功：backups/music_data_2026-04-05_10-33-12.json
[2026-04-05 10:33:14] 更新成功：汪苏泷 - 如果爱忘了 (live) (ID: 2124385868) - 标准、无损音质
[2026-04-05 10:33:17] 更新成功：Dizzy Dizzo (蔡诗芸) - 雨过后的风景 (ID: 215382) - 标准、无损音质
[2026-04-05 10:33:18] 更新完成：成功更新 2 首歌曲
[2026-04-05 10:48:12] 开始更新音乐URL...
[2026-04-05 10:48:12] 备份创建成功：backups/music_data_2026-04-05_10-48-12.json
[2026-04-05 10:48:14] 更新成功：汪苏泷 - 如果爱忘了 (live) (ID: 2124385868) - 标准、无损音质
[2026-04-05 10:48:17] 更新成功：Dizzy Dizzo (蔡诗芸) - 雨过后的风景 (ID: 215382) - 标准、无损音质
[2026-04-05 10:48:17] 更新完成：成功更新 2 首歌曲
[2026-04-05 11:03:12] 开始更新音乐URL...
[2026-04-05 11:03:12] 备份创建成功：backups/music_data_2026-04-05_11-03-12.json
[2026-04-05 11:03:17] 更新成功：汪苏泷 - 如果爱忘了 (live) (ID: 2124385868) - 标准、无损音质
[2026-04-05 11:03:20] 更新成功：Dizzy Dizzo (蔡诗芸) - 雨过后的风景 (ID: 215382) - 标准、无损音质
[2026-04-05 11:03:20] 更新完成：成功更新 2 首歌曲
[2026-04-05 11:18:12] 开始更新音乐URL...
[2026-04-05 11:18:12] 备份创建成功：backups/music_data_2026-04-05_11-18-12.json
[2026-04-05 11:18:17] 更新成功：汪苏泷 - 如果爱忘了 (live) (ID: 2124385868) - 标准、无损音质
[2026-04-05 11:18:23] 更新成功：Dizzy Dizzo (蔡诗芸) - 雨过后的风景 (ID: 215382) - 标准、无损音质
[2026-04-05 11:18:23] 更新完成：成功更新 2 首歌曲
[2026-04-05 11:33:12] 开始更新音乐URL...
[2026-04-05 11:33:12] 备份创建成功：backups/music_data_2026-04-05_11-33-12.json
[2026-04-05 11:33:14] 更新成功：汪苏泷 - 如果爱忘了 (live) (ID: 2124385868) - 标准、无损音质
[2026-04-05 11:33:16] 更新成功：Dizzy Dizzo (蔡诗芸) - 雨过后的风景 (ID: 215382) - 标准、无损音质
[2026-04-05 11:33:17] 更新完成：成功更新 2 首歌曲
[2026-04-05 11:39:49] 开始更新音乐URL...
[2026-04-05 11:39:49] 备份创建成功：backups/music_data_2026-04-05_11-39-49.json
[2026-04-05 11:39:52] 更新成功：汪苏泷 - 如果爱忘了 (live) (ID: 2124385868) - 标准、无损音质
[2026-04-05 11:39:55] 更新成功：Dizzy Dizzo (蔡诗芸) - 雨过后的风景 (ID: 215382) - 标准、无损音质
[2026-04-05 11:39:56] 更新完成：成功更新 2 首歌曲
[2026-04-05 11:48:12] 开始更新音乐URL...
[2026-04-05 11:48:12] 备份创建成功：backups/music_data_2026-04-05_11-48-12.json
[2026-04-05 11:48:15] 更新成功：汪苏泷 - 如果爱忘了 (live) (ID: 2124385868) - 标准、无损音质
[2026-04-05 11:48:17] 更新成功：Dizzy Dizzo (蔡诗芸) - 雨过后的风景 (ID: 215382) - 标准、无损音质
[2026-04-05 11:48:17] 更新完成：成功更新 2 首歌曲
[2026-04-05 12:03:12] 开始更新音乐URL...
[2026-04-05 12:03:12] 备份创建成功：backups/music_data_2026-04-05_12-03-12.json
[2026-04-05 12:03:14] 更新成功：汪苏泷 - 如果爱忘了 (live) (ID: 2124385868) - 标准、无损音质
[2026-04-05 12:03:17] 更新成功：Dizzy Dizzo (蔡诗芸) - 雨过后的风景 (ID: 215382) - 标准、无损音质
[2026-04-05 12:03:17] 更新完成：成功更新 2 首歌曲
[2026-04-05 12:18:12] 开始更新音乐URL...
[2026-04-05 12:18:12] 备份创建成功：backups/music_data_2026-04-05_12-18-12.json
[2026-04-05 12:18:14] 更新成功：汪苏泷 - 如果爱忘了 (live) (ID: 2124385868) - 标准、无损音质
[2026-04-05 12:18:17] 更新成功：Dizzy Dizzo (蔡诗芸) - 雨过后的风景 (ID: 215382) - 标准、无损音质
[2026-04-05 12:18:17] 更新完成：成功更新 2 首歌曲
[2026-04-05 12:33:12] 开始更新音乐URL...
[2026-04-05 12:33:12] 备份创建成功：backups/music_data_2026-04-05_12-33-12.json
[2026-04-05 12:33:14] 更新成功：汪苏泷 - 如果爱忘了 (live) (ID: 2124385868) - 标准、无损音质
[2026-04-05 12:33:16] 更新成功：Dizzy Dizzo (蔡诗芸) - 雨过后的风景 (ID: 215382) - 标准、无损音质
[2026-04-05 12:33:17] 更新完成：成功更新 2 首歌曲
[2026-04-05 12:48:12] 开始更新音乐URL...
[2026-04-05 12:48:12] 备份创建成功：backups/music_data_2026-04-05_12-48-12.json
[2026-04-05 12:48:14] 更新成功：汪苏泷 - 如果爱忘了 (live) (ID: 2124385868) - 标准、无损音质
[2026-04-05 12:48:17] 更新成功：Dizzy Dizzo (蔡诗芸) - 雨过后的风景 (ID: 215382) - 标准、无损音质
[2026-04-05 12:48:18] 更新完成：成功更新 2 首歌曲
[2026-04-05 13:03:12] 开始更新音乐URL...
[2026-04-05 13:03:12] 备份创建成功：backups/music_data_2026-04-05_13-03-12.json
[2026-04-05 13:03:13] 更新成功：汪苏泷 - 如果爱忘了 (live) (ID: 2124385868) - 标准、无损音质
[2026-04-05 13:03:16] 更新成功：Dizzy Dizzo (蔡诗芸) - 雨过后的风景 (ID: 215382) - 标准、无损音质
[2026-04-05 13:03:16] 更新完成：成功更新 2 首歌曲
[2026-04-05 13:18:12] 开始更新音乐URL...
[2026-04-05 13:18:12] 备份创建成功：backups/music_data_2026-04-05_13-18-12.json
[2026-04-05 13:18:14] 更新成功：汪苏泷 - 如果爱忘了 (live) (ID: 2124385868) - 标准、无损音质
[2026-04-05 13:18:17] 更新成功：Dizzy Dizzo (蔡诗芸) - 雨过后的风景 (ID: 215382) - 标准、无损音质
[2026-04-05 13:18:17] 更新完成：成功更新 2 首歌曲
[2026-04-05 13:33:12] 开始更新音乐URL...
[2026-04-05 13:33:12] 备份创建成功：backups/music_data_2026-04-05_13-33-12.json
[2026-04-05 13:33:14] 更新成功：汪苏泷 - 如果爱忘了 (live) (ID: 2124385868) - 标准、无损音质
[2026-04-05 13:33:17] 更新成功：Dizzy Dizzo (蔡诗芸) - 雨过后的风景 (ID: 215382) - 标准、无损音质
[2026-04-05 13:33:17] 更新完成：成功更新 2 首歌曲
[2026-04-05 13:48:12] 开始更新音乐URL...
[2026-04-05 13:48:12] 备份创建成功：backups/music_data_2026-04-05_13-48-12.json
[2026-04-05 13:48:14] 更新成功：汪苏泷 - 如果爱忘了 (live) (ID: 2124385868) - 标准、无损音质
[2026-04-05 13:48:18] 更新成功：Dizzy Dizzo (蔡诗芸) - 雨过后的风景 (ID: 215382) - 标准、无损音质
[2026-04-05 13:48:19] 更新完成：成功更新 2 首歌曲
[2026-04-05 14:03:12] 开始更新音乐URL...
[2026-04-05 14:03:12] 备份创建成功：backups/music_data_2026-04-05_14-03-12.json
[2026-04-05 14:03:14] 更新成功：汪苏泷 - 如果爱忘了 (live) (ID: 2124385868) - 标准、无损音质
[2026-04-05 14:03:16] 更新成功：Dizzy Dizzo (蔡诗芸) - 雨过后的风景 (ID: 215382) - 标准、无损音质
[2026-04-05 14:03:16] 更新完成：成功更新 2 首歌曲
[2026-04-05 14:18:12] 开始更新音乐URL...
[2026-04-05 14:18:12] 备份创建成功：backups/music_data_2026-04-05_14-18-12.json
[2026-04-05 14:18:16] 更新成功：汪苏泷 - 如果爱忘了 (live) (ID: 2124385868) - 标准、无损音质
[2026-04-05 14:18:20] 更新成功：Dizzy Dizzo (蔡诗芸) - 雨过后的风景 (ID: 215382) - 标准、无损音质
[2026-04-05 14:18:21] 更新完成：成功更新 2 首歌曲
[2026-04-05 14:33:12] 开始更新音乐URL...
[2026-04-05 14:33:12] 备份创建成功：backups/music_data_2026-04-05_14-33-12.json
[2026-04-05 14:33:14] 更新成功：汪苏泷 - 如果爱忘了 (live) (ID: 2124385868) - 标准、无损音质
[2026-04-05 14:33:16] 更新成功：Dizzy Dizzo (蔡诗芸) - 雨过后的风景 (ID: 215382) - 标准、无损音质
[2026-04-05 14:33:17] 更新完成：成功更新 2 首歌曲
[2026-04-05 14:48:12] 开始更新音乐URL...
[2026-04-05 14:48:12] 备份创建成功：backups/music_data_2026-04-05_14-48-12.json
[2026-04-05 14:48:14] 更新成功：汪苏泷 - 如果爱忘了 (live) (ID: 2124385868) - 标准、无损音质
[2026-04-05 14:48:17] 更新成功：Dizzy Dizzo (蔡诗芸) - 雨过后的风景 (ID: 215382) - 标准、无损音质
[2026-04-05 14:48:18] 更新完成：成功更新 2 首歌曲
[2026-04-05 15:03:12] 开始更新音乐URL...
[2026-04-05 15:03:12] 备份创建成功：backups/music_data_2026-04-05_15-03-12.json
[2026-04-05 15:03:15] 更新成功：汪苏泷 - 如果爱忘了 (live) (ID: 2124385868) - 标准、无损音质
[2026-04-05 15:03:17] 更新成功：Dizzy Dizzo (蔡诗芸) - 雨过后的风景 (ID: 215382) - 标准、无损音质
[2026-04-05 15:03:17] 更新完成：成功更新 2 首歌曲
[2026-04-05 15:18:12] 开始更新音乐URL...
[2026-04-05 15:18:12] 备份创建成功：backups/music_data_2026-04-05_15-18-12.json
[2026-04-05 15:18:16] 更新成功：汪苏泷 - 如果爱忘了 (live) (ID: 2124385868) - 标准、无损音质
[2026-04-05 15:18:19] 更新成功：Dizzy Dizzo (蔡诗芸) - 雨过后的风景 (ID: 215382) - 标准、无损音质
[2026-04-05 15:18:19] 更新完成：成功更新 2 首歌曲
[2026-04-05 15:33:12] 开始更新音乐URL...
[2026-04-05 15:33:12] 备份创建成功：backups/music_data_2026-04-05_15-33-12.json
[2026-04-05 15:33:16] 更新成功：汪苏泷 - 如果爱忘了 (live) (ID: 2124385868) - 标准、无损音质
[2026-04-05 15:33:19] 更新成功：Dizzy Dizzo (蔡诗芸) - 雨过后的风景 (ID: 215382) - 标准、无损音质
[2026-04-05 15:33:20] 更新完成：成功更新 2 首歌曲
[2026-04-05 15:48:12] 开始更新音乐URL...
[2026-04-05 15:48:12] 备份创建成功：backups/music_data_2026-04-05_15-48-12.json
[2026-04-05 15:48:23] 更新成功：汪苏泷 - 如果爱忘了 (live) (ID: 2124385868) - 无损音质
[2026-04-05 15:48:27] 更新成功：Dizzy Dizzo (蔡诗芸) - 雨过后的风景 (ID: 215382) - 标准、无损音质
[2026-04-05 15:48:27] 更新完成：成功更新 2 首歌曲
[2026-04-05 16:03:12] 开始更新音乐URL...
[2026-04-05 16:03:12] 备份创建成功：backups/music_data_2026-04-05_16-03-12.json
[2026-04-05 16:03:14] 更新成功：汪苏泷 - 如果爱忘了 (live) (ID: 2124385868) - 标准、无损音质
[2026-04-05 16:03:19] 更新成功：Dizzy Dizzo (蔡诗芸) - 雨过后的风景 (ID: 215382) - 标准、无损音质
[2026-04-05 16:03:20] 更新完成：成功更新 2 首歌曲
[2026-04-05 16:18:12] 开始更新音乐URL...
[2026-04-05 16:18:12] 备份创建成功：backups/music_data_2026-04-05_16-18-12.json
[2026-04-05 16:18:15] 更新成功：汪苏泷 - 如果爱忘了 (live) (ID: 2124385868) - 标准、无损音质
[2026-04-05 16:18:20] 更新成功：Dizzy Dizzo (蔡诗芸) - 雨过后的风景 (ID: 215382) - 标准、无损音质
[2026-04-05 16:18:20] 更新完成：成功更新 2 首歌曲
[2026-04-05 16:33:12] 开始更新音乐URL...
[2026-04-05 16:33:12] 备份创建成功：backups/music_data_2026-04-05_16-33-12.json
[2026-04-05 16:33:19] 更新成功：汪苏泷 - 如果爱忘了 (live) (ID: 2124385868) - 标准音质
[2026-04-05 16:33:26] 更新成功：Dizzy Dizzo (蔡诗芸) - 雨过后的风景 (ID: 215382) - 无损音质
[2026-04-05 16:33:26] 更新完成：成功更新 2 首歌曲
[2026-04-05 16:48:12] 开始更新音乐URL...
[2026-04-05 16:48:12] 备份创建成功：backups/music_data_2026-04-05_16-48-12.json
[2026-04-05 16:48:14] 更新成功：汪苏泷 - 如果爱忘了 (live) (ID: 2124385868) - 标准、无损音质
[2026-04-05 16:48:17] 更新成功：Dizzy Dizzo (蔡诗芸) - 雨过后的风景 (ID: 215382) - 标准、无损音质
[2026-04-05 16:48:17] 更新完成：成功更新 2 首歌曲
[2026-04-05 17:03:12] 开始更新音乐URL...
[2026-04-05 17:03:12] 备份创建成功：backups/music_data_2026-04-05_17-03-12.json
[2026-04-05 17:03:14] 更新成功：汪苏泷 - 如果爱忘了 (live) (ID: 2124385868) - 标准、无损音质
[2026-04-05 17:03:17] 更新成功：Dizzy Dizzo (蔡诗芸) - 雨过后的风景 (ID: 215382) - 标准、无损音质
[2026-04-05 17:03:17] 更新完成：成功更新 2 首歌曲
[2026-04-05 17:18:12] 开始更新音乐URL...
[2026-04-05 17:18:12] 备份创建成功：backups/music_data_2026-04-05_17-18-12.json
[2026-04-05 17:18:14] 更新成功：汪苏泷 - 如果爱忘了 (live) (ID: 2124385868) - 标准、无损音质
[2026-04-05 17:18:16] 更新成功：Dizzy Dizzo (蔡诗芸) - 雨过后的风景 (ID: 215382) - 标准、无损音质
[2026-04-05 17:18:17] 更新完成：成功更新 2 首歌曲
[2026-04-05 17:33:12] 开始更新音乐URL...
[2026-04-05 17:33:12] 备份创建成功：backups/music_data_2026-04-05_17-33-12.json
[2026-04-05 17:33:14] 更新成功：汪苏泷 - 如果爱忘了 (live) (ID: 2124385868) - 标准、无损音质
[2026-04-05 17:33:16] 更新成功：Dizzy Dizzo (蔡诗芸) - 雨过后的风景 (ID: 215382) - 标准、无损音质
[2026-04-05 17:33:16] 更新完成：成功更新 2 首歌曲
[2026-04-05 17:48:17] 开始更新音乐URL...
[2026-04-05 17:48:17] 备份创建成功：backups/music_data_2026-04-05_17-48-17.json
[2026-04-05 17:48:23] 更新成功：汪苏泷 - 如果爱忘了 (live) (ID: 2124385868) - 无损音质
[2026-04-05 17:48:26] 更新成功：Dizzy Dizzo (蔡诗芸) - 雨过后的风景 (ID: 215382) - 标准、无损音质
[2026-04-05 17:48:26] 更新完成：成功更新 2 首歌曲
[2026-04-05 18:03:12] 开始更新音乐URL...
[2026-04-05 18:03:12] 备份创建成功：backups/music_data_2026-04-05_18-03-12.json
[2026-04-05 18:03:23] 更新成功：汪苏泷 - 如果爱忘了 (live) (ID: 2124385868) - 无损音质
[2026-04-05 18:03:25] 更新成功：Dizzy Dizzo (蔡诗芸) - 雨过后的风景 (ID: 215382) - 标准、无损音质
[2026-04-05 18:03:26] 更新完成：成功更新 2 首歌曲
[2026-04-05 18:18:12] 开始更新音乐URL...
[2026-04-05 18:18:12] 备份创建成功：backups/music_data_2026-04-05_18-18-12.json
[2026-04-05 18:18:14] 更新成功：汪苏泷 - 如果爱忘了 (live) (ID: 2124385868) - 标准、无损音质
[2026-04-05 18:18:16] 更新成功：Dizzy Dizzo (蔡诗芸) - 雨过后的风景 (ID: 215382) - 标准、无损音质
[2026-04-05 18:18:17] 更新完成：成功更新 2 首歌曲
[2026-04-05 18:33:12] 开始更新音乐URL...
[2026-04-05 18:33:12] 备份创建成功：backups/music_data_2026-04-05_18-33-12.json
[2026-04-05 18:33:14] 更新成功：汪苏泷 - 如果爱忘了 (live) (ID: 2124385868) - 标准、无损音质
[2026-04-05 18:33:17] 更新成功：Dizzy Dizzo (蔡诗芸) - 雨过后的风景 (ID: 215382) - 标准、无损音质
[2026-04-05 18:33:17] 更新完成：成功更新 2 首歌曲
[2026-04-05 18:48:12] 开始更新音乐URL...
[2026-04-05 18:48:12] 备份创建成功：backups/music_data_2026-04-05_18-48-12.json
[2026-04-05 18:48:14] 更新成功：汪苏泷 - 如果爱忘了 (live) (ID: 2124385868) - 标准、无损音质
[2026-04-05 18:48:16] 更新成功：Dizzy Dizzo (蔡诗芸) - 雨过后的风景 (ID: 215382) - 标准、无损音质
[2026-04-05 18:48:16] 更新完成：成功更新 2 首歌曲
[2026-04-05 19:03:12] 开始更新音乐URL...
[2026-04-05 19:03:12] 备份创建成功：backups/music_data_2026-04-05_19-03-12.json
[2026-04-05 19:03:14] 更新成功：汪苏泷 - 如果爱忘了 (live) (ID: 2124385868) - 标准、无损音质
[2026-04-05 19:03:18] 更新成功：Dizzy Dizzo (蔡诗芸) - 雨过后的风景 (ID: 215382) - 标准、无损音质
[2026-04-05 19:03:18] 更新完成：成功更新 2 首歌曲
[2026-04-05 19:18:12] 开始更新音乐URL...
[2026-04-05 19:18:12] 备份创建成功：backups/music_data_2026-04-05_19-18-12.json
[2026-04-05 19:18:14] 更新成功：汪苏泷 - 如果爱忘了 (live) (ID: 2124385868) - 标准、无损音质
[2026-04-05 19:18:16] 更新成功：Dizzy Dizzo (蔡诗芸) - 雨过后的风景 (ID: 215382) - 标准、无损音质
[2026-04-05 19:18:16] 更新完成：成功更新 2 首歌曲
[2026-04-05 19:33:12] 开始更新音乐URL...
[2026-04-05 19:33:12] 备份创建成功：backups/music_data_2026-04-05_19-33-12.json
[2026-04-05 19:33:20] 更新成功：汪苏泷 - 如果爱忘了 (live) (ID: 2124385868) - 无损音质
[2026-04-05 19:33:23] 更新成功：Dizzy Dizzo (蔡诗芸) - 雨过后的风景 (ID: 215382) - 标准、无损音质
[2026-04-05 19:33:23] 更新完成：成功更新 2 首歌曲
[2026-04-05 19:48:17] 开始更新音乐URL...
[2026-04-05 19:48:17] 备份创建成功：backups/music_data_2026-04-05_19-48-17.json
[2026-04-05 19:48:19] 更新成功：汪苏泷 - 如果爱忘了 (live) (ID: 2124385868) - 标准、无损音质
[2026-04-05 19:48:21] 更新成功：Dizzy Dizzo (蔡诗芸) - 雨过后的风景 (ID: 215382) - 标准、无损音质
[2026-04-05 19:48:21] 更新完成：成功更新 2 首歌曲
[2026-04-05 20:03:12] 开始更新音乐URL...
[2026-04-05 20:03:12] 备份创建成功：backups/music_data_2026-04-05_20-03-12.json
[2026-04-05 20:03:15] 更新成功：汪苏泷 - 如果爱忘了 (live) (ID: 2124385868) - 标准、无损音质
[2026-04-05 20:03:18] 更新成功：Dizzy Dizzo (蔡诗芸) - 雨过后的风景 (ID: 215382) - 标准、无损音质
[2026-04-05 20:03:18] 更新完成：成功更新 2 首歌曲
[2026-04-05 20:18:12] 开始更新音乐URL...
[2026-04-05 20:18:12] 备份创建成功：backups/music_data_2026-04-05_20-18-12.json
[2026-04-05 20:18:14] 更新成功：汪苏泷 - 如果爱忘了 (live) (ID: 2124385868) - 标准、无损音质
[2026-04-05 20:18:16] 更新成功：Dizzy Dizzo (蔡诗芸) - 雨过后的风景 (ID: 215382) - 标准、无损音质
[2026-04-05 20:18:17] 更新完成：成功更新 2 首歌曲
[2026-04-05 20:33:12] 开始更新音乐URL...
[2026-04-05 20:33:12] 备份创建成功：backups/music_data_2026-04-05_20-33-12.json
[2026-04-05 20:33:14] 更新成功：汪苏泷 - 如果爱忘了 (live) (ID: 2124385868) - 标准、无损音质
[2026-04-05 20:33:16] 更新成功：Dizzy Dizzo (蔡诗芸) - 雨过后的风景 (ID: 215382) - 标准、无损音质
[2026-04-05 20:33:16] 更新完成：成功更新 2 首歌曲
[2026-04-05 20:48:12] 开始更新音乐URL...
[2026-04-05 20:48:12] 备份创建成功：backups/music_data_2026-04-05_20-48-12.json
[2026-04-05 20:48:14] 更新成功：汪苏泷 - 如果爱忘了 (live) (ID: 2124385868) - 标准、无损音质
[2026-04-05 20:48:16] 更新成功：Dizzy Dizzo (蔡诗芸) - 雨过后的风景 (ID: 215382) - 标准、无损音质
[2026-04-05 20:48:16] 更新完成：成功更新 2 首歌曲
[2026-04-05 21:03:12] 开始更新音乐URL...
[2026-04-05 21:03:12] 备份创建成功：backups/music_data_2026-04-05_21-03-12.json
[2026-04-05 21:03:14] 更新成功：汪苏泷 - 如果爱忘了 (live) (ID: 2124385868) - 标准、无损音质
[2026-04-05 21:03:16] 更新成功：Dizzy Dizzo (蔡诗芸) - 雨过后的风景 (ID: 215382) - 标准、无损音质
[2026-04-05 21:03:16] 更新完成：成功更新 2 首歌曲
[2026-04-05 21:18:12] 开始更新音乐URL...
[2026-04-05 21:18:12] 备份创建成功：backups/music_data_2026-04-05_21-18-12.json
[2026-04-05 21:18:14] 更新成功：汪苏泷 - 如果爱忘了 (live) (ID: 2124385868) - 标准、无损音质
[2026-04-05 21:18:16] 更新成功：Dizzy Dizzo (蔡诗芸) - 雨过后的风景 (ID: 215382) - 标准、无损音质
[2026-04-05 21:18:17] 更新完成：成功更新 2 首歌曲
[2026-04-05 21:33:12] 开始更新音乐URL...
[2026-04-05 21:33:12] 备份创建成功：backups/music_data_2026-04-05_21-33-12.json
[2026-04-05 21:33:14] 更新成功：汪苏泷 - 如果爱忘了 (live) (ID: 2124385868) - 标准、无损音质
[2026-04-05 21:33:17] 更新成功：Dizzy Dizzo (蔡诗芸) - 雨过后的风景 (ID: 215382) - 标准、无损音质
[2026-04-05 21:33:17] 更新完成：成功更新 2 首歌曲
[2026-04-05 21:48:12] 开始更新音乐URL...
[2026-04-05 21:48:12] 备份创建成功：backups/music_data_2026-04-05_21-48-12.json
[2026-04-05 21:48:14] 更新成功：汪苏泷 - 如果爱忘了 (live) (ID: 2124385868) - 标准、无损音质
[2026-04-05 21:48:16] 更新成功：Dizzy Dizzo (蔡诗芸) - 雨过后的风景 (ID: 215382) - 标准、无损音质
[2026-04-05 21:48:17] 更新完成：成功更新 2 首歌曲
[2026-04-05 22:03:12] 开始更新音乐URL...
[2026-04-05 22:03:12] 备份创建成功：backups/music_data_2026-04-05_22-03-12.json
[2026-04-05 22:03:14] 更新成功：汪苏泷 - 如果爱忘了 (live) (ID: 2124385868) - 标准、无损音质
[2026-04-05 22:03:16] 更新成功：Dizzy Dizzo (蔡诗芸) - 雨过后的风景 (ID: 215382) - 标准、无损音质
[2026-04-05 22:03:17] 更新完成：成功更新 2 首歌曲
[2026-04-05 22:18:12] 开始更新音乐URL...
[2026-04-05 22:18:12] 备份创建成功：backups/music_data_2026-04-05_22-18-12.json
[2026-04-05 22:18:14] 更新成功：汪苏泷 - 如果爱忘了 (live) (ID: 2124385868) - 标准、无损音质
[2026-04-05 22:18:17] 更新成功：Dizzy Dizzo (蔡诗芸) - 雨过后的风景 (ID: 215382) - 标准、无损音质
[2026-04-05 22:18:17] 更新完成：成功更新 2 首歌曲
[2026-04-05 22:33:12] 开始更新音乐URL...
[2026-04-05 22:33:12] 备份创建成功：backups/music_data_2026-04-05_22-33-12.json
[2026-04-05 22:33:14] 更新成功：汪苏泷 - 如果爱忘了 (live) (ID: 2124385868) - 标准、无损音质
[2026-04-05 22:33:17] 更新成功：Dizzy Dizzo (蔡诗芸) - 雨过后的风景 (ID: 215382) - 标准、无损音质
[2026-04-05 22:33:17] 更新完成：成功更新 2 首歌曲
[2026-04-05 22:48:12] 开始更新音乐URL...
[2026-04-05 22:48:12] 备份创建成功：backups/music_data_2026-04-05_22-48-12.json
[2026-04-05 22:48:17] 更新成功：汪苏泷 - 如果爱忘了 (live) (ID: 2124385868) - 标准、无损音质
[2026-04-05 22:48:22] 更新成功：Dizzy Dizzo (蔡诗芸) - 雨过后的风景 (ID: 215382) - 标准、无损音质
[2026-04-05 22:48:23] 更新完成：成功更新 2 首歌曲
[2026-04-05 23:03:12] 开始更新音乐URL...
[2026-04-05 23:03:12] 备份创建成功：backups/music_data_2026-04-05_23-03-12.json
[2026-04-05 23:03:14] 更新成功：汪苏泷 - 如果爱忘了 (live) (ID: 2124385868) - 标准、无损音质
[2026-04-05 23:03:18] 更新成功：Dizzy Dizzo (蔡诗芸) - 雨过后的风景 (ID: 215382) - 标准、无损音质
[2026-04-05 23:03:18] 更新完成：成功更新 2 首歌曲
[2026-04-05 23:18:12] 开始更新音乐URL...
[2026-04-05 23:18:12] 备份创建成功：backups/music_data_2026-04-05_23-18-12.json
[2026-04-05 23:18:15] 更新成功：汪苏泷 - 如果爱忘了 (live) (ID: 2124385868) - 标准、无损音质
[2026-04-05 23:18:17] 更新成功：Dizzy Dizzo (蔡诗芸) - 雨过后的风景 (ID: 215382) - 标准、无损音质
[2026-04-05 23:18:18] 更新完成：成功更新 2 首歌曲
[2026-04-05 23:33:12] 开始更新音乐URL...
[2026-04-05 23:33:12] 备份创建成功：backups/music_data_2026-04-05_23-33-12.json
[2026-04-05 23:33:13] 更新成功：汪苏泷 - 如果爱忘了 (live) (ID: 2124385868) - 标准、无损音质
[2026-04-05 23:33:16] 更新成功：Dizzy Dizzo (蔡诗芸) - 雨过后的风景 (ID: 215382) - 标准、无损音质
[2026-04-05 23:33:17] 更新完成：成功更新 2 首歌曲
[2026-04-05 23:48:12] 开始更新音乐URL...
[2026-04-05 23:48:12] 备份创建成功：backups/music_data_2026-04-05_23-48-12.json
[2026-04-05 23:48:14] 更新成功：汪苏泷 - 如果爱忘了 (live) (ID: 2124385868) - 标准、无损音质
[2026-04-05 23:48:18] 更新成功：Dizzy Dizzo (蔡诗芸) - 雨过后的风景 (ID: 215382) - 标准、无损音质
[2026-04-05 23:48:19] 更新完成：成功更新 2 首歌曲
[2026-04-06 00:03:12] 开始更新音乐URL...
[2026-04-06 00:03:12] 备份创建成功：backups/music_data_2026-04-06_00-03-12.json
[2026-04-06 00:03:15] 更新成功：汪苏泷 - 如果爱忘了 (live) (ID: 2124385868) - 标准、无损音质
[2026-04-06 00:03:20] 更新成功：Dizzy Dizzo (蔡诗芸) - 雨过后的风景 (ID: 215382) - 标准、无损音质
[2026-04-06 00:03:20] 更新完成：成功更新 2 首歌曲
[2026-04-06 00:18:12] 开始更新音乐URL...
[2026-04-06 00:18:12] 备份创建成功：backups/music_data_2026-04-06_00-18-12.json
[2026-04-06 00:18:14] 更新成功：汪苏泷 - 如果爱忘了 (live) (ID: 2124385868) - 标准、无损音质
[2026-04-06 00:18:16] 更新成功：Dizzy Dizzo (蔡诗芸) - 雨过后的风景 (ID: 215382) - 标准、无损音质
[2026-04-06 00:18:17] 更新完成：成功更新 2 首歌曲
[2026-04-06 00:33:12] 开始更新音乐URL...
[2026-04-06 00:33:12] 备份创建成功：backups/music_data_2026-04-06_00-33-12.json
[2026-04-06 00:33:14] 更新成功：汪苏泷 - 如果爱忘了 (live) (ID: 2124385868) - 标准、无损音质
[2026-04-06 00:33:17] 更新成功：Dizzy Dizzo (蔡诗芸) - 雨过后的风景 (ID: 215382) - 标准、无损音质
[2026-04-06 00:33:17] 更新完成：成功更新 2 首歌曲
[2026-04-06 00:48:12] 开始更新音乐URL...
[2026-04-06 00:48:12] 备份创建成功：backups/music_data_2026-04-06_00-48-12.json
[2026-04-06 00:48:14] 更新成功：汪苏泷 - 如果爱忘了 (live) (ID: 2124385868) - 标准、无损音质
[2026-04-06 00:48:17] 更新成功：Dizzy Dizzo (蔡诗芸) - 雨过后的风景 (ID: 215382) - 标准、无损音质
[2026-04-06 00:48:18] 更新完成：成功更新 2 首歌曲
[2026-04-06 01:03:12] 开始更新音乐URL...
[2026-04-06 01:03:12] 备份创建成功：backups/music_data_2026-04-06_01-03-12.json
[2026-04-06 01:03:14] 更新成功：汪苏泷 - 如果爱忘了 (live) (ID: 2124385868) - 标准、无损音质
[2026-04-06 01:03:16] 更新成功：Dizzy Dizzo (蔡诗芸) - 雨过后的风景 (ID: 215382) - 标准、无损音质
[2026-04-06 01:03:17] 更新完成：成功更新 2 首歌曲
[2026-04-06 01:18:12] 开始更新音乐URL...
[2026-04-06 01:18:12] 备份创建成功：backups/music_data_2026-04-06_01-18-12.json
[2026-04-06 01:18:14] 更新成功：汪苏泷 - 如果爱忘了 (live) (ID: 2124385868) - 标准、无损音质
[2026-04-06 01:18:16] 更新成功：Dizzy Dizzo (蔡诗芸) - 雨过后的风景 (ID: 215382) - 标准、无损音质
[2026-04-06 01:18:17] 更新完成：成功更新 2 首歌曲
[2026-04-06 01:33:12] 开始更新音乐URL...
[2026-04-06 01:33:12] 备份创建成功：backups/music_data_2026-04-06_01-33-12.json
[2026-04-06 01:33:14] 更新成功：汪苏泷 - 如果爱忘了 (live) (ID: 2124385868) - 标准、无损音质
[2026-04-06 01:33:16] 更新成功：Dizzy Dizzo (蔡诗芸) - 雨过后的风景 (ID: 215382) - 标准、无损音质
[2026-04-06 01:33:17] 更新完成：成功更新 2 首歌曲
[2026-04-06 01:48:12] 开始更新音乐URL...
[2026-04-06 01:48:12] 备份创建成功：backups/music_data_2026-04-06_01-48-12.json
[2026-04-06 01:48:14] 更新成功：汪苏泷 - 如果爱忘了 (live) (ID: 2124385868) - 标准、无损音质
[2026-04-06 01:48:17] 更新成功：Dizzy Dizzo (蔡诗芸) - 雨过后的风景 (ID: 215382) - 标准、无损音质
[2026-04-06 01:48:18] 更新完成：成功更新 2 首歌曲
[2026-04-06 02:03:12] 开始更新音乐URL...
[2026-04-06 02:03:12] 备份创建成功：backups/music_data_2026-04-06_02-03-12.json
[2026-04-06 02:03:14] 更新成功：汪苏泷 - 如果爱忘了 (live) (ID: 2124385868) - 标准、无损音质
[2026-04-06 02:03:17] 更新成功：Dizzy Dizzo (蔡诗芸) - 雨过后的风景 (ID: 215382) - 标准、无损音质
[2026-04-06 02:03:17] 更新完成：成功更新 2 首歌曲
[2026-04-06 02:18:12] 开始更新音乐URL...
[2026-04-06 02:18:12] 备份创建成功：backups/music_data_2026-04-06_02-18-12.json
[2026-04-06 02:18:14] 更新成功：汪苏泷 - 如果爱忘了 (live) (ID: 2124385868) - 标准、无损音质
[2026-04-06 02:18:16] 更新成功：Dizzy Dizzo (蔡诗芸) - 雨过后的风景 (ID: 215382) - 标准、无损音质
[2026-04-06 02:18:16] 更新完成：成功更新 2 首歌曲
[2026-04-06 02:33:12] 开始更新音乐URL...
[2026-04-06 02:33:12] 备份创建成功：backups/music_data_2026-04-06_02-33-12.json
[2026-04-06 02:33:14] 更新成功：汪苏泷 - 如果爱忘了 (live) (ID: 2124385868) - 标准、无损音质
[2026-04-06 02:33:16] 更新成功：Dizzy Dizzo (蔡诗芸) - 雨过后的风景 (ID: 215382) - 标准、无损音质
[2026-04-06 02:33:17] 更新完成：成功更新 2 首歌曲
[2026-04-06 02:48:12] 开始更新音乐URL...
[2026-04-06 02:48:12] 备份创建成功：backups/music_data_2026-04-06_02-48-12.json
[2026-04-06 02:48:14] 更新成功：汪苏泷 - 如果爱忘了 (live) (ID: 2124385868) - 标准、无损音质
[2026-04-06 02:48:17] 更新成功：Dizzy Dizzo (蔡诗芸) - 雨过后的风景 (ID: 215382) - 标准、无损音质
[2026-04-06 02:48:17] 更新完成：成功更新 2 首歌曲
[2026-04-06 03:03:12] 开始更新音乐URL...
[2026-04-06 03:03:12] 备份创建成功：backups/music_data_2026-04-06_03-03-12.json
[2026-04-06 03:03:14] 更新成功：汪苏泷 - 如果爱忘了 (live) (ID: 2124385868) - 标准、无损音质
[2026-04-06 03:03:16] 更新成功：Dizzy Dizzo (蔡诗芸) - 雨过后的风景 (ID: 215382) - 标准、无损音质
[2026-04-06 03:03:17] 更新完成：成功更新 2 首歌曲
[2026-04-06 03:18:12] 开始更新音乐URL...
[2026-04-06 03:18:12] 备份创建成功：backups/music_data_2026-04-06_03-18-12.json
[2026-04-06 03:18:14] 更新成功：汪苏泷 - 如果爱忘了 (live) (ID: 2124385868) - 标准、无损音质
[2026-04-06 03:18:17] 更新成功：Dizzy Dizzo (蔡诗芸) - 雨过后的风景 (ID: 215382) - 标准、无损音质
[2026-04-06 03:18:17] 更新完成：成功更新 2 首歌曲
[2026-04-06 03:33:12] 开始更新音乐URL...
[2026-04-06 03:33:12] 备份创建成功：backups/music_data_2026-04-06_03-33-12.json
[2026-04-06 03:33:14] 更新成功：汪苏泷 - 如果爱忘了 (live) (ID: 2124385868) - 标准、无损音质
[2026-04-06 03:33:16] 更新成功：Dizzy Dizzo (蔡诗芸) - 雨过后的风景 (ID: 215382) - 标准、无损音质
[2026-04-06 03:33:17] 更新完成：成功更新 2 首歌曲
[2026-04-06 03:48:12] 开始更新音乐URL...
[2026-04-06 03:48:12] 备份创建成功：backups/music_data_2026-04-06_03-48-12.json
[2026-04-06 03:48:14] 更新成功：汪苏泷 - 如果爱忘了 (live) (ID: 2124385868) - 标准、无损音质
[2026-04-06 03:48:17] 更新成功：Dizzy Dizzo (蔡诗芸) - 雨过后的风景 (ID: 215382) - 标准、无损音质
[2026-04-06 03:48:17] 更新完成：成功更新 2 首歌曲
[2026-04-06 04:03:12] 开始更新音乐URL...
[2026-04-06 04:03:12] 备份创建成功：backups/music_data_2026-04-06_04-03-12.json
[2026-04-06 04:03:14] 更新成功：汪苏泷 - 如果爱忘了 (live) (ID: 2124385868) - 标准、无损音质
[2026-04-06 04:03:17] 更新成功：Dizzy Dizzo (蔡诗芸) - 雨过后的风景 (ID: 215382) - 标准、无损音质
[2026-04-06 04:03:17] 更新完成：成功更新 2 首歌曲
[2026-04-06 04:18:12] 开始更新音乐URL...
[2026-04-06 04:18:12] 备份创建成功：backups/music_data_2026-04-06_04-18-12.json
[2026-04-06 04:18:14] 更新成功：汪苏泷 - 如果爱忘了 (live) (ID: 2124385868) - 标准、无损音质
[2026-04-06 04:18:17] 更新成功：Dizzy Dizzo (蔡诗芸) - 雨过后的风景 (ID: 215382) - 标准、无损音质
[2026-04-06 04:18:17] 更新完成：成功更新 2 首歌曲
[2026-04-06 04:33:12] 开始更新音乐URL...
[2026-04-06 04:33:12] 备份创建成功：backups/music_data_2026-04-06_04-33-12.json
[2026-04-06 04:33:13] 更新成功：汪苏泷 - 如果爱忘了 (live) (ID: 2124385868) - 标准、无损音质
[2026-04-06 04:33:16] 更新成功：Dizzy Dizzo (蔡诗芸) - 雨过后的风景 (ID: 215382) - 标准、无损音质
[2026-04-06 04:33:17] 更新完成：成功更新 2 首歌曲
[2026-04-06 04:48:12] 开始更新音乐URL...
[2026-04-06 04:48:12] 备份创建成功：backups/music_data_2026-04-06_04-48-12.json
[2026-04-06 04:48:14] 更新成功：汪苏泷 - 如果爱忘了 (live) (ID: 2124385868) - 标准、无损音质
[2026-04-06 04:48:16] 更新成功：Dizzy Dizzo (蔡诗芸) - 雨过后的风景 (ID: 215382) - 标准、无损音质
[2026-04-06 04:48:17] 更新完成：成功更新 2 首歌曲
[2026-04-06 05:03:12] 开始更新音乐URL...
[2026-04-06 05:03:12] 备份创建成功：backups/music_data_2026-04-06_05-03-12.json
[2026-04-06 05:03:15] 更新成功：汪苏泷 - 如果爱忘了 (live) (ID: 2124385868) - 标准、无损音质
[2026-04-06 05:03:17] 更新成功：Dizzy Dizzo (蔡诗芸) - 雨过后的风景 (ID: 215382) - 标准、无损音质
[2026-04-06 05:03:17] 更新完成：成功更新 2 首歌曲
[2026-04-06 05:18:12] 开始更新音乐URL...
[2026-04-06 05:18:12] 备份创建成功：backups/music_data_2026-04-06_05-18-12.json
[2026-04-06 05:18:14] 更新成功：汪苏泷 - 如果爱忘了 (live) (ID: 2124385868) - 标准、无损音质
[2026-04-06 05:18:16] 更新成功：Dizzy Dizzo (蔡诗芸) - 雨过后的风景 (ID: 215382) - 标准、无损音质
[2026-04-06 05:18:16] 更新完成：成功更新 2 首歌曲
[2026-04-06 05:33:12] 开始更新音乐URL...
[2026-04-06 05:33:12] 备份创建成功：backups/music_data_2026-04-06_05-33-12.json
[2026-04-06 05:33:14] 更新成功：汪苏泷 - 如果爱忘了 (live) (ID: 2124385868) - 标准、无损音质
[2026-04-06 05:33:16] 更新成功：Dizzy Dizzo (蔡诗芸) - 雨过后的风景 (ID: 215382) - 标准、无损音质
[2026-04-06 05:33:17] 更新完成：成功更新 2 首歌曲
[2026-04-06 05:48:12] 开始更新音乐URL...
[2026-04-06 05:48:12] 备份创建成功：backups/music_data_2026-04-06_05-48-12.json
[2026-04-06 05:48:14] 更新成功：汪苏泷 - 如果爱忘了 (live) (ID: 2124385868) - 标准、无损音质
[2026-04-06 05:48:16] 更新成功：Dizzy Dizzo (蔡诗芸) - 雨过后的风景 (ID: 215382) - 标准、无损音质
[2026-04-06 05:48:17] 更新完成：成功更新 2 首歌曲
[2026-04-06 06:03:12] 开始更新音乐URL...
[2026-04-06 06:03:12] 备份创建成功：backups/music_data_2026-04-06_06-03-12.json
[2026-04-06 06:03:14] 更新成功：汪苏泷 - 如果爱忘了 (live) (ID: 2124385868) - 标准、无损音质
[2026-04-06 06:03:16] 更新成功：Dizzy Dizzo (蔡诗芸) - 雨过后的风景 (ID: 215382) - 标准、无损音质
[2026-04-06 06:03:17] 更新完成：成功更新 2 首歌曲
[2026-04-06 06:18:12] 开始更新音乐URL...
[2026-04-06 06:18:12] 备份创建成功：backups/music_data_2026-04-06_06-18-12.json
[2026-04-06 06:18:14] 更新成功：汪苏泷 - 如果爱忘了 (live) (ID: 2124385868) - 标准、无损音质
[2026-04-06 06:18:17] 更新成功：Dizzy Dizzo (蔡诗芸) - 雨过后的风景 (ID: 215382) - 标准、无损音质
[2026-04-06 06:18:17] 更新完成：成功更新 2 首歌曲
[2026-04-06 06:33:12] 开始更新音乐URL...
[2026-04-06 06:33:12] 备份创建成功：backups/music_data_2026-04-06_06-33-12.json
[2026-04-06 06:33:14] 更新成功：汪苏泷 - 如果爱忘了 (live) (ID: 2124385868) - 标准、无损音质
[2026-04-06 06:33:16] 更新成功：Dizzy Dizzo (蔡诗芸) - 雨过后的风景 (ID: 215382) - 标准、无损音质
[2026-04-06 06:33:17] 更新完成：成功更新 2 首歌曲
[2026-04-06 06:48:12] 开始更新音乐URL...
[2026-04-06 06:48:12] 备份创建成功：backups/music_data_2026-04-06_06-48-12.json
[2026-04-06 06:48:14] 更新成功：汪苏泷 - 如果爱忘了 (live) (ID: 2124385868) - 标准、无损音质
[2026-04-06 06:48:17] 更新成功：Dizzy Dizzo (蔡诗芸) - 雨过后的风景 (ID: 215382) - 标准、无损音质
[2026-04-06 06:48:17] 更新完成：成功更新 2 首歌曲
[2026-04-06 07:03:12] 开始更新音乐URL...
[2026-04-06 07:03:12] 备份创建成功：backups/music_data_2026-04-06_07-03-12.json
[2026-04-06 07:03:14] 更新成功：汪苏泷 - 如果爱忘了 (live) (ID: 2124385868) - 标准、无损音质
[2026-04-06 07:03:16] 更新成功：Dizzy Dizzo (蔡诗芸) - 雨过后的风景 (ID: 215382) - 标准、无损音质
[2026-04-06 07:03:17] 更新完成：成功更新 2 首歌曲
[2026-04-06 07:18:12] 开始更新音乐URL...
[2026-04-06 07:18:12] 备份创建成功：backups/music_data_2026-04-06_07-18-12.json
[2026-04-06 07:18:14] 更新成功：汪苏泷 - 如果爱忘了 (live) (ID: 2124385868) - 标准、无损音质
[2026-04-06 07:18:17] 更新成功：Dizzy Dizzo (蔡诗芸) - 雨过后的风景 (ID: 215382) - 标准、无损音质
[2026-04-06 07:18:18] 更新完成：成功更新 2 首歌曲
[2026-04-06 07:33:12] 开始更新音乐URL...
[2026-04-06 07:33:12] 备份创建成功：backups/music_data_2026-04-06_07-33-12.json
[2026-04-06 07:33:15] 更新成功：汪苏泷 - 如果爱忘了 (live) (ID: 2124385868) - 标准、无损音质
[2026-04-06 07:33:17] 更新成功：Dizzy Dizzo (蔡诗芸) - 雨过后的风景 (ID: 215382) - 标准、无损音质
[2026-04-06 07:33:18] 更新完成：成功更新 2 首歌曲
[2026-04-06 07:48:12] 开始更新音乐URL...
[2026-04-06 07:48:12] 备份创建成功：backups/music_data_2026-04-06_07-48-12.json
[2026-04-06 07:48:14] 更新成功：汪苏泷 - 如果爱忘了 (live) (ID: 2124385868) - 标准、无损音质
[2026-04-06 07:48:17] 更新成功：Dizzy Dizzo (蔡诗芸) - 雨过后的风景 (ID: 215382) - 标准、无损音质
[2026-04-06 07:48:17] 更新完成：成功更新 2 首歌曲
[2026-04-06 08:03:12] 开始更新音乐URL...
[2026-04-06 08:03:12] 备份创建成功：backups/music_data_2026-04-06_08-03-12.json
[2026-04-06 08:03:14] 更新成功：汪苏泷 - 如果爱忘了 (live) (ID: 2124385868) - 标准、无损音质
[2026-04-06 08:03:16] 更新成功：Dizzy Dizzo (蔡诗芸) - 雨过后的风景 (ID: 215382) - 标准、无损音质
[2026-04-06 08:03:16] 更新完成：成功更新 2 首歌曲
[2026-04-06 08:18:12] 开始更新音乐URL...
[2026-04-06 08:18:12] 备份创建成功：backups/music_data_2026-04-06_08-18-12.json
[2026-04-06 08:18:15] 更新成功：汪苏泷 - 如果爱忘了 (live) (ID: 2124385868) - 标准、无损音质
[2026-04-06 08:18:18] 更新成功：Dizzy Dizzo (蔡诗芸) - 雨过后的风景 (ID: 215382) - 标准、无损音质
[2026-04-06 08:18:18] 更新完成：成功更新 2 首歌曲
[2026-04-06 08:33:12] 开始更新音乐URL...
[2026-04-06 08:33:12] 备份创建成功：backups/music_data_2026-04-06_08-33-12.json
[2026-04-06 08:33:15] 更新成功：汪苏泷 - 如果爱忘了 (live) (ID: 2124385868) - 标准、无损音质
[2026-04-06 08:33:18] 更新成功：Dizzy Dizzo (蔡诗芸) - 雨过后的风景 (ID: 215382) - 标准、无损音质
[2026-04-06 08:33:18] 更新完成：成功更新 2 首歌曲
[2026-04-06 08:48:12] 开始更新音乐URL...
[2026-04-06 08:48:12] 备份创建成功：backups/music_data_2026-04-06_08-48-12.json
[2026-04-06 08:48:15] 更新成功：汪苏泷 - 如果爱忘了 (live) (ID: 2124385868) - 标准、无损音质
[2026-04-06 08:48:18] 更新成功：Dizzy Dizzo (蔡诗芸) - 雨过后的风景 (ID: 215382) - 标准、无损音质
[2026-04-06 08:48:18] 更新完成：成功更新 2 首歌曲
[2026-04-06 09:03:12] 开始更新音乐URL...
[2026-04-06 09:03:12] 备份创建成功：backups/music_data_2026-04-06_09-03-12.json
[2026-04-06 09:03:14] 更新成功：汪苏泷 - 如果爱忘了 (live) (ID: 2124385868) - 标准、无损音质
[2026-04-06 09:03:16] 更新成功：Dizzy Dizzo (蔡诗芸) - 雨过后的风景 (ID: 215382) - 标准、无损音质
[2026-04-06 09:03:17] 更新完成：成功更新 2 首歌曲
[2026-04-06 09:18:12] 开始更新音乐URL...
[2026-04-06 09:18:12] 备份创建成功：backups/music_data_2026-04-06_09-18-12.json
[2026-04-06 09:18:14] 更新成功：汪苏泷 - 如果爱忘了 (live) (ID: 2124385868) - 标准、无损音质
[2026-04-06 09:18:16] 更新成功：Dizzy Dizzo (蔡诗芸) - 雨过后的风景 (ID: 215382) - 标准、无损音质
[2026-04-06 09:18:17] 更新完成：成功更新 2 首歌曲
[2026-04-06 09:33:12] 开始更新音乐URL...
[2026-04-06 09:33:12] 备份创建成功：backups/music_data_2026-04-06_09-33-12.json
[2026-04-06 09:33:15] 更新成功：汪苏泷 - 如果爱忘了 (live) (ID: 2124385868) - 标准、无损音质
[2026-04-06 09:33:18] 更新成功：Dizzy Dizzo (蔡诗芸) - 雨过后的风景 (ID: 215382) - 标准、无损音质
[2026-04-06 09:33:18] 更新完成：成功更新 2 首歌曲
[2026-04-06 09:48:12] 开始更新音乐URL...
[2026-04-06 09:48:12] 备份创建成功：backups/music_data_2026-04-06_09-48-12.json
[2026-04-06 09:48:15] 更新成功：汪苏泷 - 如果爱忘了 (live) (ID: 2124385868) - 标准、无损音质
[2026-04-06 09:48:17] 更新成功：Dizzy Dizzo (蔡诗芸) - 雨过后的风景 (ID: 215382) - 标准、无损音质
[2026-04-06 09:48:18] 更新完成：成功更新 2 首歌曲
[2026-04-06 10:03:12] 开始更新音乐URL...
[2026-04-06 10:03:12] 备份创建成功：backups/music_data_2026-04-06_10-03-12.json
[2026-04-06 10:03:15] 更新成功：汪苏泷 - 如果爱忘了 (live) (ID: 2124385868) - 标准、无损音质
[2026-04-06 10:03:17] 更新成功：Dizzy Dizzo (蔡诗芸) - 雨过后的风景 (ID: 215382) - 标准、无损音质
[2026-04-06 10:03:18] 更新完成：成功更新 2 首歌曲
[2026-04-06 10:18:12] 开始更新音乐URL...
[2026-04-06 10:18:12] 备份创建成功：backups/music_data_2026-04-06_10-18-12.json
[2026-04-06 10:18:14] 更新成功：汪苏泷 - 如果爱忘了 (live) (ID: 2124385868) - 标准、无损音质
[2026-04-06 10:18:16] 更新成功：Dizzy Dizzo (蔡诗芸) - 雨过后的风景 (ID: 215382) - 标准、无损音质
[2026-04-06 10:18:17] 更新完成：成功更新 2 首歌曲
[2026-04-06 10:33:12] 开始更新音乐URL...
[2026-04-06 10:33:12] 备份创建成功：backups/music_data_2026-04-06_10-33-12.json
[2026-04-06 10:33:14] 更新成功：汪苏泷 - 如果爱忘了 (live) (ID: 2124385868) - 标准、无损音质
[2026-04-06 10:33:16] 更新成功：Dizzy Dizzo (蔡诗芸) - 雨过后的风景 (ID: 215382) - 标准、无损音质
[2026-04-06 10:33:16] 更新完成：成功更新 2 首歌曲
[2026-04-06 10:48:12] 开始更新音乐URL...
[2026-04-06 10:48:12] 备份创建成功：backups/music_data_2026-04-06_10-48-12.json
[2026-04-06 10:48:14] 更新成功：汪苏泷 - 如果爱忘了 (live) (ID: 2124385868) - 标准、无损音质
[2026-04-06 10:48:18] 更新成功：Dizzy Dizzo (蔡诗芸) - 雨过后的风景 (ID: 215382) - 标准、无损音质
[2026-04-06 10:48:18] 更新完成：成功更新 2 首歌曲
[2026-04-06 11:03:12] 开始更新音乐URL...
[2026-04-06 11:03:12] 备份创建成功：backups/music_data_2026-04-06_11-03-12.json
[2026-04-06 11:03:14] 更新成功：汪苏泷 - 如果爱忘了 (live) (ID: 2124385868) - 标准、无损音质
[2026-04-06 11:03:16] 更新成功：Dizzy Dizzo (蔡诗芸) - 雨过后的风景 (ID: 215382) - 标准、无损音质
[2026-04-06 11:03:17] 更新完成：成功更新 2 首歌曲
[2026-04-06 11:18:12] 开始更新音乐URL...
[2026-04-06 11:18:12] 备份创建成功：backups/music_data_2026-04-06_11-18-12.json
[2026-04-06 11:18:14] 更新成功：汪苏泷 - 如果爱忘了 (live) (ID: 2124385868) - 标准、无损音质
[2026-04-06 11:18:16] 更新成功：Dizzy Dizzo (蔡诗芸) - 雨过后的风景 (ID: 215382) - 标准、无损音质
[2026-04-06 11:18:17] 更新完成：成功更新 2 首歌曲
[2026-04-06 11:33:12] 开始更新音乐URL...
[2026-04-06 11:33:12] 备份创建成功：backups/music_data_2026-04-06_11-33-12.json
[2026-04-06 11:33:14] 更新成功：汪苏泷 - 如果爱忘了 (live) (ID: 2124385868) - 标准、无损音质
[2026-04-06 11:33:16] 更新成功：Dizzy Dizzo (蔡诗芸) - 雨过后的风景 (ID: 215382) - 标准、无损音质
[2026-04-06 11:33:17] 更新完成：成功更新 2 首歌曲
[2026-04-06 11:48:12] 开始更新音乐URL...
[2026-04-06 11:48:12] 备份创建成功：backups/music_data_2026-04-06_11-48-12.json
[2026-04-06 11:48:14] 更新成功：汪苏泷 - 如果爱忘了 (live) (ID: 2124385868) - 标准、无损音质
[2026-04-06 11:48:17] 更新成功：Dizzy Dizzo (蔡诗芸) - 雨过后的风景 (ID: 215382) - 标准、无损音质
[2026-04-06 11:48:17] 更新完成：成功更新 2 首歌曲
[2026-04-06 12:03:12] 开始更新音乐URL...
[2026-04-06 12:03:12] 备份创建成功：backups/music_data_2026-04-06_12-03-12.json
[2026-04-06 12:03:14] 更新成功：汪苏泷 - 如果爱忘了 (live) (ID: 2124385868) - 标准、无损音质
[2026-04-06 12:03:16] 更新成功：Dizzy Dizzo (蔡诗芸) - 雨过后的风景 (ID: 215382) - 标准、无损音质
[2026-04-06 12:03:17] 更新完成：成功更新 2 首歌曲
[2026-04-06 12:18:12] 开始更新音乐URL...
[2026-04-06 12:18:12] 备份创建成功：backups/music_data_2026-04-06_12-18-12.json
[2026-04-06 12:18:14] 更新成功：汪苏泷 - 如果爱忘了 (live) (ID: 2124385868) - 标准、无损音质
[2026-04-06 12:18:17] 更新成功：Dizzy Dizzo (蔡诗芸) - 雨过后的风景 (ID: 215382) - 标准、无损音质
[2026-04-06 12:18:17] 更新完成：成功更新 2 首歌曲
[2026-04-06 12:33:12] 开始更新音乐URL...
[2026-04-06 12:33:12] 备份创建成功：backups/music_data_2026-04-06_12-33-12.json
[2026-04-06 12:33:22] 更新成功：汪苏泷 - 如果爱忘了 (live) (ID: 2124385868) - 无损音质
[2026-04-06 12:33:24] 更新成功：Dizzy Dizzo (蔡诗芸) - 雨过后的风景 (ID: 215382) - 标准、无损音质
[2026-04-06 12:33:25] 更新完成：成功更新 2 首歌曲
[2026-04-06 12:48:12] 开始更新音乐URL...
[2026-04-06 12:48:12] 备份创建成功：backups/music_data_2026-04-06_12-48-12.json
[2026-04-06 12:48:18] 更新成功：汪苏泷 - 如果爱忘了 (live) (ID: 2124385868) - 无损音质
[2026-04-06 12:48:21] 更新成功：Dizzy Dizzo (蔡诗芸) - 雨过后的风景 (ID: 215382) - 标准、无损音质
[2026-04-06 12:48:21] 更新完成：成功更新 2 首歌曲
[2026-04-06 13:03:12] 开始更新音乐URL...
[2026-04-06 13:03:12] 备份创建成功：backups/music_data_2026-04-06_13-03-12.json
[2026-04-06 13:03:19] 更新成功：汪苏泷 - 如果爱忘了 (live) (ID: 2124385868) - 无损音质
[2026-04-06 13:03:22] 更新成功：Dizzy Dizzo (蔡诗芸) - 雨过后的风景 (ID: 215382) - 标准、无损音质
[2026-04-06 13:03:22] 更新完成：成功更新 2 首歌曲
[2026-04-06 13:18:12] 开始更新音乐URL...
[2026-04-06 13:18:12] 备份创建成功：backups/music_data_2026-04-06_13-18-12.json
[2026-04-06 13:18:16] 更新成功：汪苏泷 - 如果爱忘了 (live) (ID: 2124385868) - 标准、无损音质
[2026-04-06 13:18:19] 更新成功：Dizzy Dizzo (蔡诗芸) - 雨过后的风景 (ID: 215382) - 标准、无损音质
[2026-04-06 13:18:19] 更新完成：成功更新 2 首歌曲
[2026-04-06 13:33:12] 开始更新音乐URL...
[2026-04-06 13:33:12] 备份创建成功：backups/music_data_2026-04-06_13-33-12.json
[2026-04-06 13:33:17] 更新成功：汪苏泷 - 如果爱忘了 (live) (ID: 2124385868) - 标准、无损音质
[2026-04-06 13:33:19] 更新成功：Dizzy Dizzo (蔡诗芸) - 雨过后的风景 (ID: 215382) - 标准、无损音质
[2026-04-06 13:33:20] 更新完成：成功更新 2 首歌曲
[2026-04-06 13:48:12] 开始更新音乐URL...
[2026-04-06 13:48:12] 备份创建成功：backups/music_data_2026-04-06_13-48-12.json
[2026-04-06 13:48:15] 更新成功：汪苏泷 - 如果爱忘了 (live) (ID: 2124385868) - 标准、无损音质
[2026-04-06 13:48:17] 更新成功：Dizzy Dizzo (蔡诗芸) - 雨过后的风景 (ID: 215382) - 标准、无损音质
[2026-04-06 13:48:18] 更新完成：成功更新 2 首歌曲
[2026-04-06 14:03:12] 开始更新音乐URL...
[2026-04-06 14:03:12] 备份创建成功：backups/music_data_2026-04-06_14-03-12.json
[2026-04-06 14:03:16] 更新成功：汪苏泷 - 如果爱忘了 (live) (ID: 2124385868) - 标准、无损音质
[2026-04-06 14:03:19] 更新成功：Dizzy Dizzo (蔡诗芸) - 雨过后的风景 (ID: 215382) - 标准、无损音质
[2026-04-06 14:03:19] 更新完成：成功更新 2 首歌曲
[2026-04-06 14:18:12] 开始更新音乐URL...
[2026-04-06 14:18:12] 备份创建成功：backups/music_data_2026-04-06_14-18-12.json
[2026-04-06 14:18:15] 更新成功：汪苏泷 - 如果爱忘了 (live) (ID: 2124385868) - 标准、无损音质
[2026-04-06 14:18:18] 更新成功：Dizzy Dizzo (蔡诗芸) - 雨过后的风景 (ID: 215382) - 标准、无损音质
[2026-04-06 14:18:18] 更新完成：成功更新 2 首歌曲
[2026-04-06 14:33:12] 开始更新音乐URL...
[2026-04-06 14:33:12] 备份创建成功：backups/music_data_2026-04-06_14-33-12.json
[2026-04-06 14:33:19] 更新成功：汪苏泷 - 如果爱忘了 (live) (ID: 2124385868) - 无损音质
[2026-04-06 14:33:21] 更新成功：Dizzy Dizzo (蔡诗芸) - 雨过后的风景 (ID: 215382) - 标准、无损音质
[2026-04-06 14:33:21] 更新完成：成功更新 2 首歌曲
[2026-04-06 14:48:12] 开始更新音乐URL...
[2026-04-06 14:48:12] 备份创建成功：backups/music_data_2026-04-06_14-48-12.json
[2026-04-06 14:48:16] 更新成功：汪苏泷 - 如果爱忘了 (live) (ID: 2124385868) - 标准、无损音质
[2026-04-06 14:48:18] 更新成功：Dizzy Dizzo (蔡诗芸) - 雨过后的风景 (ID: 215382) - 标准、无损音质
[2026-04-06 14:48:18] 更新完成：成功更新 2 首歌曲
[2026-04-06 15:03:12] 开始更新音乐URL...
[2026-04-06 15:03:12] 备份创建成功：backups/music_data_2026-04-06_15-03-12.json
[2026-04-06 15:03:19] 更新成功：汪苏泷 - 如果爱忘了 (live) (ID: 2124385868) - 无损音质
[2026-04-06 15:03:21] 更新成功：Dizzy Dizzo (蔡诗芸) - 雨过后的风景 (ID: 215382) - 标准、无损音质
[2026-04-06 15:03:22] 更新完成：成功更新 2 首歌曲
[2026-04-06 15:18:12] 开始更新音乐URL...
[2026-04-06 15:18:12] 备份创建成功：backups/music_data_2026-04-06_15-18-12.json
[2026-04-06 15:18:15] 更新成功：汪苏泷 - 如果爱忘了 (live) (ID: 2124385868) - 标准、无损音质
[2026-04-06 15:18:17] 更新成功：Dizzy Dizzo (蔡诗芸) - 雨过后的风景 (ID: 215382) - 标准、无损音质
[2026-04-06 15:18:18] 更新完成：成功更新 2 首歌曲
[2026-04-06 15:33:12] 开始更新音乐URL...
[2026-04-06 15:33:12] 备份创建成功：backups/music_data_2026-04-06_15-33-12.json
[2026-04-06 15:33:14] 更新成功：汪苏泷 - 如果爱忘了 (live) (ID: 2124385868) - 标准、无损音质
[2026-04-06 15:33:17] 更新成功：Dizzy Dizzo (蔡诗芸) - 雨过后的风景 (ID: 215382) - 标准、无损音质
[2026-04-06 15:33:17] 更新完成：成功更新 2 首歌曲
[2026-04-06 15:48:12] 开始更新音乐URL...
[2026-04-06 15:48:12] 备份创建成功：backups/music_data_2026-04-06_15-48-12.json
[2026-04-06 15:48:15] 更新成功：汪苏泷 - 如果爱忘了 (live) (ID: 2124385868) - 标准、无损音质
[2026-04-06 15:48:18] 更新成功：Dizzy Dizzo (蔡诗芸) - 雨过后的风景 (ID: 215382) - 标准、无损音质
[2026-04-06 15:48:19] 更新完成：成功更新 2 首歌曲
[2026-04-06 16:03:13] 开始更新音乐URL...
[2026-04-06 16:03:13] 备份创建成功：backups/music_data_2026-04-06_16-03-13.json
[2026-04-06 16:03:16] 更新成功：汪苏泷 - 如果爱忘了 (live) (ID: 2124385868) - 标准、无损音质
[2026-04-06 16:03:19] 更新成功：Dizzy Dizzo (蔡诗芸) - 雨过后的风景 (ID: 215382) - 标准、无损音质
[2026-04-06 16:03:19] 更新完成：成功更新 2 首歌曲
[2026-04-06 16:18:12] 开始更新音乐URL...
[2026-04-06 16:18:12] 备份创建成功：backups/music_data_2026-04-06_16-18-12.json
[2026-04-06 16:18:15] 更新成功：汪苏泷 - 如果爱忘了 (live) (ID: 2124385868) - 标准、无损音质
[2026-04-06 16:18:17] 更新成功：Dizzy Dizzo (蔡诗芸) - 雨过后的风景 (ID: 215382) - 标准、无损音质
[2026-04-06 16:18:18] 更新完成：成功更新 2 首歌曲
[2026-04-06 16:33:12] 开始更新音乐URL...
[2026-04-06 16:33:12] 备份创建成功：backups/music_data_2026-04-06_16-33-12.json
[2026-04-06 16:33:15] 更新成功：汪苏泷 - 如果爱忘了 (live) (ID: 2124385868) - 标准、无损音质
[2026-04-06 16:33:17] 更新成功：Dizzy Dizzo (蔡诗芸) - 雨过后的风景 (ID: 215382) - 标准、无损音质
[2026-04-06 16:33:18] 更新完成：成功更新 2 首歌曲
[2026-04-06 16:48:12] 开始更新音乐URL...
[2026-04-06 16:48:12] 备份创建成功：backups/music_data_2026-04-06_16-48-12.json
[2026-04-06 16:48:15] 更新成功：汪苏泷 - 如果爱忘了 (live) (ID: 2124385868) - 标准、无损音质
[2026-04-06 16:48:18] 更新成功：Dizzy Dizzo (蔡诗芸) - 雨过后的风景 (ID: 215382) - 标准、无损音质
[2026-04-06 16:48:18] 更新完成：成功更新 2 首歌曲
[2026-04-06 17:03:12] 开始更新音乐URL...
[2026-04-06 17:03:12] 备份创建成功：backups/music_data_2026-04-06_17-03-12.json
[2026-04-06 17:03:14] 更新成功：汪苏泷 - 如果爱忘了 (live) (ID: 2124385868) - 标准、无损音质
[2026-04-06 17:03:17] 更新成功：Dizzy Dizzo (蔡诗芸) - 雨过后的风景 (ID: 215382) - 标准、无损音质
[2026-04-06 17:03:17] 更新完成：成功更新 2 首歌曲
[2026-04-06 17:18:12] 开始更新音乐URL...
[2026-04-06 17:18:12] 备份创建成功：backups/music_data_2026-04-06_17-18-12.json
[2026-04-06 17:18:21] 更新成功：汪苏泷 - 如果爱忘了 (live) (ID: 2124385868) - 无损音质
[2026-04-06 17:18:25] 更新成功：Dizzy Dizzo (蔡诗芸) - 雨过后的风景 (ID: 215382) - 标准、无损音质
[2026-04-06 17:18:25] 更新完成：成功更新 2 首歌曲
[2026-04-06 17:33:12] 开始更新音乐URL...
[2026-04-06 17:33:12] 备份创建成功：backups/music_data_2026-04-06_17-33-12.json
[2026-04-06 17:33:17] 更新成功：汪苏泷 - 如果爱忘了 (live) (ID: 2124385868) - 标准、无损音质
[2026-04-06 17:33:19] 更新成功：Dizzy Dizzo (蔡诗芸) - 雨过后的风景 (ID: 215382) - 标准、无损音质
[2026-04-06 17:33:20] 更新完成：成功更新 2 首歌曲
[2026-04-06 17:48:12] 开始更新音乐URL...
[2026-04-06 17:48:12] 备份创建成功：backups/music_data_2026-04-06_17-48-12.json
[2026-04-06 17:48:19] 更新成功：汪苏泷 - 如果爱忘了 (live) (ID: 2124385868) - 无损音质
[2026-04-06 17:48:22] 更新成功：Dizzy Dizzo (蔡诗芸) - 雨过后的风景 (ID: 215382) - 标准、无损音质
[2026-04-06 17:48:22] 更新完成：成功更新 2 首歌曲
[2026-04-06 18:03:12] 开始更新音乐URL...
[2026-04-06 18:03:12] 备份创建成功：backups/music_data_2026-04-06_18-03-12.json
[2026-04-06 18:03:17] 更新成功：汪苏泷 - 如果爱忘了 (live) (ID: 2124385868) - 标准、无损音质
[2026-04-06 18:03:19] 更新成功：Dizzy Dizzo (蔡诗芸) - 雨过后的风景 (ID: 215382) - 标准、无损音质
[2026-04-06 18:03:20] 更新完成：成功更新 2 首歌曲
[2026-04-06 18:18:12] 开始更新音乐URL...
[2026-04-06 18:18:12] 备份创建成功：backups/music_data_2026-04-06_18-18-12.json
[2026-04-06 18:18:17] 更新成功：汪苏泷 - 如果爱忘了 (live) (ID: 2124385868) - 标准、无损音质
[2026-04-06 18:18:20] 更新成功：Dizzy Dizzo (蔡诗芸) - 雨过后的风景 (ID: 215382) - 标准、无损音质
[2026-04-06 18:18:21] 更新完成：成功更新 2 首歌曲
[2026-04-06 18:33:12] 开始更新音乐URL...
[2026-04-06 18:33:12] 备份创建成功：backups/music_data_2026-04-06_18-33-12.json
[2026-04-06 18:33:16] 更新成功：汪苏泷 - 如果爱忘了 (live) (ID: 2124385868) - 标准、无损音质
[2026-04-06 18:33:18] 更新成功：Dizzy Dizzo (蔡诗芸) - 雨过后的风景 (ID: 215382) - 标准、无损音质
[2026-04-06 18:33:19] 更新完成：成功更新 2 首歌曲
[2026-04-06 18:48:12] 开始更新音乐URL...
[2026-04-06 18:48:12] 备份创建成功：backups/music_data_2026-04-06_18-48-12.json
[2026-04-06 18:48:17] 更新成功：汪苏泷 - 如果爱忘了 (live) (ID: 2124385868) - 标准、无损音质
[2026-04-06 18:48:19] 更新成功：Dizzy Dizzo (蔡诗芸) - 雨过后的风景 (ID: 215382) - 标准、无损音质
[2026-04-06 18:48:20] 更新完成：成功更新 2 首歌曲
[2026-04-06 19:03:12] 开始更新音乐URL...
[2026-04-06 19:03:12] 备份创建成功：backups/music_data_2026-04-06_19-03-12.json
[2026-04-06 19:03:17] 更新成功：汪苏泷 - 如果爱忘了 (live) (ID: 2124385868) - 标准、无损音质
[2026-04-06 19:03:20] 更新成功：Dizzy Dizzo (蔡诗芸) - 雨过后的风景 (ID: 215382) - 标准、无损音质
[2026-04-06 19:03:20] 更新完成：成功更新 2 首歌曲
[2026-04-06 19:18:12] 开始更新音乐URL...
[2026-04-06 19:18:12] 备份创建成功：backups/music_data_2026-04-06_19-18-12.json
[2026-04-06 19:18:15] 更新成功：汪苏泷 - 如果爱忘了 (live) (ID: 2124385868) - 标准、无损音质
[2026-04-06 19:18:17] 更新成功：Dizzy Dizzo (蔡诗芸) - 雨过后的风景 (ID: 215382) - 标准、无损音质
[2026-04-06 19:18:18] 更新完成：成功更新 2 首歌曲
[2026-04-06 19:33:12] 开始更新音乐URL...
[2026-04-06 19:33:12] 备份创建成功：backups/music_data_2026-04-06_19-33-12.json
[2026-04-06 19:33:16] 更新成功：汪苏泷 - 如果爱忘了 (live) (ID: 2124385868) - 标准、无损音质
[2026-04-06 19:33:18] 更新成功：Dizzy Dizzo (蔡诗芸) - 雨过后的风景 (ID: 215382) - 标准、无损音质
[2026-04-06 19:33:18] 更新完成：成功更新 2 首歌曲
[2026-04-06 19:48:12] 开始更新音乐URL...
[2026-04-06 19:48:12] 备份创建成功：backups/music_data_2026-04-06_19-48-12.json
[2026-04-06 19:48:18] 更新成功：汪苏泷 - 如果爱忘了 (live) (ID: 2124385868) - 标准、无损音质
[2026-04-06 19:48:21] 更新成功：Dizzy Dizzo (蔡诗芸) - 雨过后的风景 (ID: 215382) - 标准、无损音质
[2026-04-06 19:48:22] 更新完成：成功更新 2 首歌曲
[2026-04-06 20:03:12] 开始更新音乐URL...
[2026-04-06 20:03:12] 备份创建成功：backups/music_data_2026-04-06_20-03-12.json
[2026-04-06 20:03:18] 更新成功：汪苏泷 - 如果爱忘了 (live) (ID: 2124385868) - 无损音质
[2026-04-06 20:03:21] 更新成功：Dizzy Dizzo (蔡诗芸) - 雨过后的风景 (ID: 215382) - 标准、无损音质
[2026-04-06 20:03:21] 更新完成：成功更新 2 首歌曲
[2026-04-06 20:18:12] 开始更新音乐URL...
[2026-04-06 20:18:12] 备份创建成功：backups/music_data_2026-04-06_20-18-12.json
[2026-04-06 20:18:17] 更新成功：汪苏泷 - 如果爱忘了 (live) (ID: 2124385868) - 标准、无损音质
[2026-04-06 20:18:19] 更新成功：Dizzy Dizzo (蔡诗芸) - 雨过后的风景 (ID: 215382) - 标准、无损音质
[2026-04-06 20:18:20] 更新完成：成功更新 2 首歌曲
[2026-04-06 20:33:12] 开始更新音乐URL...
[2026-04-06 20:33:12] 备份创建成功：backups/music_data_2026-04-06_20-33-12.json
[2026-04-06 20:33:18] 更新成功：汪苏泷 - 如果爱忘了 (live) (ID: 2124385868) - 无损音质
[2026-04-06 20:33:20] 更新成功：Dizzy Dizzo (蔡诗芸) - 雨过后的风景 (ID: 215382) - 标准、无损音质
[2026-04-06 20:33:21] 更新完成：成功更新 2 首歌曲
[2026-04-06 20:48:12] 开始更新音乐URL...
[2026-04-06 20:48:12] 备份创建成功：backups/music_data_2026-04-06_20-48-12.json
[2026-04-06 20:48:15] 更新成功：汪苏泷 - 如果爱忘了 (live) (ID: 2124385868) - 标准、无损音质
[2026-04-06 20:48:18] 更新成功：Dizzy Dizzo (蔡诗芸) - 雨过后的风景 (ID: 215382) - 标准、无损音质
[2026-04-06 20:48:18] 更新完成：成功更新 2 首歌曲
[2026-04-06 21:03:12] 开始更新音乐URL...
[2026-04-06 21:03:12] 备份创建成功：backups/music_data_2026-04-06_21-03-12.json
[2026-04-06 21:03:14] 更新成功：汪苏泷 - 如果爱忘了 (live) (ID: 2124385868) - 标准、无损音质
[2026-04-06 21:03:17] 更新成功：Dizzy Dizzo (蔡诗芸) - 雨过后的风景 (ID: 215382) - 标准、无损音质
[2026-04-06 21:03:17] 更新完成：成功更新 2 首歌曲
[2026-04-06 21:18:12] 开始更新音乐URL...
[2026-04-06 21:18:12] 备份创建成功：backups/music_data_2026-04-06_21-18-12.json
[2026-04-06 21:18:16] 更新成功：汪苏泷 - 如果爱忘了 (live) (ID: 2124385868) - 标准、无损音质
[2026-04-06 21:18:18] 更新成功：Dizzy Dizzo (蔡诗芸) - 雨过后的风景 (ID: 215382) - 标准、无损音质
[2026-04-06 21:18:18] 更新完成：成功更新 2 首歌曲
[2026-04-06 21:33:12] 开始更新音乐URL...
[2026-04-06 21:33:12] 备份创建成功：backups/music_data_2026-04-06_21-33-12.json
[2026-04-06 21:33:16] 更新成功：汪苏泷 - 如果爱忘了 (live) (ID: 2124385868) - 标准、无损音质
[2026-04-06 21:33:19] 更新成功：Dizzy Dizzo (蔡诗芸) - 雨过后的风景 (ID: 215382) - 标准、无损音质
[2026-04-06 21:33:20] 更新完成：成功更新 2 首歌曲
[2026-04-06 21:48:12] 开始更新音乐URL...
[2026-04-06 21:48:12] 备份创建成功：backups/music_data_2026-04-06_21-48-12.json
[2026-04-06 21:48:14] 更新成功：汪苏泷 - 如果爱忘了 (live) (ID: 2124385868) - 标准、无损音质
[2026-04-06 21:48:17] 更新成功：Dizzy Dizzo (蔡诗芸) - 雨过后的风景 (ID: 215382) - 标准、无损音质
[2026-04-06 21:48:17] 更新完成：成功更新 2 首歌曲
[2026-04-06 22:03:12] 开始更新音乐URL...
[2026-04-06 22:03:12] 备份创建成功：backups/music_data_2026-04-06_22-03-12.json
[2026-04-06 22:03:16] 更新成功：汪苏泷 - 如果爱忘了 (live) (ID: 2124385868) - 标准、无损音质
[2026-04-06 22:03:19] 更新成功：Dizzy Dizzo (蔡诗芸) - 雨过后的风景 (ID: 215382) - 标准、无损音质
[2026-04-06 22:03:19] 更新完成：成功更新 2 首歌曲
[2026-04-06 22:18:12] 开始更新音乐URL...
[2026-04-06 22:18:12] 备份创建成功：backups/music_data_2026-04-06_22-18-12.json
[2026-04-06 22:18:14] 更新成功：汪苏泷 - 如果爱忘了 (live) (ID: 2124385868) - 标准、无损音质
[2026-04-06 22:18:16] 更新成功：Dizzy Dizzo (蔡诗芸) - 雨过后的风景 (ID: 215382) - 标准、无损音质
[2026-04-06 22:18:17] 更新完成：成功更新 2 首歌曲
[2026-04-06 22:33:12] 开始更新音乐URL...
[2026-04-06 22:33:12] 备份创建成功：backups/music_data_2026-04-06_22-33-12.json
[2026-04-06 22:33:17] 更新成功：汪苏泷 - 如果爱忘了 (live) (ID: 2124385868) - 标准、无损音质
[2026-04-06 22:33:19] 更新成功：Dizzy Dizzo (蔡诗芸) - 雨过后的风景 (ID: 215382) - 标准、无损音质
[2026-04-06 22:33:20] 更新完成：成功更新 2 首歌曲
[2026-04-06 22:48:12] 开始更新音乐URL...
[2026-04-06 22:48:12] 备份创建成功：backups/music_data_2026-04-06_22-48-12.json
[2026-04-06 22:48:20] 更新成功：汪苏泷 - 如果爱忘了 (live) (ID: 2124385868) - 无损音质
[2026-04-06 22:48:22] 更新成功：Dizzy Dizzo (蔡诗芸) - 雨过后的风景 (ID: 215382) - 标准、无损音质
[2026-04-06 22:48:23] 更新完成：成功更新 2 首歌曲
[2026-04-06 23:03:12] 开始更新音乐URL...
[2026-04-06 23:03:12] 备份创建成功：backups/music_data_2026-04-06_23-03-12.json
[2026-04-06 23:03:14] 更新成功：汪苏泷 - 如果爱忘了 (live) (ID: 2124385868) - 标准、无损音质
[2026-04-06 23:03:17] 更新成功：Dizzy Dizzo (蔡诗芸) - 雨过后的风景 (ID: 215382) - 标准、无损音质
[2026-04-06 23:03:17] 更新完成：成功更新 2 首歌曲
[2026-04-06 23:18:12] 开始更新音乐URL...
[2026-04-06 23:18:12] 备份创建成功：backups/music_data_2026-04-06_23-18-12.json
[2026-04-06 23:18:16] 更新成功：汪苏泷 - 如果爱忘了 (live) (ID: 2124385868) - 标准、无损音质
[2026-04-06 23:18:19] 更新成功：Dizzy Dizzo (蔡诗芸) - 雨过后的风景 (ID: 215382) - 标准、无损音质
[2026-04-06 23:18:20] 更新完成：成功更新 2 首歌曲
[2026-04-06 23:33:12] 开始更新音乐URL...
[2026-04-06 23:33:12] 备份创建成功：backups/music_data_2026-04-06_23-33-12.json
[2026-04-06 23:33:13] 更新成功：汪苏泷 - 如果爱忘了 (live) (ID: 2124385868) - 标准、无损音质
[2026-04-06 23:33:16] 更新成功：Dizzy Dizzo (蔡诗芸) - 雨过后的风景 (ID: 215382) - 标准、无损音质
[2026-04-06 23:33:16] 更新完成：成功更新 2 首歌曲
[2026-04-06 23:48:12] 开始更新音乐URL...
[2026-04-06 23:48:12] 备份创建成功：backups/music_data_2026-04-06_23-48-12.json
[2026-04-06 23:48:14] 更新成功：汪苏泷 - 如果爱忘了 (live) (ID: 2124385868) - 标准、无损音质
[2026-04-06 23:48:16] 更新成功：Dizzy Dizzo (蔡诗芸) - 雨过后的风景 (ID: 215382) - 标准、无损音质
[2026-04-06 23:48:16] 更新完成：成功更新 2 首歌曲
[2026-04-07 00:03:12] 开始更新音乐URL...
[2026-04-07 00:03:12] 备份创建成功：backups/music_data_2026-04-07_00-03-12.json
[2026-04-07 00:03:15] 更新成功：汪苏泷 - 如果爱忘了 (live) (ID: 2124385868) - 标准、无损音质
[2026-04-07 00:03:17] 更新成功：Dizzy Dizzo (蔡诗芸) - 雨过后的风景 (ID: 215382) - 标准、无损音质
[2026-04-07 00:03:18] 更新完成：成功更新 2 首歌曲
[2026-04-07 00:18:12] 开始更新音乐URL...
[2026-04-07 00:18:12] 备份创建成功：backups/music_data_2026-04-07_00-18-12.json
[2026-04-07 00:18:15] 更新成功：汪苏泷 - 如果爱忘了 (live) (ID: 2124385868) - 标准、无损音质
[2026-04-07 00:18:17] 更新成功：Dizzy Dizzo (蔡诗芸) - 雨过后的风景 (ID: 215382) - 标准、无损音质
[2026-04-07 00:18:18] 更新完成：成功更新 2 首歌曲
[2026-04-07 00:33:12] 开始更新音乐URL...
[2026-04-07 00:33:12] 备份创建成功：backups/music_data_2026-04-07_00-33-12.json
[2026-04-07 00:33:13] 更新成功：汪苏泷 - 如果爱忘了 (live) (ID: 2124385868) - 标准、无损音质
[2026-04-07 00:33:16] 更新成功：Dizzy Dizzo (蔡诗芸) - 雨过后的风景 (ID: 215382) - 标准、无损音质
[2026-04-07 00:33:17] 更新完成：成功更新 2 首歌曲
[2026-04-07 00:48:12] 开始更新音乐URL...
[2026-04-07 00:48:12] 备份创建成功：backups/music_data_2026-04-07_00-48-12.json
[2026-04-07 00:48:14] 更新成功：汪苏泷 - 如果爱忘了 (live) (ID: 2124385868) - 标准、无损音质
[2026-04-07 00:48:17] 更新成功：Dizzy Dizzo (蔡诗芸) - 雨过后的风景 (ID: 215382) - 标准、无损音质
[2026-04-07 00:48:17] 更新完成：成功更新 2 首歌曲
[2026-04-07 01:03:12] 开始更新音乐URL...
[2026-04-07 01:03:12] 备份创建成功：backups/music_data_2026-04-07_01-03-12.json
[2026-04-07 01:03:14] 更新成功：汪苏泷 - 如果爱忘了 (live) (ID: 2124385868) - 标准、无损音质
[2026-04-07 01:03:17] 更新成功：Dizzy Dizzo (蔡诗芸) - 雨过后的风景 (ID: 215382) - 标准、无损音质
[2026-04-07 01:03:18] 更新完成：成功更新 2 首歌曲
[2026-04-07 01:18:12] 开始更新音乐URL...
[2026-04-07 01:18:12] 备份创建成功：backups/music_data_2026-04-07_01-18-12.json
[2026-04-07 01:18:14] 更新成功：汪苏泷 - 如果爱忘了 (live) (ID: 2124385868) - 标准、无损音质
[2026-04-07 01:18:19] 更新成功：Dizzy Dizzo (蔡诗芸) - 雨过后的风景 (ID: 215382) - 标准、无损音质
[2026-04-07 01:18:19] 更新完成：成功更新 2 首歌曲
[2026-04-07 01:33:12] 开始更新音乐URL...
[2026-04-07 01:33:12] 备份创建成功：backups/music_data_2026-04-07_01-33-12.json
[2026-04-07 01:33:14] 更新成功：汪苏泷 - 如果爱忘了 (live) (ID: 2124385868) - 标准、无损音质
[2026-04-07 01:33:17] 更新成功：Dizzy Dizzo (蔡诗芸) - 雨过后的风景 (ID: 215382) - 标准、无损音质
[2026-04-07 01:33:17] 更新完成：成功更新 2 首歌曲
[2026-04-07 01:48:12] 开始更新音乐URL...
[2026-04-07 01:48:12] 备份创建成功：backups/music_data_2026-04-07_01-48-12.json
[2026-04-07 01:48:14] 更新成功：汪苏泷 - 如果爱忘了 (live) (ID: 2124385868) - 标准、无损音质
[2026-04-07 01:48:18] 更新成功：Dizzy Dizzo (蔡诗芸) - 雨过后的风景 (ID: 215382) - 标准、无损音质
[2026-04-07 01:48:18] 更新完成：成功更新 2 首歌曲
[2026-04-07 02:03:12] 开始更新音乐URL...
[2026-04-07 02:03:12] 备份创建成功：backups/music_data_2026-04-07_02-03-12.json
[2026-04-07 02:03:14] 更新成功：汪苏泷 - 如果爱忘了 (live) (ID: 2124385868) - 标准、无损音质
[2026-04-07 02:03:16] 更新成功：Dizzy Dizzo (蔡诗芸) - 雨过后的风景 (ID: 215382) - 标准、无损音质
[2026-04-07 02:03:17] 更新完成：成功更新 2 首歌曲
[2026-04-07 02:18:12] 开始更新音乐URL...
[2026-04-07 02:18:12] 备份创建成功：backups/music_data_2026-04-07_02-18-12.json
[2026-04-07 02:18:15] 更新成功：汪苏泷 - 如果爱忘了 (live) (ID: 2124385868) - 标准、无损音质
[2026-04-07 02:18:18] 更新成功：Dizzy Dizzo (蔡诗芸) - 雨过后的风景 (ID: 215382) - 标准、无损音质
[2026-04-07 02:18:19] 更新完成：成功更新 2 首歌曲
[2026-04-07 02:33:12] 开始更新音乐URL...
[2026-04-07 02:33:12] 备份创建成功：backups/music_data_2026-04-07_02-33-12.json
[2026-04-07 02:33:15] 更新成功：汪苏泷 - 如果爱忘了 (live) (ID: 2124385868) - 标准、无损音质
[2026-04-07 02:33:17] 更新成功：Dizzy Dizzo (蔡诗芸) - 雨过后的风景 (ID: 215382) - 标准、无损音质
[2026-04-07 02:33:18] 更新完成：成功更新 2 首歌曲
[2026-04-07 02:48:12] 开始更新音乐URL...
[2026-04-07 02:48:12] 备份创建成功：backups/music_data_2026-04-07_02-48-12.json
[2026-04-07 02:48:14] 更新成功：汪苏泷 - 如果爱忘了 (live) (ID: 2124385868) - 标准、无损音质
[2026-04-07 02:48:16] 更新成功：Dizzy Dizzo (蔡诗芸) - 雨过后的风景 (ID: 215382) - 标准、无损音质
[2026-04-07 02:48:17] 更新完成：成功更新 2 首歌曲
[2026-04-07 03:03:12] 开始更新音乐URL...
[2026-04-07 03:03:12] 备份创建成功：backups/music_data_2026-04-07_03-03-12.json
[2026-04-07 03:03:17] 更新成功：汪苏泷 - 如果爱忘了 (live) (ID: 2124385868) - 标准、无损音质
[2026-04-07 03:03:20] 更新成功：Dizzy Dizzo (蔡诗芸) - 雨过后的风景 (ID: 215382) - 标准、无损音质
[2026-04-07 03:03:21] 更新完成：成功更新 2 首歌曲
[2026-04-07 03:18:12] 开始更新音乐URL...
[2026-04-07 03:18:12] 备份创建成功：backups/music_data_2026-04-07_03-18-12.json
[2026-04-07 03:18:15] 更新成功：汪苏泷 - 如果爱忘了 (live) (ID: 2124385868) - 标准、无损音质
[2026-04-07 03:18:18] 更新成功：Dizzy Dizzo (蔡诗芸) - 雨过后的风景 (ID: 215382) - 标准、无损音质
[2026-04-07 03:18:18] 更新完成：成功更新 2 首歌曲
[2026-04-07 03:33:12] 开始更新音乐URL...
[2026-04-07 03:33:12] 备份创建成功：backups/music_data_2026-04-07_03-33-12.json
[2026-04-07 03:33:13] 更新成功：汪苏泷 - 如果爱忘了 (live) (ID: 2124385868) - 标准、无损音质
[2026-04-07 03:33:16] 更新成功：Dizzy Dizzo (蔡诗芸) - 雨过后的风景 (ID: 215382) - 标准、无损音质
[2026-04-07 03:33:17] 更新完成：成功更新 2 首歌曲
[2026-04-07 03:48:12] 开始更新音乐URL...
[2026-04-07 03:48:12] 备份创建成功：backups/music_data_2026-04-07_03-48-12.json
[2026-04-07 03:48:14] 更新成功：汪苏泷 - 如果爱忘了 (live) (ID: 2124385868) - 标准、无损音质
[2026-04-07 03:48:17] 更新成功：Dizzy Dizzo (蔡诗芸) - 雨过后的风景 (ID: 215382) - 标准、无损音质
[2026-04-07 03:48:18] 更新完成：成功更新 2 首歌曲
[2026-04-07 04:03:12] 开始更新音乐URL...
[2026-04-07 04:03:12] 备份创建成功：backups/music_data_2026-04-07_04-03-12.json
[2026-04-07 04:03:14] 更新成功：汪苏泷 - 如果爱忘了 (live) (ID: 2124385868) - 标准、无损音质
[2026-04-07 04:03:16] 更新成功：Dizzy Dizzo (蔡诗芸) - 雨过后的风景 (ID: 215382) - 标准、无损音质
[2026-04-07 04:03:16] 更新完成：成功更新 2 首歌曲
[2026-04-07 04:18:12] 开始更新音乐URL...
[2026-04-07 04:18:12] 备份创建成功：backups/music_data_2026-04-07_04-18-12.json
[2026-04-07 04:18:15] 更新成功：汪苏泷 - 如果爱忘了 (live) (ID: 2124385868) - 标准、无损音质
[2026-04-07 04:18:21] 更新成功：Dizzy Dizzo (蔡诗芸) - 雨过后的风景 (ID: 215382) - 标准、无损音质
[2026-04-07 04:18:21] 更新完成：成功更新 2 首歌曲
[2026-04-07 04:33:12] 开始更新音乐URL...
[2026-04-07 04:33:12] 备份创建成功：backups/music_data_2026-04-07_04-33-12.json
[2026-04-07 04:33:14] 更新成功：汪苏泷 - 如果爱忘了 (live) (ID: 2124385868) - 标准、无损音质
[2026-04-07 04:33:17] 更新成功：Dizzy Dizzo (蔡诗芸) - 雨过后的风景 (ID: 215382) - 标准、无损音质
[2026-04-07 04:33:18] 更新完成：成功更新 2 首歌曲
[2026-04-07 04:48:12] 开始更新音乐URL...
[2026-04-07 04:48:12] 备份创建成功：backups/music_data_2026-04-07_04-48-12.json
[2026-04-07 04:48:14] 更新成功：汪苏泷 - 如果爱忘了 (live) (ID: 2124385868) - 标准、无损音质
[2026-04-07 04:48:16] 更新成功：Dizzy Dizzo (蔡诗芸) - 雨过后的风景 (ID: 215382) - 标准、无损音质
[2026-04-07 04:48:16] 更新完成：成功更新 2 首歌曲
[2026-04-07 05:03:12] 开始更新音乐URL...
[2026-04-07 05:03:12] 备份创建成功：backups/music_data_2026-04-07_05-03-12.json
[2026-04-07 05:03:14] 更新成功：汪苏泷 - 如果爱忘了 (live) (ID: 2124385868) - 标准、无损音质
[2026-04-07 05:03:16] 更新成功：Dizzy Dizzo (蔡诗芸) - 雨过后的风景 (ID: 215382) - 标准、无损音质
[2026-04-07 05:03:17] 更新完成：成功更新 2 首歌曲
[2026-04-07 05:18:12] 开始更新音乐URL...
[2026-04-07 05:18:12] 备份创建成功：backups/music_data_2026-04-07_05-18-12.json
[2026-04-07 05:18:14] 更新成功：汪苏泷 - 如果爱忘了 (live) (ID: 2124385868) - 标准、无损音质
[2026-04-07 05:18:17] 更新成功：Dizzy Dizzo (蔡诗芸) - 雨过后的风景 (ID: 215382) - 标准、无损音质
[2026-04-07 05:18:17] 更新完成：成功更新 2 首歌曲
[2026-04-07 05:33:12] 开始更新音乐URL...
[2026-04-07 05:33:12] 备份创建成功：backups/music_data_2026-04-07_05-33-12.json
[2026-04-07 05:33:14] 更新成功：汪苏泷 - 如果爱忘了 (live) (ID: 2124385868) - 标准、无损音质
[2026-04-07 05:33:17] 更新成功：Dizzy Dizzo (蔡诗芸) - 雨过后的风景 (ID: 215382) - 标准、无损音质
[2026-04-07 05:33:17] 更新完成：成功更新 2 首歌曲
[2026-04-07 05:48:12] 开始更新音乐URL...
[2026-04-07 05:48:12] 备份创建成功：backups/music_data_2026-04-07_05-48-12.json
[2026-04-07 05:48:14] 更新成功：汪苏泷 - 如果爱忘了 (live) (ID: 2124385868) - 标准、无损音质
[2026-04-07 05:48:16] 更新成功：Dizzy Dizzo (蔡诗芸) - 雨过后的风景 (ID: 215382) - 标准、无损音质
[2026-04-07 05:48:17] 更新完成：成功更新 2 首歌曲
[2026-04-07 06:03:12] 开始更新音乐URL...
[2026-04-07 06:03:12] 备份创建成功：backups/music_data_2026-04-07_06-03-12.json
[2026-04-07 06:03:14] 更新成功：汪苏泷 - 如果爱忘了 (live) (ID: 2124385868) - 标准、无损音质
[2026-04-07 06:03:17] 更新成功：Dizzy Dizzo (蔡诗芸) - 雨过后的风景 (ID: 215382) - 标准、无损音质
[2026-04-07 06:03:18] 更新完成：成功更新 2 首歌曲
[2026-04-07 06:18:12] 开始更新音乐URL...
[2026-04-07 06:18:12] 备份创建成功：backups/music_data_2026-04-07_06-18-12.json
[2026-04-07 06:18:14] 更新成功：汪苏泷 - 如果爱忘了 (live) (ID: 2124385868) - 标准、无损音质
[2026-04-07 06:18:17] 更新成功：Dizzy Dizzo (蔡诗芸) - 雨过后的风景 (ID: 215382) - 标准、无损音质
[2026-04-07 06:18:17] 更新完成：成功更新 2 首歌曲
[2026-04-07 06:33:12] 开始更新音乐URL...
[2026-04-07 06:33:12] 备份创建成功：backups/music_data_2026-04-07_06-33-12.json
[2026-04-07 06:33:14] 更新成功：汪苏泷 - 如果爱忘了 (live) (ID: 2124385868) - 标准、无损音质
[2026-04-07 06:33:17] 更新成功：Dizzy Dizzo (蔡诗芸) - 雨过后的风景 (ID: 215382) - 标准、无损音质
[2026-04-07 06:33:17] 更新完成：成功更新 2 首歌曲
[2026-04-07 06:48:12] 开始更新音乐URL...
[2026-04-07 06:48:12] 备份创建成功：backups/music_data_2026-04-07_06-48-12.json
[2026-04-07 06:48:14] 更新成功：汪苏泷 - 如果爱忘了 (live) (ID: 2124385868) - 标准、无损音质
[2026-04-07 06:48:17] 更新成功：Dizzy Dizzo (蔡诗芸) - 雨过后的风景 (ID: 215382) - 标准、无损音质
[2026-04-07 06:48:17] 更新完成：成功更新 2 首歌曲
[2026-04-07 07:03:12] 开始更新音乐URL...
[2026-04-07 07:03:12] 备份创建成功：backups/music_data_2026-04-07_07-03-12.json
[2026-04-07 07:03:14] 更新成功：汪苏泷 - 如果爱忘了 (live) (ID: 2124385868) - 标准、无损音质
[2026-04-07 07:03:16] 更新成功：Dizzy Dizzo (蔡诗芸) - 雨过后的风景 (ID: 215382) - 标准、无损音质
[2026-04-07 07:03:17] 更新完成：成功更新 2 首歌曲
[2026-04-07 07:18:12] 开始更新音乐URL...
[2026-04-07 07:18:12] 备份创建成功：backups/music_data_2026-04-07_07-18-12.json
[2026-04-07 07:18:15] 更新成功：汪苏泷 - 如果爱忘了 (live) (ID: 2124385868) - 标准、无损音质
[2026-04-07 07:18:18] 更新成功：Dizzy Dizzo (蔡诗芸) - 雨过后的风景 (ID: 215382) - 标准、无损音质
[2026-04-07 07:18:19] 更新完成：成功更新 2 首歌曲
[2026-04-07 07:33:12] 开始更新音乐URL...
[2026-04-07 07:33:12] 备份创建成功：backups/music_data_2026-04-07_07-33-12.json
[2026-04-07 07:33:19] 更新成功：汪苏泷 - 如果爱忘了 (live) (ID: 2124385868) - 无损音质
[2026-04-07 07:33:21] 更新成功：Dizzy Dizzo (蔡诗芸) - 雨过后的风景 (ID: 215382) - 标准、无损音质
[2026-04-07 07:33:22] 更新完成：成功更新 2 首歌曲
[2026-04-07 07:48:12] 开始更新音乐URL...
[2026-04-07 07:48:12] 备份创建成功：backups/music_data_2026-04-07_07-48-12.json
[2026-04-07 07:48:14] 更新成功：汪苏泷 - 如果爱忘了 (live) (ID: 2124385868) - 标准、无损音质
[2026-04-07 07:48:17] 更新成功：Dizzy Dizzo (蔡诗芸) - 雨过后的风景 (ID: 215382) - 标准、无损音质
[2026-04-07 07:48:17] 更新完成：成功更新 2 首歌曲
[2026-04-07 08:03:12] 开始更新音乐URL...
[2026-04-07 08:03:12] 备份创建成功：backups/music_data_2026-04-07_08-03-12.json
[2026-04-07 08:03:15] 更新成功：汪苏泷 - 如果爱忘了 (live) (ID: 2124385868) - 标准、无损音质
[2026-04-07 08:03:17] 更新成功：Dizzy Dizzo (蔡诗芸) - 雨过后的风景 (ID: 215382) - 标准、无损音质
[2026-04-07 08:03:18] 更新完成：成功更新 2 首歌曲
[2026-04-07 08:18:12] 开始更新音乐URL...
[2026-04-07 08:18:12] 备份创建成功：backups/music_data_2026-04-07_08-18-12.json
[2026-04-07 08:18:15] 更新成功：汪苏泷 - 如果爱忘了 (live) (ID: 2124385868) - 标准、无损音质
[2026-04-07 08:18:18] 更新成功：Dizzy Dizzo (蔡诗芸) - 雨过后的风景 (ID: 215382) - 标准、无损音质
[2026-04-07 08:18:19] 更新完成：成功更新 2 首歌曲
[2026-04-07 08:33:12] 开始更新音乐URL...
[2026-04-07 08:33:12] 备份创建成功：backups/music_data_2026-04-07_08-33-12.json
[2026-04-07 08:33:14] 更新成功：汪苏泷 - 如果爱忘了 (live) (ID: 2124385868) - 标准、无损音质
[2026-04-07 08:33:17] 更新成功：Dizzy Dizzo (蔡诗芸) - 雨过后的风景 (ID: 215382) - 标准、无损音质
[2026-04-07 08:33:17] 更新完成：成功更新 2 首歌曲
[2026-04-07 08:48:12] 开始更新音乐URL...
[2026-04-07 08:48:12] 备份创建成功：backups/music_data_2026-04-07_08-48-12.json
[2026-04-07 08:48:14] 更新成功：汪苏泷 - 如果爱忘了 (live) (ID: 2124385868) - 标准、无损音质
[2026-04-07 08:48:17] 更新成功：Dizzy Dizzo (蔡诗芸) - 雨过后的风景 (ID: 215382) - 标准、无损音质
[2026-04-07 08:48:17] 更新完成：成功更新 2 首歌曲
[2026-04-07 09:03:12] 开始更新音乐URL...
[2026-04-07 09:03:12] 备份创建成功：backups/music_data_2026-04-07_09-03-12.json
[2026-04-07 09:03:16] 更新成功：汪苏泷 - 如果爱忘了 (live) (ID: 2124385868) - 标准、无损音质
[2026-04-07 09:03:18] 更新成功：Dizzy Dizzo (蔡诗芸) - 雨过后的风景 (ID: 215382) - 标准、无损音质
[2026-04-07 09:03:19] 更新完成：成功更新 2 首歌曲
[2026-04-07 09:18:12] 开始更新音乐URL...
[2026-04-07 09:18:12] 备份创建成功：backups/music_data_2026-04-07_09-18-12.json
[2026-04-07 09:18:15] 更新成功：汪苏泷 - 如果爱忘了 (live) (ID: 2124385868) - 标准、无损音质
[2026-04-07 09:18:17] 更新成功：Dizzy Dizzo (蔡诗芸) - 雨过后的风景 (ID: 215382) - 标准、无损音质
[2026-04-07 09:18:18] 更新完成：成功更新 2 首歌曲
[2026-04-07 09:33:12] 开始更新音乐URL...
[2026-04-07 09:33:12] 备份创建成功：backups/music_data_2026-04-07_09-33-12.json
[2026-04-07 09:33:14] 更新成功：汪苏泷 - 如果爱忘了 (live) (ID: 2124385868) - 标准、无损音质
[2026-04-07 09:33:16] 更新成功：Dizzy Dizzo (蔡诗芸) - 雨过后的风景 (ID: 215382) - 标准、无损音质
[2026-04-07 09:33:17] 更新完成：成功更新 2 首歌曲
[2026-04-07 09:48:17] 开始更新音乐URL...
[2026-04-07 09:48:17] 备份创建成功：backups/music_data_2026-04-07_09-48-17.json
[2026-04-07 09:48:20] 更新成功：汪苏泷 - 如果爱忘了 (live) (ID: 2124385868) - 标准、无损音质
[2026-04-07 09:48:23] 更新成功：Dizzy Dizzo (蔡诗芸) - 雨过后的风景 (ID: 215382) - 标准、无损音质
[2026-04-07 09:48:24] 更新完成：成功更新 2 首歌曲
[2026-04-07 10:03:12] 开始更新音乐URL...
[2026-04-07 10:03:12] 备份创建成功：backups/music_data_2026-04-07_10-03-12.json
[2026-04-07 10:03:14] 更新成功：汪苏泷 - 如果爱忘了 (live) (ID: 2124385868) - 标准、无损音质
[2026-04-07 10:03:16] 更新成功：Dizzy Dizzo (蔡诗芸) - 雨过后的风景 (ID: 215382) - 标准、无损音质
[2026-04-07 10:03:17] 更新完成：成功更新 2 首歌曲
[2026-04-07 10:18:12] 开始更新音乐URL...
[2026-04-07 10:18:12] 备份创建成功：backups/music_data_2026-04-07_10-18-12.json
[2026-04-07 10:18:15] 更新成功：汪苏泷 - 如果爱忘了 (live) (ID: 2124385868) - 标准、无损音质
[2026-04-07 10:18:17] 更新成功：Dizzy Dizzo (蔡诗芸) - 雨过后的风景 (ID: 215382) - 标准、无损音质
[2026-04-07 10:18:18] 更新完成：成功更新 2 首歌曲
[2026-04-07 10:33:12] 开始更新音乐URL...
[2026-04-07 10:33:12] 备份创建成功：backups/music_data_2026-04-07_10-33-12.json
[2026-04-07 10:33:13] 更新成功：汪苏泷 - 如果爱忘了 (live) (ID: 2124385868) - 标准、无损音质
[2026-04-07 10:33:16] 更新成功：Dizzy Dizzo (蔡诗芸) - 雨过后的风景 (ID: 215382) - 标准、无损音质
[2026-04-07 10:33:16] 更新完成：成功更新 2 首歌曲
[2026-04-07 10:48:12] 开始更新音乐URL...
[2026-04-07 10:48:12] 备份创建成功：backups/music_data_2026-04-07_10-48-12.json
[2026-04-07 10:48:14] 更新成功：汪苏泷 - 如果爱忘了 (live) (ID: 2124385868) - 标准、无损音质
[2026-04-07 10:48:16] 更新成功：Dizzy Dizzo (蔡诗芸) - 雨过后的风景 (ID: 215382) - 标准、无损音质
[2026-04-07 10:48:17] 更新完成：成功更新 2 首歌曲
[2026-04-07 11:03:12] 开始更新音乐URL...
[2026-04-07 11:03:12] 备份创建成功：backups/music_data_2026-04-07_11-03-12.json
[2026-04-07 11:03:14] 更新成功：汪苏泷 - 如果爱忘了 (live) (ID: 2124385868) - 标准、无损音质
[2026-04-07 11:03:17] 更新成功：Dizzy Dizzo (蔡诗芸) - 雨过后的风景 (ID: 215382) - 标准、无损音质
[2026-04-07 11:03:18] 更新完成：成功更新 2 首歌曲
[2026-04-07 11:18:12] 开始更新音乐URL...
[2026-04-07 11:18:12] 备份创建成功：backups/music_data_2026-04-07_11-18-12.json
[2026-04-07 11:18:13] 更新成功：汪苏泷 - 如果爱忘了 (live) (ID: 2124385868) - 标准、无损音质
[2026-04-07 11:18:16] 更新成功：Dizzy Dizzo (蔡诗芸) - 雨过后的风景 (ID: 215382) - 标准、无损音质
[2026-04-07 11:18:17] 更新完成：成功更新 2 首歌曲
[2026-04-07 11:33:12] 开始更新音乐URL...
[2026-04-07 11:33:12] 备份创建成功：backups/music_data_2026-04-07_11-33-12.json
[2026-04-07 11:33:15] 更新成功：汪苏泷 - 如果爱忘了 (live) (ID: 2124385868) - 标准、无损音质
[2026-04-07 11:33:18] 更新成功：Dizzy Dizzo (蔡诗芸) - 雨过后的风景 (ID: 215382) - 标准、无损音质
[2026-04-07 11:33:18] 更新完成：成功更新 2 首歌曲
[2026-04-07 11:48:12] 开始更新音乐URL...
[2026-04-07 11:48:12] 备份创建成功：backups/music_data_2026-04-07_11-48-12.json
[2026-04-07 11:48:13] 更新成功：汪苏泷 - 如果爱忘了 (live) (ID: 2124385868) - 标准、无损音质
[2026-04-07 11:48:16] 更新成功：Dizzy Dizzo (蔡诗芸) - 雨过后的风景 (ID: 215382) - 标准、无损音质
[2026-04-07 11:48:16] 更新完成：成功更新 2 首歌曲
[2026-04-07 12:03:12] 开始更新音乐URL...
[2026-04-07 12:03:12] 备份创建成功：backups/music_data_2026-04-07_12-03-12.json
[2026-04-07 12:03:15] 更新成功：汪苏泷 - 如果爱忘了 (live) (ID: 2124385868) - 标准、无损音质
[2026-04-07 12:03:17] 更新成功：Dizzy Dizzo (蔡诗芸) - 雨过后的风景 (ID: 215382) - 标准、无损音质
[2026-04-07 12:03:18] 更新完成：成功更新 2 首歌曲
[2026-04-07 12:18:12] 开始更新音乐URL...
[2026-04-07 12:18:12] 备份创建成功：backups/music_data_2026-04-07_12-18-12.json
[2026-04-07 12:18:14] 更新成功：汪苏泷 - 如果爱忘了 (live) (ID: 2124385868) - 标准、无损音质
[2026-04-07 12:18:16] 更新成功：Dizzy Dizzo (蔡诗芸) - 雨过后的风景 (ID: 215382) - 标准、无损音质
[2026-04-07 12:18:16] 更新完成：成功更新 2 首歌曲
[2026-04-07 12:33:12] 开始更新音乐URL...
[2026-04-07 12:33:12] 备份创建成功：backups/music_data_2026-04-07_12-33-12.json
[2026-04-07 12:33:14] 更新成功：汪苏泷 - 如果爱忘了 (live) (ID: 2124385868) - 标准、无损音质
[2026-04-07 12:33:16] 更新成功：Dizzy Dizzo (蔡诗芸) - 雨过后的风景 (ID: 215382) - 标准、无损音质
[2026-04-07 12:33:17] 更新完成：成功更新 2 首歌曲
[2026-04-07 12:48:12] 开始更新音乐URL...
[2026-04-07 12:48:12] 备份创建成功：backups/music_data_2026-04-07_12-48-12.json
[2026-04-07 12:48:14] 更新成功：汪苏泷 - 如果爱忘了 (live) (ID: 2124385868) - 标准、无损音质
[2026-04-07 12:48:17] 更新成功：Dizzy Dizzo (蔡诗芸) - 雨过后的风景 (ID: 215382) - 标准、无损音质
[2026-04-07 12:48:18] 更新完成：成功更新 2 首歌曲
[2026-04-07 13:03:12] 开始更新音乐URL...
[2026-04-07 13:03:12] 备份创建成功：backups/music_data_2026-04-07_13-03-12.json
[2026-04-07 13:03:14] 更新成功：汪苏泷 - 如果爱忘了 (live) (ID: 2124385868) - 标准、无损音质
[2026-04-07 13:03:17] 更新成功：Dizzy Dizzo (蔡诗芸) - 雨过后的风景 (ID: 215382) - 标准、无损音质
[2026-04-07 13:03:17] 更新完成：成功更新 2 首歌曲
[2026-04-07 13:18:12] 开始更新音乐URL...
[2026-04-07 13:18:12] 备份创建成功：backups/music_data_2026-04-07_13-18-12.json
[2026-04-07 13:18:14] 更新成功：汪苏泷 - 如果爱忘了 (live) (ID: 2124385868) - 标准、无损音质
[2026-04-07 13:18:16] 更新成功：Dizzy Dizzo (蔡诗芸) - 雨过后的风景 (ID: 215382) - 标准、无损音质
[2026-04-07 13:18:17] 更新完成：成功更新 2 首歌曲
[2026-04-07 13:33:12] 开始更新音乐URL...
[2026-04-07 13:33:12] 备份创建成功：backups/music_data_2026-04-07_13-33-12.json
[2026-04-07 13:33:14] 更新成功：汪苏泷 - 如果爱忘了 (live) (ID: 2124385868) - 标准、无损音质
[2026-04-07 13:33:16] 更新成功：Dizzy Dizzo (蔡诗芸) - 雨过后的风景 (ID: 215382) - 标准、无损音质
[2026-04-07 13:33:17] 更新完成：成功更新 2 首歌曲
[2026-04-07 13:48:12] 开始更新音乐URL...
[2026-04-07 13:48:12] 备份创建成功：backups/music_data_2026-04-07_13-48-12.json
[2026-04-07 13:48:14] 更新成功：汪苏泷 - 如果爱忘了 (live) (ID: 2124385868) - 标准、无损音质
[2026-04-07 13:48:16] 更新成功：Dizzy Dizzo (蔡诗芸) - 雨过后的风景 (ID: 215382) - 标准、无损音质
[2026-04-07 13:48:17] 更新完成：成功更新 2 首歌曲
[2026-04-07 14:03:12] 开始更新音乐URL...
[2026-04-07 14:03:12] 备份创建成功：backups/music_data_2026-04-07_14-03-12.json
[2026-04-07 14:03:14] 更新成功：汪苏泷 - 如果爱忘了 (live) (ID: 2124385868) - 标准、无损音质
[2026-04-07 14:03:16] 更新成功：Dizzy Dizzo (蔡诗芸) - 雨过后的风景 (ID: 215382) - 标准、无损音质
[2026-04-07 14:03:17] 更新完成：成功更新 2 首歌曲
[2026-04-07 14:18:12] 开始更新音乐URL...
[2026-04-07 14:18:12] 备份创建成功：backups/music_data_2026-04-07_14-18-12.json
[2026-04-07 14:18:14] 更新成功：汪苏泷 - 如果爱忘了 (live) (ID: 2124385868) - 标准、无损音质
[2026-04-07 14:18:16] 更新成功：Dizzy Dizzo (蔡诗芸) - 雨过后的风景 (ID: 215382) - 标准、无损音质
[2026-04-07 14:18:17] 更新完成：成功更新 2 首歌曲
[2026-04-07 14:33:12] 开始更新音乐URL...
[2026-04-07 14:33:12] 备份创建成功：backups/music_data_2026-04-07_14-33-12.json
[2026-04-07 14:33:14] 更新成功：汪苏泷 - 如果爱忘了 (live) (ID: 2124385868) - 标准、无损音质
[2026-04-07 14:33:17] 更新成功：Dizzy Dizzo (蔡诗芸) - 雨过后的风景 (ID: 215382) - 标准、无损音质
[2026-04-07 14:33:17] 更新完成：成功更新 2 首歌曲
[2026-04-07 14:48:12] 开始更新音乐URL...
[2026-04-07 14:48:12] 备份创建成功：backups/music_data_2026-04-07_14-48-12.json
[2026-04-07 14:48:14] 更新成功：汪苏泷 - 如果爱忘了 (live) (ID: 2124385868) - 标准、无损音质
[2026-04-07 14:48:17] 更新成功：Dizzy Dizzo (蔡诗芸) - 雨过后的风景 (ID: 215382) - 标准、无损音质
[2026-04-07 14:48:17] 更新完成：成功更新 2 首歌曲
[2026-04-07 15:03:12] 开始更新音乐URL...
[2026-04-07 15:03:12] 备份创建成功：backups/music_data_2026-04-07_15-03-12.json
[2026-04-07 15:03:14] 更新成功：汪苏泷 - 如果爱忘了 (live) (ID: 2124385868) - 标准、无损音质
[2026-04-07 15:03:16] 更新成功：Dizzy Dizzo (蔡诗芸) - 雨过后的风景 (ID: 215382) - 标准、无损音质
[2026-04-07 15:03:17] 更新完成：成功更新 2 首歌曲
[2026-04-07 15:18:12] 开始更新音乐URL...
[2026-04-07 15:18:12] 备份创建成功：backups/music_data_2026-04-07_15-18-12.json
[2026-04-07 15:18:14] 更新成功：汪苏泷 - 如果爱忘了 (live) (ID: 2124385868) - 标准、无损音质
[2026-04-07 15:18:17] 更新成功：Dizzy Dizzo (蔡诗芸) - 雨过后的风景 (ID: 215382) - 标准、无损音质
[2026-04-07 15:18:17] 更新完成：成功更新 2 首歌曲
[2026-04-07 15:33:12] 开始更新音乐URL...
[2026-04-07 15:33:12] 备份创建成功：backups/music_data_2026-04-07_15-33-12.json
[2026-04-07 15:33:15] 更新成功：汪苏泷 - 如果爱忘了 (live) (ID: 2124385868) - 标准、无损音质
[2026-04-07 15:33:18] 更新成功：Dizzy Dizzo (蔡诗芸) - 雨过后的风景 (ID: 215382) - 标准、无损音质
[2026-04-07 15:33:18] 更新完成：成功更新 2 首歌曲
[2026-04-07 15:48:12] 开始更新音乐URL...
[2026-04-07 15:48:12] 备份创建成功：backups/music_data_2026-04-07_15-48-12.json
[2026-04-07 15:48:14] 更新成功：汪苏泷 - 如果爱忘了 (live) (ID: 2124385868) - 标准、无损音质
[2026-04-07 15:48:16] 更新成功：Dizzy Dizzo (蔡诗芸) - 雨过后的风景 (ID: 215382) - 标准、无损音质
[2026-04-07 15:48:16] 更新完成：成功更新 2 首歌曲
[2026-04-07 16:03:12] 开始更新音乐URL...
[2026-04-07 16:03:12] 备份创建成功：backups/music_data_2026-04-07_16-03-12.json
[2026-04-07 16:03:14] 更新成功：汪苏泷 - 如果爱忘了 (live) (ID: 2124385868) - 标准、无损音质
[2026-04-07 16:03:17] 更新成功：Dizzy Dizzo (蔡诗芸) - 雨过后的风景 (ID: 215382) - 标准、无损音质
[2026-04-07 16:03:17] 更新完成：成功更新 2 首歌曲
[2026-04-07 16:18:12] 开始更新音乐URL...
[2026-04-07 16:18:12] 备份创建成功：backups/music_data_2026-04-07_16-18-12.json
[2026-04-07 16:18:15] 更新成功：汪苏泷 - 如果爱忘了 (live) (ID: 2124385868) - 标准、无损音质
[2026-04-07 16:18:23] 更新成功：Dizzy Dizzo (蔡诗芸) - 雨过后的风景 (ID: 215382) - 无损音质
[2026-04-07 16:18:23] 更新完成：成功更新 2 首歌曲
[2026-04-07 16:33:12] 开始更新音乐URL...
[2026-04-07 16:33:12] 备份创建成功：backups/music_data_2026-04-07_16-33-12.json
[2026-04-07 16:33:15] 更新成功：汪苏泷 - 如果爱忘了 (live) (ID: 2124385868) - 标准、无损音质
[2026-04-07 16:33:17] 更新成功：Dizzy Dizzo (蔡诗芸) - 雨过后的风景 (ID: 215382) - 标准、无损音质
[2026-04-07 16:33:17] 更新完成：成功更新 2 首歌曲
[2026-04-07 16:48:12] 开始更新音乐URL...
[2026-04-07 16:48:12] 备份创建成功：backups/music_data_2026-04-07_16-48-12.json
[2026-04-07 16:48:15] 更新成功：汪苏泷 - 如果爱忘了 (live) (ID: 2124385868) - 标准、无损音质
[2026-04-07 16:48:17] 更新成功：Dizzy Dizzo (蔡诗芸) - 雨过后的风景 (ID: 215382) - 标准、无损音质
[2026-04-07 16:48:18] 更新完成：成功更新 2 首歌曲
[2026-04-07 17:03:12] 开始更新音乐URL...
[2026-04-07 17:03:12] 备份创建成功：backups/music_data_2026-04-07_17-03-12.json
[2026-04-07 17:03:15] 更新成功：汪苏泷 - 如果爱忘了 (live) (ID: 2124385868) - 标准、无损音质
[2026-04-07 17:03:18] 更新成功：Dizzy Dizzo (蔡诗芸) - 雨过后的风景 (ID: 215382) - 标准、无损音质
[2026-04-07 17:03:18] 更新完成：成功更新 2 首歌曲
[2026-04-07 17:18:12] 开始更新音乐URL...
[2026-04-07 17:18:12] 备份创建成功：backups/music_data_2026-04-07_17-18-12.json
[2026-04-07 17:18:16] 更新成功：汪苏泷 - 如果爱忘了 (live) (ID: 2124385868) - 标准、无损音质
[2026-04-07 17:18:18] 更新成功：Dizzy Dizzo (蔡诗芸) - 雨过后的风景 (ID: 215382) - 标准、无损音质
[2026-04-07 17:18:19] 更新完成：成功更新 2 首歌曲
[2026-04-07 17:33:12] 开始更新音乐URL...
[2026-04-07 17:33:12] 备份创建成功：backups/music_data_2026-04-07_17-33-12.json
[2026-04-07 17:33:16] 更新成功：汪苏泷 - 如果爱忘了 (live) (ID: 2124385868) - 标准、无损音质
[2026-04-07 17:33:19] 更新成功：Dizzy Dizzo (蔡诗芸) - 雨过后的风景 (ID: 215382) - 标准、无损音质
[2026-04-07 17:33:20] 更新完成：成功更新 2 首歌曲
[2026-04-07 17:48:12] 开始更新音乐URL...
[2026-04-07 17:48:12] 备份创建成功：backups/music_data_2026-04-07_17-48-12.json
[2026-04-07 17:48:16] 更新成功：汪苏泷 - 如果爱忘了 (live) (ID: 2124385868) - 标准、无损音质
[2026-04-07 17:48:19] 更新成功：Dizzy Dizzo (蔡诗芸) - 雨过后的风景 (ID: 215382) - 标准、无损音质
[2026-04-07 17:48:19] 更新完成：成功更新 2 首歌曲
[2026-04-07 18:03:12] 开始更新音乐URL...
[2026-04-07 18:03:12] 备份创建成功：backups/music_data_2026-04-07_18-03-12.json
[2026-04-07 18:03:15] 更新成功：汪苏泷 - 如果爱忘了 (live) (ID: 2124385868) - 标准、无损音质
[2026-04-07 18:03:17] 更新成功：Dizzy Dizzo (蔡诗芸) - 雨过后的风景 (ID: 215382) - 标准、无损音质
[2026-04-07 18:03:18] 更新完成：成功更新 2 首歌曲
[2026-04-07 18:18:12] 开始更新音乐URL...
[2026-04-07 18:18:12] 备份创建成功：backups/music_data_2026-04-07_18-18-12.json
[2026-04-07 18:18:14] 更新成功：汪苏泷 - 如果爱忘了 (live) (ID: 2124385868) - 标准、无损音质
[2026-04-07 18:18:17] 更新成功：Dizzy Dizzo (蔡诗芸) - 雨过后的风景 (ID: 215382) - 标准、无损音质
[2026-04-07 18:18:17] 更新完成：成功更新 2 首歌曲
[2026-04-07 18:33:12] 开始更新音乐URL...
[2026-04-07 18:33:12] 备份创建成功：backups/music_data_2026-04-07_18-33-12.json
[2026-04-07 18:33:15] 更新成功：汪苏泷 - 如果爱忘了 (live) (ID: 2124385868) - 标准、无损音质
[2026-04-07 18:33:17] 更新成功：Dizzy Dizzo (蔡诗芸) - 雨过后的风景 (ID: 215382) - 标准、无损音质
[2026-04-07 18:33:17] 更新完成：成功更新 2 首歌曲
[2026-04-07 18:48:12] 开始更新音乐URL...
[2026-04-07 18:48:12] 备份创建成功：backups/music_data_2026-04-07_18-48-12.json
[2026-04-07 18:48:15] 更新成功：汪苏泷 - 如果爱忘了 (live) (ID: 2124385868) - 标准、无损音质
[2026-04-07 18:48:18] 更新成功：Dizzy Dizzo (蔡诗芸) - 雨过后的风景 (ID: 215382) - 标准、无损音质
[2026-04-07 18:48:18] 更新完成：成功更新 2 首歌曲
[2026-04-07 19:03:12] 开始更新音乐URL...
[2026-04-07 19:03:12] 备份创建成功：backups/music_data_2026-04-07_19-03-12.json
[2026-04-07 19:03:17] 更新成功：汪苏泷 - 如果爱忘了 (live) (ID: 2124385868) - 标准、无损音质
[2026-04-07 19:03:19] 更新成功：Dizzy Dizzo (蔡诗芸) - 雨过后的风景 (ID: 215382) - 标准、无损音质
[2026-04-07 19:03:19] 更新完成：成功更新 2 首歌曲
[2026-04-07 19:18:12] 开始更新音乐URL...
[2026-04-07 19:18:12] 备份创建成功：backups/music_data_2026-04-07_19-18-12.json
[2026-04-07 19:18:15] 更新成功：汪苏泷 - 如果爱忘了 (live) (ID: 2124385868) - 标准、无损音质
[2026-04-07 19:18:17] 更新成功：Dizzy Dizzo (蔡诗芸) - 雨过后的风景 (ID: 215382) - 标准、无损音质
[2026-04-07 19:18:17] 更新完成：成功更新 2 首歌曲
[2026-04-07 19:33:12] 开始更新音乐URL...
[2026-04-07 19:33:12] 备份创建成功：backups/music_data_2026-04-07_19-33-12.json
[2026-04-07 19:33:15] 更新成功：汪苏泷 - 如果爱忘了 (live) (ID: 2124385868) - 标准、无损音质
[2026-04-07 19:33:17] 更新成功：Dizzy Dizzo (蔡诗芸) - 雨过后的风景 (ID: 215382) - 标准、无损音质
[2026-04-07 19:33:18] 更新完成：成功更新 2 首歌曲
[2026-04-07 19:48:12] 开始更新音乐URL...
[2026-04-07 19:48:12] 备份创建成功：backups/music_data_2026-04-07_19-48-12.json
[2026-04-07 19:48:14] 更新成功：汪苏泷 - 如果爱忘了 (live) (ID: 2124385868) - 标准、无损音质
[2026-04-07 19:48:17] 更新成功：Dizzy Dizzo (蔡诗芸) - 雨过后的风景 (ID: 215382) - 标准、无损音质
[2026-04-07 19:48:17] 更新完成：成功更新 2 首歌曲
[2026-04-07 20:03:12] 开始更新音乐URL...
[2026-04-07 20:03:12] 备份创建成功：backups/music_data_2026-04-07_20-03-12.json
[2026-04-07 20:03:14] 更新成功：汪苏泷 - 如果爱忘了 (live) (ID: 2124385868) - 标准、无损音质
[2026-04-07 20:03:16] 更新成功：Dizzy Dizzo (蔡诗芸) - 雨过后的风景 (ID: 215382) - 标准、无损音质
[2026-04-07 20:03:17] 更新完成：成功更新 2 首歌曲
[2026-04-07 20:18:12] 开始更新音乐URL...
[2026-04-07 20:18:12] 备份创建成功：backups/music_data_2026-04-07_20-18-12.json
[2026-04-07 20:18:15] 更新成功：汪苏泷 - 如果爱忘了 (live) (ID: 2124385868) - 标准、无损音质
[2026-04-07 20:18:17] 更新成功：Dizzy Dizzo (蔡诗芸) - 雨过后的风景 (ID: 215382) - 标准、无损音质
[2026-04-07 20:18:17] 更新完成：成功更新 2 首歌曲
[2026-04-07 20:33:12] 开始更新音乐URL...
[2026-04-07 20:33:12] 备份创建成功：backups/music_data_2026-04-07_20-33-12.json
[2026-04-07 20:33:19] 更新成功：汪苏泷 - 如果爱忘了 (live) (ID: 2124385868) - 无损音质
[2026-04-07 20:33:21] 更新成功：Dizzy Dizzo (蔡诗芸) - 雨过后的风景 (ID: 215382) - 标准、无损音质
[2026-04-07 20:33:21] 更新完成：成功更新 2 首歌曲
[2026-04-07 20:48:12] 开始更新音乐URL...
[2026-04-07 20:48:12] 备份创建成功：backups/music_data_2026-04-07_20-48-12.json
[2026-04-07 20:48:18] 更新成功：汪苏泷 - 如果爱忘了 (live) (ID: 2124385868) - 标准、无损音质
[2026-04-07 20:48:20] 更新成功：Dizzy Dizzo (蔡诗芸) - 雨过后的风景 (ID: 215382) - 标准、无损音质
[2026-04-07 20:48:21] 更新完成：成功更新 2 首歌曲
[2026-04-07 21:03:12] 开始更新音乐URL...
[2026-04-07 21:03:12] 备份创建成功：backups/music_data_2026-04-07_21-03-12.json
[2026-04-07 21:03:16] 更新成功：汪苏泷 - 如果爱忘了 (live) (ID: 2124385868) - 标准、无损音质
[2026-04-07 21:03:18] 更新成功：Dizzy Dizzo (蔡诗芸) - 雨过后的风景 (ID: 215382) - 标准、无损音质
[2026-04-07 21:03:19] 更新完成：成功更新 2 首歌曲
[2026-04-07 21:18:12] 开始更新音乐URL...
[2026-04-07 21:18:12] 备份创建成功：backups/music_data_2026-04-07_21-18-12.json
[2026-04-07 21:18:15] 更新成功：汪苏泷 - 如果爱忘了 (live) (ID: 2124385868) - 标准、无损音质
[2026-04-07 21:18:17] 更新成功：Dizzy Dizzo (蔡诗芸) - 雨过后的风景 (ID: 215382) - 标准、无损音质
[2026-04-07 21:18:17] 更新完成：成功更新 2 首歌曲
[2026-04-07 21:33:12] 开始更新音乐URL...
[2026-04-07 21:33:12] 备份创建成功：backups/music_data_2026-04-07_21-33-12.json
[2026-04-07 21:33:16] 更新成功：汪苏泷 - 如果爱忘了 (live) (ID: 2124385868) - 标准、无损音质
[2026-04-07 21:33:18] 更新成功：Dizzy Dizzo (蔡诗芸) - 雨过后的风景 (ID: 215382) - 标准、无损音质
[2026-04-07 21:33:19] 更新完成：成功更新 2 首歌曲
[2026-04-07 21:48:12] 开始更新音乐URL...
[2026-04-07 21:48:12] 备份创建成功：backups/music_data_2026-04-07_21-48-12.json
[2026-04-07 21:48:15] 更新成功：汪苏泷 - 如果爱忘了 (live) (ID: 2124385868) - 标准、无损音质
[2026-04-07 21:48:17] 更新成功：Dizzy Dizzo (蔡诗芸) - 雨过后的风景 (ID: 215382) - 标准、无损音质
[2026-04-07 21:48:18] 更新完成：成功更新 2 首歌曲
[2026-04-07 22:03:12] 开始更新音乐URL...
[2026-04-07 22:03:12] 备份创建成功：backups/music_data_2026-04-07_22-03-12.json
[2026-04-07 22:03:14] 更新成功：汪苏泷 - 如果爱忘了 (live) (ID: 2124385868) - 标准、无损音质
[2026-04-07 22:03:16] 更新成功：Dizzy Dizzo (蔡诗芸) - 雨过后的风景 (ID: 215382) - 标准、无损音质
[2026-04-07 22:03:17] 更新完成：成功更新 2 首歌曲
[2026-04-07 22:18:12] 开始更新音乐URL...
[2026-04-07 22:18:12] 备份创建成功：backups/music_data_2026-04-07_22-18-12.json
[2026-04-07 22:18:15] 更新成功：汪苏泷 - 如果爱忘了 (live) (ID: 2124385868) - 标准、无损音质
[2026-04-07 22:18:17] 更新成功：Dizzy Dizzo (蔡诗芸) - 雨过后的风景 (ID: 215382) - 标准、无损音质
[2026-04-07 22:18:18] 更新完成：成功更新 2 首歌曲
[2026-04-07 22:33:12] 开始更新音乐URL...
[2026-04-07 22:33:12] 备份创建成功：backups/music_data_2026-04-07_22-33-12.json
[2026-04-07 22:33:14] 更新成功：汪苏泷 - 如果爱忘了 (live) (ID: 2124385868) - 标准、无损音质
[2026-04-07 22:33:17] 更新成功：Dizzy Dizzo (蔡诗芸) - 雨过后的风景 (ID: 215382) - 标准、无损音质
[2026-04-07 22:33:18] 更新完成：成功更新 2 首歌曲
[2026-04-07 22:48:12] 开始更新音乐URL...
[2026-04-07 22:48:12] 备份创建成功：backups/music_data_2026-04-07_22-48-12.json
[2026-04-07 22:48:15] 更新成功：汪苏泷 - 如果爱忘了 (live) (ID: 2124385868) - 标准、无损音质
[2026-04-07 22:48:17] 更新成功：Dizzy Dizzo (蔡诗芸) - 雨过后的风景 (ID: 215382) - 标准、无损音质
[2026-04-07 22:48:17] 更新完成：成功更新 2 首歌曲
[2026-04-07 23:03:12] 开始更新音乐URL...
[2026-04-07 23:03:12] 备份创建成功：backups/music_data_2026-04-07_23-03-12.json
[2026-04-07 23:03:15] 更新成功：汪苏泷 - 如果爱忘了 (live) (ID: 2124385868) - 标准、无损音质
[2026-04-07 23:03:17] 更新成功：Dizzy Dizzo (蔡诗芸) - 雨过后的风景 (ID: 215382) - 标准、无损音质
[2026-04-07 23:03:17] 更新完成：成功更新 2 首歌曲
[2026-04-07 23:18:12] 开始更新音乐URL...
[2026-04-07 23:18:12] 备份创建成功：backups/music_data_2026-04-07_23-18-12.json
[2026-04-07 23:18:15] 更新成功：汪苏泷 - 如果爱忘了 (live) (ID: 2124385868) - 标准、无损音质
[2026-04-07 23:18:17] 更新成功：Dizzy Dizzo (蔡诗芸) - 雨过后的风景 (ID: 215382) - 标准、无损音质
[2026-04-07 23:18:18] 更新完成：成功更新 2 首歌曲
[2026-04-07 23:33:12] 开始更新音乐URL...
[2026-04-07 23:33:12] 备份创建成功：backups/music_data_2026-04-07_23-33-12.json
[2026-04-07 23:33:15] 更新成功：汪苏泷 - 如果爱忘了 (live) (ID: 2124385868) - 标准、无损音质
[2026-04-07 23:33:17] 更新成功：Dizzy Dizzo (蔡诗芸) - 雨过后的风景 (ID: 215382) - 标准、无损音质
[2026-04-07 23:33:18] 更新完成：成功更新 2 首歌曲
[2026-04-07 23:48:12] 开始更新音乐URL...
[2026-04-07 23:48:12] 备份创建成功：backups/music_data_2026-04-07_23-48-12.json
[2026-04-07 23:48:15] 更新成功：汪苏泷 - 如果爱忘了 (live) (ID: 2124385868) - 标准、无损音质
[2026-04-07 23:48:17] 更新成功：Dizzy Dizzo (蔡诗芸) - 雨过后的风景 (ID: 215382) - 标准、无损音质
[2026-04-07 23:48:18] 更新完成：成功更新 2 首歌曲
[2026-04-08 00:03:12] 开始更新音乐URL...
[2026-04-08 00:03:12] 备份创建成功：backups/music_data_2026-04-08_00-03-12.json
[2026-04-08 00:03:15] 更新成功：汪苏泷 - 如果爱忘了 (live) (ID: 2124385868) - 标准、无损音质
[2026-04-08 00:03:18] 更新成功：Dizzy Dizzo (蔡诗芸) - 雨过后的风景 (ID: 215382) - 标准、无损音质
[2026-04-08 00:03:19] 更新完成：成功更新 2 首歌曲
[2026-04-08 00:18:12] 开始更新音乐URL...
[2026-04-08 00:18:12] 备份创建成功：backups/music_data_2026-04-08_00-18-12.json
[2026-04-08 00:18:15] 更新成功：汪苏泷 - 如果爱忘了 (live) (ID: 2124385868) - 标准、无损音质
[2026-04-08 00:18:17] 更新成功：Dizzy Dizzo (蔡诗芸) - 雨过后的风景 (ID: 215382) - 标准、无损音质
[2026-04-08 00:18:17] 更新完成：成功更新 2 首歌曲
[2026-04-08 00:33:12] 开始更新音乐URL...
[2026-04-08 00:33:12] 备份创建成功：backups/music_data_2026-04-08_00-33-12.json
[2026-04-08 00:33:15] 更新成功：汪苏泷 - 如果爱忘了 (live) (ID: 2124385868) - 标准、无损音质
[2026-04-08 00:33:17] 更新成功：Dizzy Dizzo (蔡诗芸) - 雨过后的风景 (ID: 215382) - 标准、无损音质
[2026-04-08 00:33:18] 更新完成：成功更新 2 首歌曲
[2026-04-08 00:48:12] 开始更新音乐URL...
[2026-04-08 00:48:12] 备份创建成功：backups/music_data_2026-04-08_00-48-12.json
[2026-04-08 00:48:14] 更新成功：汪苏泷 - 如果爱忘了 (live) (ID: 2124385868) - 标准、无损音质
[2026-04-08 00:48:16] 更新成功：Dizzy Dizzo (蔡诗芸) - 雨过后的风景 (ID: 215382) - 标准、无损音质
[2026-04-08 00:48:17] 更新完成：成功更新 2 首歌曲
[2026-04-08 01:03:12] 开始更新音乐URL...
[2026-04-08 01:03:12] 备份创建成功：backups/music_data_2026-04-08_01-03-12.json
[2026-04-08 01:03:18] 更新成功：汪苏泷 - 如果爱忘了 (live) (ID: 2124385868) - 无损音质
[2026-04-08 01:03:21] 更新成功：Dizzy Dizzo (蔡诗芸) - 雨过后的风景 (ID: 215382) - 标准、无损音质
[2026-04-08 01:03:22] 更新完成：成功更新 2 首歌曲
[2026-04-08 01:18:12] 开始更新音乐URL...
[2026-04-08 01:18:12] 备份创建成功：backups/music_data_2026-04-08_01-18-12.json
[2026-04-08 01:18:16] 更新成功：汪苏泷 - 如果爱忘了 (live) (ID: 2124385868) - 标准、无损音质
[2026-04-08 01:18:18] 更新成功：Dizzy Dizzo (蔡诗芸) - 雨过后的风景 (ID: 215382) - 标准、无损音质
[2026-04-08 01:18:18] 更新完成：成功更新 2 首歌曲
[2026-04-08 01:33:12] 开始更新音乐URL...
[2026-04-08 01:33:12] 备份创建成功：backups/music_data_2026-04-08_01-33-12.json
[2026-04-08 01:33:14] 更新成功：汪苏泷 - 如果爱忘了 (live) (ID: 2124385868) - 标准、无损音质
[2026-04-08 01:33:17] 更新成功：Dizzy Dizzo (蔡诗芸) - 雨过后的风景 (ID: 215382) - 标准、无损音质
[2026-04-08 01:33:17] 更新完成：成功更新 2 首歌曲
[2026-04-08 01:48:12] 开始更新音乐URL...
[2026-04-08 01:48:12] 备份创建成功：backups/music_data_2026-04-08_01-48-12.json
[2026-04-08 01:48:15] 更新成功：汪苏泷 - 如果爱忘了 (live) (ID: 2124385868) - 标准、无损音质
[2026-04-08 01:48:17] 更新成功：Dizzy Dizzo (蔡诗芸) - 雨过后的风景 (ID: 215382) - 标准、无损音质
[2026-04-08 01:48:18] 更新完成：成功更新 2 首歌曲
[2026-04-08 02:03:12] 开始更新音乐URL...
[2026-04-08 02:03:12] 备份创建成功：backups/music_data_2026-04-08_02-03-12.json
[2026-04-08 02:03:14] 更新成功：汪苏泷 - 如果爱忘了 (live) (ID: 2124385868) - 标准、无损音质
[2026-04-08 02:03:17] 更新成功：Dizzy Dizzo (蔡诗芸) - 雨过后的风景 (ID: 215382) - 标准、无损音质
[2026-04-08 02:03:18] 更新完成：成功更新 2 首歌曲
[2026-04-08 02:18:12] 开始更新音乐URL...
[2026-04-08 02:18:12] 备份创建成功：backups/music_data_2026-04-08_02-18-12.json
[2026-04-08 02:18:15] 更新成功：汪苏泷 - 如果爱忘了 (live) (ID: 2124385868) - 标准、无损音质
[2026-04-08 02:18:17] 更新成功：Dizzy Dizzo (蔡诗芸) - 雨过后的风景 (ID: 215382) - 标准、无损音质
[2026-04-08 02:18:18] 更新完成：成功更新 2 首歌曲
[2026-04-08 02:33:12] 开始更新音乐URL...
[2026-04-08 02:33:12] 备份创建成功：backups/music_data_2026-04-08_02-33-12.json
[2026-04-08 02:33:16] 更新成功：汪苏泷 - 如果爱忘了 (live) (ID: 2124385868) - 标准、无损音质
[2026-04-08 02:33:18] 更新成功：Dizzy Dizzo (蔡诗芸) - 雨过后的风景 (ID: 215382) - 标准、无损音质
[2026-04-08 02:33:19] 更新完成：成功更新 2 首歌曲
[2026-04-08 02:48:12] 开始更新音乐URL...
[2026-04-08 02:48:12] 备份创建成功：backups/music_data_2026-04-08_02-48-12.json
[2026-04-08 02:48:17] 更新成功：汪苏泷 - 如果爱忘了 (live) (ID: 2124385868) - 标准、无损音质
[2026-04-08 02:48:21] 更新成功：Dizzy Dizzo (蔡诗芸) - 雨过后的风景 (ID: 215382) - 标准、无损音质
[2026-04-08 02:48:22] 更新完成：成功更新 2 首歌曲
[2026-04-08 03:03:12] 开始更新音乐URL...
[2026-04-08 03:03:12] 备份创建成功：backups/music_data_2026-04-08_03-03-12.json
[2026-04-08 03:03:16] 更新成功：汪苏泷 - 如果爱忘了 (live) (ID: 2124385868) - 标准、无损音质
[2026-04-08 03:03:18] 更新成功：Dizzy Dizzo (蔡诗芸) - 雨过后的风景 (ID: 215382) - 标准、无损音质
[2026-04-08 03:03:18] 更新完成：成功更新 2 首歌曲
[2026-04-08 03:18:12] 开始更新音乐URL...
[2026-04-08 03:18:12] 备份创建成功：backups/music_data_2026-04-08_03-18-12.json
[2026-04-08 03:18:16] 更新成功：汪苏泷 - 如果爱忘了 (live) (ID: 2124385868) - 标准、无损音质
[2026-04-08 03:18:18] 更新成功：Dizzy Dizzo (蔡诗芸) - 雨过后的风景 (ID: 215382) - 标准、无损音质
[2026-04-08 03:18:19] 更新完成：成功更新 2 首歌曲
[2026-04-08 03:33:12] 开始更新音乐URL...
[2026-04-08 03:33:12] 备份创建成功：backups/music_data_2026-04-08_03-33-12.json
[2026-04-08 03:33:16] 更新成功：汪苏泷 - 如果爱忘了 (live) (ID: 2124385868) - 标准、无损音质
[2026-04-08 03:33:18] 更新成功：Dizzy Dizzo (蔡诗芸) - 雨过后的风景 (ID: 215382) - 标准、无损音质
[2026-04-08 03:33:19] 更新完成：成功更新 2 首歌曲
[2026-04-08 03:48:12] 开始更新音乐URL...
[2026-04-08 03:48:12] 备份创建成功：backups/music_data_2026-04-08_03-48-12.json
[2026-04-08 03:48:15] 更新成功：汪苏泷 - 如果爱忘了 (live) (ID: 2124385868) - 标准、无损音质
[2026-04-08 03:48:18] 更新成功：Dizzy Dizzo (蔡诗芸) - 雨过后的风景 (ID: 215382) - 标准、无损音质
[2026-04-08 03:48:19] 更新完成：成功更新 2 首歌曲
[2026-04-08 04:03:12] 开始更新音乐URL...
[2026-04-08 04:03:12] 备份创建成功：backups/music_data_2026-04-08_04-03-12.json
[2026-04-08 04:03:14] 更新成功：汪苏泷 - 如果爱忘了 (live) (ID: 2124385868) - 标准、无损音质
[2026-04-08 04:03:16] 更新成功：Dizzy Dizzo (蔡诗芸) - 雨过后的风景 (ID: 215382) - 标准、无损音质
[2026-04-08 04:03:17] 更新完成：成功更新 2 首歌曲
[2026-04-08 04:18:12] 开始更新音乐URL...
[2026-04-08 04:18:12] 备份创建成功：backups/music_data_2026-04-08_04-18-12.json
[2026-04-08 04:18:14] 更新成功：汪苏泷 - 如果爱忘了 (live) (ID: 2124385868) - 标准、无损音质
[2026-04-08 04:18:17] 更新成功：Dizzy Dizzo (蔡诗芸) - 雨过后的风景 (ID: 215382) - 标准、无损音质
[2026-04-08 04:18:17] 更新完成：成功更新 2 首歌曲
[2026-04-08 04:33:12] 开始更新音乐URL...
[2026-04-08 04:33:12] 备份创建成功：backups/music_data_2026-04-08_04-33-12.json
[2026-04-08 04:33:14] 更新成功：汪苏泷 - 如果爱忘了 (live) (ID: 2124385868) - 标准、无损音质
[2026-04-08 04:33:17] 更新成功：Dizzy Dizzo (蔡诗芸) - 雨过后的风景 (ID: 215382) - 标准、无损音质
[2026-04-08 04:33:17] 更新完成：成功更新 2 首歌曲
[2026-04-08 04:48:12] 开始更新音乐URL...
[2026-04-08 04:48:12] 备份创建成功：backups/music_data_2026-04-08_04-48-12.json
[2026-04-08 04:48:16] 更新成功：汪苏泷 - 如果爱忘了 (live) (ID: 2124385868) - 标准、无损音质
[2026-04-08 04:48:18] 更新成功：Dizzy Dizzo (蔡诗芸) - 雨过后的风景 (ID: 215382) - 标准、无损音质
[2026-04-08 04:48:19] 更新完成：成功更新 2 首歌曲
[2026-04-08 05:03:12] 开始更新音乐URL...
[2026-04-08 05:03:12] 备份创建成功：backups/music_data_2026-04-08_05-03-12.json
[2026-04-08 05:03:16] 更新成功：汪苏泷 - 如果爱忘了 (live) (ID: 2124385868) - 标准、无损音质
[2026-04-08 05:03:18] 更新成功：Dizzy Dizzo (蔡诗芸) - 雨过后的风景 (ID: 215382) - 标准、无损音质
[2026-04-08 05:03:19] 更新完成：成功更新 2 首歌曲
[2026-04-08 05:18:12] 开始更新音乐URL...
[2026-04-08 05:18:12] 备份创建成功：backups/music_data_2026-04-08_05-18-12.json
[2026-04-08 05:18:15] 更新成功：汪苏泷 - 如果爱忘了 (live) (ID: 2124385868) - 标准、无损音质
[2026-04-08 05:18:18] 更新成功：Dizzy Dizzo (蔡诗芸) - 雨过后的风景 (ID: 215382) - 标准、无损音质
[2026-04-08 05:18:18] 更新完成：成功更新 2 首歌曲
[2026-04-08 05:33:12] 开始更新音乐URL...
[2026-04-08 05:33:12] 备份创建成功：backups/music_data_2026-04-08_05-33-12.json
[2026-04-08 05:33:15] 更新成功：汪苏泷 - 如果爱忘了 (live) (ID: 2124385868) - 标准、无损音质
[2026-04-08 05:33:18] 更新成功：Dizzy Dizzo (蔡诗芸) - 雨过后的风景 (ID: 215382) - 标准、无损音质
[2026-04-08 05:33:18] 更新完成：成功更新 2 首歌曲
[2026-04-08 05:48:12] 开始更新音乐URL...
[2026-04-08 05:48:12] 备份创建成功：backups/music_data_2026-04-08_05-48-12.json
[2026-04-08 05:48:14] 更新成功：汪苏泷 - 如果爱忘了 (live) (ID: 2124385868) - 标准、无损音质
[2026-04-08 05:48:17] 更新成功：Dizzy Dizzo (蔡诗芸) - 雨过后的风景 (ID: 215382) - 标准、无损音质
[2026-04-08 05:48:17] 更新完成：成功更新 2 首歌曲
[2026-04-08 06:03:12] 开始更新音乐URL...
[2026-04-08 06:03:12] 备份创建成功：backups/music_data_2026-04-08_06-03-12.json
[2026-04-08 06:03:16] 更新成功：汪苏泷 - 如果爱忘了 (live) (ID: 2124385868) - 标准、无损音质
[2026-04-08 06:03:18] 更新成功：Dizzy Dizzo (蔡诗芸) - 雨过后的风景 (ID: 215382) - 标准、无损音质
[2026-04-08 06:03:18] 更新完成：成功更新 2 首歌曲
[2026-04-08 06:18:12] 开始更新音乐URL...
[2026-04-08 06:18:12] 备份创建成功：backups/music_data_2026-04-08_06-18-12.json
[2026-04-08 06:18:16] 更新成功：汪苏泷 - 如果爱忘了 (live) (ID: 2124385868) - 标准、无损音质
[2026-04-08 06:18:19] 更新成功：Dizzy Dizzo (蔡诗芸) - 雨过后的风景 (ID: 215382) - 标准、无损音质
[2026-04-08 06:18:19] 更新完成：成功更新 2 首歌曲
[2026-04-08 06:33:12] 开始更新音乐URL...
[2026-04-08 06:33:12] 备份创建成功：backups/music_data_2026-04-08_06-33-12.json
[2026-04-08 06:33:15] 更新成功：汪苏泷 - 如果爱忘了 (live) (ID: 2124385868) - 标准、无损音质
[2026-04-08 06:33:18] 更新成功：Dizzy Dizzo (蔡诗芸) - 雨过后的风景 (ID: 215382) - 标准、无损音质
[2026-04-08 06:33:18] 更新完成：成功更新 2 首歌曲
[2026-04-08 06:48:12] 开始更新音乐URL...
[2026-04-08 06:48:12] 备份创建成功：backups/music_data_2026-04-08_06-48-12.json
[2026-04-08 06:48:14] 更新成功：汪苏泷 - 如果爱忘了 (live) (ID: 2124385868) - 标准、无损音质
[2026-04-08 06:48:17] 更新成功：Dizzy Dizzo (蔡诗芸) - 雨过后的风景 (ID: 215382) - 标准、无损音质
[2026-04-08 06:48:18] 更新完成：成功更新 2 首歌曲
[2026-04-08 07:03:12] 开始更新音乐URL...
[2026-04-08 07:03:12] 备份创建成功：backups/music_data_2026-04-08_07-03-12.json
[2026-04-08 07:03:14] 更新成功：汪苏泷 - 如果爱忘了 (live) (ID: 2124385868) - 标准、无损音质
[2026-04-08 07:03:16] 更新成功：Dizzy Dizzo (蔡诗芸) - 雨过后的风景 (ID: 215382) - 标准、无损音质
[2026-04-08 07:03:17] 更新完成：成功更新 2 首歌曲
[2026-04-08 07:18:12] 开始更新音乐URL...
[2026-04-08 07:18:12] 备份创建成功：backups/music_data_2026-04-08_07-18-12.json
[2026-04-08 07:18:15] 更新成功：汪苏泷 - 如果爱忘了 (live) (ID: 2124385868) - 标准、无损音质
[2026-04-08 07:18:18] 更新成功：Dizzy Dizzo (蔡诗芸) - 雨过后的风景 (ID: 215382) - 标准、无损音质
[2026-04-08 07:18:18] 更新完成：成功更新 2 首歌曲
[2026-04-08 07:33:12] 开始更新音乐URL...
[2026-04-08 07:33:12] 备份创建成功：backups/music_data_2026-04-08_07-33-12.json
[2026-04-08 07:33:15] 更新成功：汪苏泷 - 如果爱忘了 (live) (ID: 2124385868) - 标准、无损音质
[2026-04-08 07:33:17] 更新成功：Dizzy Dizzo (蔡诗芸) - 雨过后的风景 (ID: 215382) - 标准、无损音质
[2026-04-08 07:33:18] 更新完成：成功更新 2 首歌曲
[2026-04-08 07:48:12] 开始更新音乐URL...
[2026-04-08 07:48:12] 备份创建成功：backups/music_data_2026-04-08_07-48-12.json
[2026-04-08 07:48:15] 更新成功：汪苏泷 - 如果爱忘了 (live) (ID: 2124385868) - 标准、无损音质
[2026-04-08 07:48:17] 更新成功：Dizzy Dizzo (蔡诗芸) - 雨过后的风景 (ID: 215382) - 标准、无损音质
[2026-04-08 07:48:17] 更新完成：成功更新 2 首歌曲
[2026-04-08 08:03:12] 开始更新音乐URL...
[2026-04-08 08:03:12] 备份创建成功：backups/music_data_2026-04-08_08-03-12.json
[2026-04-08 08:03:16] 更新成功：汪苏泷 - 如果爱忘了 (live) (ID: 2124385868) - 标准、无损音质
[2026-04-08 08:03:18] 更新成功：Dizzy Dizzo (蔡诗芸) - 雨过后的风景 (ID: 215382) - 标准、无损音质
[2026-04-08 08:03:19] 更新完成：成功更新 2 首歌曲
[2026-04-08 08:18:12] 开始更新音乐URL...
[2026-04-08 08:18:12] 备份创建成功：backups/music_data_2026-04-08_08-18-12.json
[2026-04-08 08:18:15] 更新成功：汪苏泷 - 如果爱忘了 (live) (ID: 2124385868) - 标准、无损音质
[2026-04-08 08:18:17] 更新成功：Dizzy Dizzo (蔡诗芸) - 雨过后的风景 (ID: 215382) - 标准、无损音质
[2026-04-08 08:18:18] 更新完成：成功更新 2 首歌曲
[2026-04-08 08:33:12] 开始更新音乐URL...
[2026-04-08 08:33:12] 备份创建成功：backups/music_data_2026-04-08_08-33-12.json
[2026-04-08 08:33:15] 更新成功：汪苏泷 - 如果爱忘了 (live) (ID: 2124385868) - 标准、无损音质
[2026-04-08 08:33:17] 更新成功：Dizzy Dizzo (蔡诗芸) - 雨过后的风景 (ID: 215382) - 标准、无损音质
[2026-04-08 08:33:18] 更新完成：成功更新 2 首歌曲
[2026-04-08 08:48:12] 开始更新音乐URL...
[2026-04-08 08:48:12] 备份创建成功：backups/music_data_2026-04-08_08-48-12.json
[2026-04-08 08:48:15] 更新成功：汪苏泷 - 如果爱忘了 (live) (ID: 2124385868) - 标准、无损音质
[2026-04-08 08:48:18] 更新成功：Dizzy Dizzo (蔡诗芸) - 雨过后的风景 (ID: 215382) - 标准、无损音质
[2026-04-08 08:48:18] 更新完成：成功更新 2 首歌曲
[2026-04-08 09:03:12] 开始更新音乐URL...
[2026-04-08 09:03:12] 备份创建成功：backups/music_data_2026-04-08_09-03-12.json
[2026-04-08 09:03:15] 更新成功：汪苏泷 - 如果爱忘了 (live) (ID: 2124385868) - 标准、无损音质
[2026-04-08 09:03:18] 更新成功：Dizzy Dizzo (蔡诗芸) - 雨过后的风景 (ID: 215382) - 标准、无损音质
[2026-04-08 09:03:18] 更新完成：成功更新 2 首歌曲
[2026-04-08 09:18:12] 开始更新音乐URL...
[2026-04-08 09:18:12] 备份创建成功：backups/music_data_2026-04-08_09-18-12.json
[2026-04-08 09:18:15] 更新成功：汪苏泷 - 如果爱忘了 (live) (ID: 2124385868) - 标准、无损音质
[2026-04-08 09:18:17] 更新成功：Dizzy Dizzo (蔡诗芸) - 雨过后的风景 (ID: 215382) - 标准、无损音质
[2026-04-08 09:18:18] 更新完成：成功更新 2 首歌曲
[2026-04-08 09:33:12] 开始更新音乐URL...
[2026-04-08 09:33:12] 备份创建成功：backups/music_data_2026-04-08_09-33-12.json
[2026-04-08 09:33:20] 更新成功：汪苏泷 - 如果爱忘了 (live) (ID: 2124385868) - 无损音质
[2026-04-08 09:33:25] 更新成功：Dizzy Dizzo (蔡诗芸) - 雨过后的风景 (ID: 215382) - 标准、无损音质
[2026-04-08 09:33:25] 更新完成：成功更新 2 首歌曲
[2026-04-08 09:48:12] 开始更新音乐URL...
[2026-04-08 09:48:12] 备份创建成功：backups/music_data_2026-04-08_09-48-12.json
[2026-04-08 09:48:14] 更新成功：汪苏泷 - 如果爱忘了 (live) (ID: 2124385868) - 标准、无损音质
[2026-04-08 09:48:17] 更新成功：Dizzy Dizzo (蔡诗芸) - 雨过后的风景 (ID: 215382) - 标准、无损音质
[2026-04-08 09:48:17] 更新完成：成功更新 2 首歌曲
[2026-04-08 10:03:12] 开始更新音乐URL...
[2026-04-08 10:03:12] 备份创建成功：backups/music_data_2026-04-08_10-03-12.json
[2026-04-08 10:03:14] 更新成功：汪苏泷 - 如果爱忘了 (live) (ID: 2124385868) - 标准、无损音质
[2026-04-08 10:03:17] 更新成功：Dizzy Dizzo (蔡诗芸) - 雨过后的风景 (ID: 215382) - 标准、无损音质
[2026-04-08 10:03:17] 更新完成：成功更新 2 首歌曲
[2026-04-08 10:18:12] 开始更新音乐URL...
[2026-04-08 10:18:12] 备份创建成功：backups/music_data_2026-04-08_10-18-12.json
[2026-04-08 10:18:16] 更新成功：汪苏泷 - 如果爱忘了 (live) (ID: 2124385868) - 标准、无损音质
[2026-04-08 10:18:18] 更新成功：Dizzy Dizzo (蔡诗芸) - 雨过后的风景 (ID: 215382) - 标准、无损音质
[2026-04-08 10:18:19] 更新完成：成功更新 2 首歌曲
[2026-04-08 10:33:12] 开始更新音乐URL...
[2026-04-08 10:33:12] 备份创建成功：backups/music_data_2026-04-08_10-33-12.json
[2026-04-08 10:33:17] 更新成功：汪苏泷 - 如果爱忘了 (live) (ID: 2124385868) - 标准、无损音质
[2026-04-08 10:33:20] 更新成功：Dizzy Dizzo (蔡诗芸) - 雨过后的风景 (ID: 215382) - 标准、无损音质
[2026-04-08 10:33:20] 更新完成：成功更新 2 首歌曲
[2026-04-08 10:48:12] 开始更新音乐URL...
[2026-04-08 10:48:12] 备份创建成功：backups/music_data_2026-04-08_10-48-12.json
[2026-04-08 10:48:15] 更新成功：汪苏泷 - 如果爱忘了 (live) (ID: 2124385868) - 标准、无损音质
[2026-04-08 10:48:17] 更新成功：Dizzy Dizzo (蔡诗芸) - 雨过后的风景 (ID: 215382) - 标准、无损音质
[2026-04-08 10:48:17] 更新完成：成功更新 2 首歌曲
[2026-04-08 11:03:12] 开始更新音乐URL...
[2026-04-08 11:03:12] 备份创建成功：backups/music_data_2026-04-08_11-03-12.json
[2026-04-08 11:03:15] 更新成功：汪苏泷 - 如果爱忘了 (live) (ID: 2124385868) - 标准、无损音质
[2026-04-08 11:03:18] 更新成功：Dizzy Dizzo (蔡诗芸) - 雨过后的风景 (ID: 215382) - 标准、无损音质
[2026-04-08 11:03:18] 更新完成：成功更新 2 首歌曲
[2026-04-08 11:18:12] 开始更新音乐URL...
[2026-04-08 11:18:12] 备份创建成功：backups/music_data_2026-04-08_11-18-12.json
[2026-04-08 11:18:14] 更新成功：汪苏泷 - 如果爱忘了 (live) (ID: 2124385868) - 标准、无损音质
[2026-04-08 11:18:17] 更新成功：Dizzy Dizzo (蔡诗芸) - 雨过后的风景 (ID: 215382) - 标准、无损音质
[2026-04-08 11:18:17] 更新完成：成功更新 2 首歌曲
[2026-04-08 11:33:12] 开始更新音乐URL...
[2026-04-08 11:33:12] 备份创建成功：backups/music_data_2026-04-08_11-33-12.json
[2026-04-08 11:33:15] 更新成功：汪苏泷 - 如果爱忘了 (live) (ID: 2124385868) - 标准、无损音质
[2026-04-08 11:33:17] 更新成功：Dizzy Dizzo (蔡诗芸) - 雨过后的风景 (ID: 215382) - 标准、无损音质
[2026-04-08 11:33:17] 更新完成：成功更新 2 首歌曲
[2026-04-08 11:48:12] 开始更新音乐URL...
[2026-04-08 11:48:12] 备份创建成功：backups/music_data_2026-04-08_11-48-12.json
[2026-04-08 11:48:14] 更新成功：汪苏泷 - 如果爱忘了 (live) (ID: 2124385868) - 标准、无损音质
[2026-04-08 11:48:17] 更新成功：Dizzy Dizzo (蔡诗芸) - 雨过后的风景 (ID: 215382) - 标准、无损音质
[2026-04-08 11:48:17] 更新完成：成功更新 2 首歌曲
[2026-04-08 12:03:12] 开始更新音乐URL...
[2026-04-08 12:03:12] 备份创建成功：backups/music_data_2026-04-08_12-03-12.json
[2026-04-08 12:03:15] 更新成功：汪苏泷 - 如果爱忘了 (live) (ID: 2124385868) - 标准、无损音质
[2026-04-08 12:03:17] 更新成功：Dizzy Dizzo (蔡诗芸) - 雨过后的风景 (ID: 215382) - 标准、无损音质
[2026-04-08 12:03:17] 更新完成：成功更新 2 首歌曲
[2026-04-08 12:18:12] 开始更新音乐URL...
[2026-04-08 12:18:12] 备份创建成功：backups/music_data_2026-04-08_12-18-12.json
[2026-04-08 12:18:18] 更新成功：汪苏泷 - 如果爱忘了 (live) (ID: 2124385868) - 标准、无损音质
[2026-04-08 12:18:21] 更新成功：Dizzy Dizzo (蔡诗芸) - 雨过后的风景 (ID: 215382) - 标准、无损音质
[2026-04-08 12:18:21] 更新完成：成功更新 2 首歌曲
[2026-04-08 12:33:12] 开始更新音乐URL...
[2026-04-08 12:33:12] 备份创建成功：backups/music_data_2026-04-08_12-33-12.json
[2026-04-08 12:33:16] 更新成功：汪苏泷 - 如果爱忘了 (live) (ID: 2124385868) - 标准、无损音质
[2026-04-08 12:33:18] 更新成功：Dizzy Dizzo (蔡诗芸) - 雨过后的风景 (ID: 215382) - 标准、无损音质
[2026-04-08 12:33:19] 更新完成：成功更新 2 首歌曲
[2026-04-08 12:48:12] 开始更新音乐URL...
[2026-04-08 12:48:12] 备份创建成功：backups/music_data_2026-04-08_12-48-12.json
[2026-04-08 12:48:15] 更新成功：汪苏泷 - 如果爱忘了 (live) (ID: 2124385868) - 标准、无损音质
[2026-04-08 12:48:17] 更新成功：Dizzy Dizzo (蔡诗芸) - 雨过后的风景 (ID: 215382) - 标准、无损音质
[2026-04-08 12:48:18] 更新完成：成功更新 2 首歌曲
[2026-04-08 13:03:12] 开始更新音乐URL...
[2026-04-08 13:03:12] 备份创建成功：backups/music_data_2026-04-08_13-03-12.json
[2026-04-08 13:03:18] 更新成功：汪苏泷 - 如果爱忘了 (live) (ID: 2124385868) - 无损音质
[2026-04-08 13:03:21] 更新成功：Dizzy Dizzo (蔡诗芸) - 雨过后的风景 (ID: 215382) - 标准、无损音质
[2026-04-08 13:03:21] 更新完成：成功更新 2 首歌曲
[2026-04-08 13:18:12] 开始更新音乐URL...
[2026-04-08 13:18:12] 备份创建成功：backups/music_data_2026-04-08_13-18-12.json
[2026-04-08 13:18:15] 更新成功：汪苏泷 - 如果爱忘了 (live) (ID: 2124385868) - 标准、无损音质
[2026-04-08 13:18:17] 更新成功：Dizzy Dizzo (蔡诗芸) - 雨过后的风景 (ID: 215382) - 标准、无损音质
[2026-04-08 13:18:18] 更新完成：成功更新 2 首歌曲
[2026-04-08 13:33:12] 开始更新音乐URL...
[2026-04-08 13:33:12] 备份创建成功：backups/music_data_2026-04-08_13-33-12.json
[2026-04-08 13:33:16] 更新成功：汪苏泷 - 如果爱忘了 (live) (ID: 2124385868) - 标准、无损音质
[2026-04-08 13:33:18] 更新成功：Dizzy Dizzo (蔡诗芸) - 雨过后的风景 (ID: 215382) - 标准、无损音质
[2026-04-08 13:33:18] 更新完成：成功更新 2 首歌曲
[2026-04-08 13:48:12] 开始更新音乐URL...
[2026-04-08 13:48:12] 备份创建成功：backups/music_data_2026-04-08_13-48-12.json
[2026-04-08 13:48:18] 更新成功：汪苏泷 - 如果爱忘了 (live) (ID: 2124385868) - 无损音质
[2026-04-08 13:48:21] 更新成功：Dizzy Dizzo (蔡诗芸) - 雨过后的风景 (ID: 215382) - 标准、无损音质
[2026-04-08 13:48:21] 更新完成：成功更新 2 首歌曲
[2026-04-08 14:03:12] 开始更新音乐URL...
[2026-04-08 14:03:12] 备份创建成功：backups/music_data_2026-04-08_14-03-12.json
[2026-04-08 14:03:14] 更新成功：汪苏泷 - 如果爱忘了 (live) (ID: 2124385868) - 标准、无损音质
[2026-04-08 14:03:17] 更新成功：Dizzy Dizzo (蔡诗芸) - 雨过后的风景 (ID: 215382) - 标准、无损音质
[2026-04-08 14:03:17] 更新完成：成功更新 2 首歌曲
[2026-04-08 14:18:12] 开始更新音乐URL...
[2026-04-08 14:18:12] 备份创建成功：backups/music_data_2026-04-08_14-18-12.json
[2026-04-08 14:18:23] 更新失败：汪苏泷 - 如果爱忘了 (live) (ID: 2124385868) - 所有音质获取失败
[2026-04-08 14:18:25] 更新成功：Dizzy Dizzo (蔡诗芸) - 雨过后的风景 (ID: 215382) - 标准、无损音质
[2026-04-08 14:18:26] 更新完成：成功更新 1 首歌曲，1 首歌曲更新失败
[2026-04-08 14:33:12] 开始更新音乐URL...
[2026-04-08 14:33:12] 备份创建成功：backups/music_data_2026-04-08_14-33-12.json
[2026-04-08 14:33:18] 更新成功：汪苏泷 - 如果爱忘了 (live) (ID: 2124385868) - 无损音质
[2026-04-08 14:33:21] 更新成功：Dizzy Dizzo (蔡诗芸) - 雨过后的风景 (ID: 215382) - 标准、无损音质
[2026-04-08 14:33:21] 更新完成：成功更新 2 首歌曲
[2026-04-08 14:48:12] 开始更新音乐URL...
[2026-04-08 14:48:12] 备份创建成功：backups/music_data_2026-04-08_14-48-12.json
[2026-04-08 14:48:16] 更新成功：汪苏泷 - 如果爱忘了 (live) (ID: 2124385868) - 标准、无损音质
[2026-04-08 14:48:18] 更新成功：Dizzy Dizzo (蔡诗芸) - 雨过后的风景 (ID: 215382) - 标准、无损音质
[2026-04-08 14:48:18] 更新完成：成功更新 2 首歌曲
[2026-04-08 15:03:12] 开始更新音乐URL...
[2026-04-08 15:03:12] 备份创建成功：backups/music_data_2026-04-08_15-03-12.json
[2026-04-08 15:03:15] 更新成功：汪苏泷 - 如果爱忘了 (live) (ID: 2124385868) - 标准、无损音质
[2026-04-08 15:03:17] 更新成功：Dizzy Dizzo (蔡诗芸) - 雨过后的风景 (ID: 215382) - 标准、无损音质
[2026-04-08 15:03:18] 更新完成：成功更新 2 首歌曲
[2026-04-08 15:18:12] 开始更新音乐URL...
[2026-04-08 15:18:12] 备份创建成功：backups/music_data_2026-04-08_15-18-12.json
[2026-04-08 15:18:15] 更新成功：汪苏泷 - 如果爱忘了 (live) (ID: 2124385868) - 标准、无损音质
[2026-04-08 15:18:18] 更新成功：Dizzy Dizzo (蔡诗芸) - 雨过后的风景 (ID: 215382) - 标准、无损音质
[2026-04-08 15:18:18] 更新完成：成功更新 2 首歌曲
[2026-04-08 15:33:12] 开始更新音乐URL...
[2026-04-08 15:33:12] 备份创建成功：backups/music_data_2026-04-08_15-33-12.json
[2026-04-08 15:33:15] 更新成功：汪苏泷 - 如果爱忘了 (live) (ID: 2124385868) - 标准、无损音质
[2026-04-08 15:33:17] 更新成功：Dizzy Dizzo (蔡诗芸) - 雨过后的风景 (ID: 215382) - 标准、无损音质
[2026-04-08 15:33:17] 更新完成：成功更新 2 首歌曲
[2026-04-08 15:48:12] 开始更新音乐URL...
[2026-04-08 15:48:12] 备份创建成功：backups/music_data_2026-04-08_15-48-12.json
[2026-04-08 15:48:18] 更新成功：汪苏泷 - 如果爱忘了 (live) (ID: 2124385868) - 无损音质
[2026-04-08 15:48:21] 更新成功：Dizzy Dizzo (蔡诗芸) - 雨过后的风景 (ID: 215382) - 标准、无损音质
[2026-04-08 15:48:21] 更新完成：成功更新 2 首歌曲
[2026-04-08 16:03:12] 开始更新音乐URL...
[2026-04-08 16:03:12] 备份创建成功：backups/music_data_2026-04-08_16-03-12.json
[2026-04-08 16:03:18] 更新成功：汪苏泷 - 如果爱忘了 (live) (ID: 2124385868) - 无损音质
[2026-04-08 16:03:20] 更新成功：Dizzy Dizzo (蔡诗芸) - 雨过后的风景 (ID: 215382) - 标准、无损音质
[2026-04-08 16:03:21] 更新完成：成功更新 2 首歌曲
[2026-04-08 16:18:12] 开始更新音乐URL...
[2026-04-08 16:18:12] 备份创建成功：backups/music_data_2026-04-08_16-18-12.json
[2026-04-08 16:18:15] 更新成功：汪苏泷 - 如果爱忘了 (live) (ID: 2124385868) - 标准、无损音质
[2026-04-08 16:18:18] 更新成功：Dizzy Dizzo (蔡诗芸) - 雨过后的风景 (ID: 215382) - 标准、无损音质
[2026-04-08 16:18:18] 更新完成：成功更新 2 首歌曲
[2026-04-08 16:33:12] 开始更新音乐URL...
[2026-04-08 16:33:12] 备份创建成功：backups/music_data_2026-04-08_16-33-12.json
[2026-04-08 16:33:15] 更新成功：汪苏泷 - 如果爱忘了 (live) (ID: 2124385868) - 标准、无损音质
[2026-04-08 16:33:18] 更新成功：Dizzy Dizzo (蔡诗芸) - 雨过后的风景 (ID: 215382) - 标准、无损音质
[2026-04-08 16:33:18] 更新完成：成功更新 2 首歌曲
[2026-04-08 16:48:12] 开始更新音乐URL...
[2026-04-08 16:48:12] 备份创建成功：backups/music_data_2026-04-08_16-48-12.json
[2026-04-08 16:48:14] 更新成功：汪苏泷 - 如果爱忘了 (live) (ID: 2124385868) - 标准、无损音质
[2026-04-08 16:48:17] 更新成功：Dizzy Dizzo (蔡诗芸) - 雨过后的风景 (ID: 215382) - 标准、无损音质
[2026-04-08 16:48:17] 更新完成：成功更新 2 首歌曲
[2026-04-08 17:03:12] 开始更新音乐URL...
[2026-04-08 17:03:12] 备份创建成功：backups/music_data_2026-04-08_17-03-12.json
[2026-04-08 17:03:17] 更新成功：汪苏泷 - 如果爱忘了 (live) (ID: 2124385868) - 标准、无损音质
[2026-04-08 17:03:19] 更新成功：Dizzy Dizzo (蔡诗芸) - 雨过后的风景 (ID: 215382) - 标准、无损音质
[2026-04-08 17:03:20] 更新完成：成功更新 2 首歌曲
[2026-04-08 17:18:12] 开始更新音乐URL...
[2026-04-08 17:18:12] 备份创建成功：backups/music_data_2026-04-08_17-18-12.json
[2026-04-08 17:18:18] 更新成功：汪苏泷 - 如果爱忘了 (live) (ID: 2124385868) - 标准、无损音质
[2026-04-08 17:18:20] 更新成功：Dizzy Dizzo (蔡诗芸) - 雨过后的风景 (ID: 215382) - 标准、无损音质
[2026-04-08 17:18:20] 更新完成：成功更新 2 首歌曲
[2026-04-08 17:33:12] 开始更新音乐URL...
[2026-04-08 17:33:12] 备份创建成功：backups/music_data_2026-04-08_17-33-12.json
[2026-04-08 17:33:19] 更新成功：汪苏泷 - 如果爱忘了 (live) (ID: 2124385868) - 无损音质
[2026-04-08 17:33:21] 更新成功：Dizzy Dizzo (蔡诗芸) - 雨过后的风景 (ID: 215382) - 标准、无损音质
[2026-04-08 17:33:21] 更新完成：成功更新 2 首歌曲
[2026-04-08 17:48:12] 开始更新音乐URL...
[2026-04-08 17:48:12] 备份创建成功：backups/music_data_2026-04-08_17-48-12.json
[2026-04-08 17:48:19] 更新成功：汪苏泷 - 如果爱忘了 (live) (ID: 2124385868) - 无损音质
[2026-04-08 17:48:21] 更新成功：Dizzy Dizzo (蔡诗芸) - 雨过后的风景 (ID: 215382) - 标准、无损音质
[2026-04-08 17:48:21] 更新完成：成功更新 2 首歌曲
[2026-04-08 18:03:12] 开始更新音乐URL...
[2026-04-08 18:03:12] 备份创建成功：backups/music_data_2026-04-08_18-03-12.json
[2026-04-08 18:03:19] 更新成功：汪苏泷 - 如果爱忘了 (live) (ID: 2124385868) - 无损音质
[2026-04-08 18:03:22] 更新成功：Dizzy Dizzo (蔡诗芸) - 雨过后的风景 (ID: 215382) - 标准、无损音质
[2026-04-08 18:03:22] 更新完成：成功更新 2 首歌曲
[2026-04-08 18:18:12] 开始更新音乐URL...
[2026-04-08 18:18:12] 备份创建成功：backups/music_data_2026-04-08_18-18-12.json
[2026-04-08 18:18:14] 更新成功：汪苏泷 - 如果爱忘了 (live) (ID: 2124385868) - 标准、无损音质
[2026-04-08 18:18:17] 更新成功：Dizzy Dizzo (蔡诗芸) - 雨过后的风景 (ID: 215382) - 标准、无损音质
[2026-04-08 18:18:18] 更新完成：成功更新 2 首歌曲
[2026-04-08 18:33:12] 开始更新音乐URL...
[2026-04-08 18:33:12] 备份创建成功：backups/music_data_2026-04-08_18-33-12.json
[2026-04-08 18:33:14] 更新成功：汪苏泷 - 如果爱忘了 (live) (ID: 2124385868) - 标准、无损音质
[2026-04-08 18:33:16] 更新成功：Dizzy Dizzo (蔡诗芸) - 雨过后的风景 (ID: 215382) - 标准、无损音质
[2026-04-08 18:33:16] 更新完成：成功更新 2 首歌曲
[2026-04-08 18:48:12] 开始更新音乐URL...
[2026-04-08 18:48:12] 备份创建成功：backups/music_data_2026-04-08_18-48-12.json
[2026-04-08 18:48:14] 更新成功：汪苏泷 - 如果爱忘了 (live) (ID: 2124385868) - 标准、无损音质
[2026-04-08 18:48:16] 更新成功：Dizzy Dizzo (蔡诗芸) - 雨过后的风景 (ID: 215382) - 标准、无损音质
[2026-04-08 18:48:17] 更新完成：成功更新 2 首歌曲
[2026-04-08 19:03:12] 开始更新音乐URL...
[2026-04-08 19:03:12] 备份创建成功：backups/music_data_2026-04-08_19-03-12.json
[2026-04-08 19:03:14] 更新成功：汪苏泷 - 如果爱忘了 (live) (ID: 2124385868) - 标准、无损音质
[2026-04-08 19:03:17] 更新成功：Dizzy Dizzo (蔡诗芸) - 雨过后的风景 (ID: 215382) - 标准、无损音质
[2026-04-08 19:03:17] 更新完成：成功更新 2 首歌曲
[2026-04-08 19:18:12] 开始更新音乐URL...
[2026-04-08 19:18:12] 备份创建成功：backups/music_data_2026-04-08_19-18-12.json
[2026-04-08 19:18:14] 更新成功：汪苏泷 - 如果爱忘了 (live) (ID: 2124385868) - 标准、无损音质
[2026-04-08 19:18:17] 更新成功：Dizzy Dizzo (蔡诗芸) - 雨过后的风景 (ID: 215382) - 标准、无损音质
[2026-04-08 19:18:17] 更新完成：成功更新 2 首歌曲
[2026-04-08 19:33:12] 开始更新音乐URL...
[2026-04-08 19:33:12] 备份创建成功：backups/music_data_2026-04-08_19-33-12.json
[2026-04-08 19:33:14] 更新成功：汪苏泷 - 如果爱忘了 (live) (ID: 2124385868) - 标准、无损音质
[2026-04-08 19:33:16] 更新成功：Dizzy Dizzo (蔡诗芸) - 雨过后的风景 (ID: 215382) - 标准、无损音质
[2026-04-08 19:33:16] 更新完成：成功更新 2 首歌曲
[2026-04-08 19:48:12] 开始更新音乐URL...
[2026-04-08 19:48:12] 备份创建成功：backups/music_data_2026-04-08_19-48-12.json
[2026-04-08 19:48:14] 更新成功：汪苏泷 - 如果爱忘了 (live) (ID: 2124385868) - 标准、无损音质
[2026-04-08 19:48:16] 更新成功：Dizzy Dizzo (蔡诗芸) - 雨过后的风景 (ID: 215382) - 标准、无损音质
[2026-04-08 19:48:17] 更新完成：成功更新 2 首歌曲
[2026-04-08 20:03:12] 开始更新音乐URL...
[2026-04-08 20:03:12] 备份创建成功：backups/music_data_2026-04-08_20-03-12.json
[2026-04-08 20:03:14] 更新成功：汪苏泷 - 如果爱忘了 (live) (ID: 2124385868) - 标准、无损音质
[2026-04-08 20:03:17] 更新成功：Dizzy Dizzo (蔡诗芸) - 雨过后的风景 (ID: 215382) - 标准、无损音质
[2026-04-08 20:03:17] 更新完成：成功更新 2 首歌曲
[2026-04-08 20:18:12] 开始更新音乐URL...
[2026-04-08 20:18:12] 备份创建成功：backups/music_data_2026-04-08_20-18-12.json
[2026-04-08 20:18:17] 更新成功：汪苏泷 - 如果爱忘了 (live) (ID: 2124385868) - 标准、无损音质
[2026-04-08 20:18:23] 更新成功：Dizzy Dizzo (蔡诗芸) - 雨过后的风景 (ID: 215382) - 标准、无损音质
[2026-04-08 20:18:23] 更新完成：成功更新 2 首歌曲
[2026-04-08 20:33:12] 开始更新音乐URL...
[2026-04-08 20:33:12] 备份创建成功：backups/music_data_2026-04-08_20-33-12.json
[2026-04-08 20:33:15] 更新成功：汪苏泷 - 如果爱忘了 (live) (ID: 2124385868) - 标准、无损音质
[2026-04-08 20:33:18] 更新成功：Dizzy Dizzo (蔡诗芸) - 雨过后的风景 (ID: 215382) - 标准、无损音质
[2026-04-08 20:33:18] 更新完成：成功更新 2 首歌曲
[2026-04-08 20:48:12] 开始更新音乐URL...
[2026-04-08 20:48:12] 备份创建成功：backups/music_data_2026-04-08_20-48-12.json
[2026-04-08 20:48:14] 更新成功：汪苏泷 - 如果爱忘了 (live) (ID: 2124385868) - 标准、无损音质
[2026-04-08 20:48:16] 更新成功：Dizzy Dizzo (蔡诗芸) - 雨过后的风景 (ID: 215382) - 标准、无损音质
[2026-04-08 20:48:16] 更新完成：成功更新 2 首歌曲
[2026-04-08 21:03:12] 开始更新音乐URL...
[2026-04-08 21:03:12] 备份创建成功：backups/music_data_2026-04-08_21-03-12.json
[2026-04-08 21:03:13] 更新成功：汪苏泷 - 如果爱忘了 (live) (ID: 2124385868) - 标准、无损音质
[2026-04-08 21:03:16] 更新成功：Dizzy Dizzo (蔡诗芸) - 雨过后的风景 (ID: 215382) - 标准、无损音质
[2026-04-08 21:03:17] 更新完成：成功更新 2 首歌曲
[2026-04-08 21:18:12] 开始更新音乐URL...
[2026-04-08 21:18:12] 备份创建成功：backups/music_data_2026-04-08_21-18-12.json
[2026-04-08 21:18:14] 更新成功：汪苏泷 - 如果爱忘了 (live) (ID: 2124385868) - 标准、无损音质
[2026-04-08 21:18:16] 更新成功：Dizzy Dizzo (蔡诗芸) - 雨过后的风景 (ID: 215382) - 标准、无损音质
[2026-04-08 21:18:17] 更新完成：成功更新 2 首歌曲
[2026-04-08 21:33:12] 开始更新音乐URL...
[2026-04-08 21:33:12] 备份创建成功：backups/music_data_2026-04-08_21-33-12.json
[2026-04-08 21:33:13] 更新成功：汪苏泷 - 如果爱忘了 (live) (ID: 2124385868) - 标准、无损音质
[2026-04-08 21:33:16] 更新成功：Dizzy Dizzo (蔡诗芸) - 雨过后的风景 (ID: 215382) - 标准、无损音质
[2026-04-08 21:33:16] 更新完成：成功更新 2 首歌曲
[2026-04-08 21:48:12] 开始更新音乐URL...
[2026-04-08 21:48:12] 备份创建成功：backups/music_data_2026-04-08_21-48-12.json
[2026-04-08 21:48:14] 更新成功：汪苏泷 - 如果爱忘了 (live) (ID: 2124385868) - 标准、无损音质
[2026-04-08 21:48:17] 更新成功：Dizzy Dizzo (蔡诗芸) - 雨过后的风景 (ID: 215382) - 标准、无损音质
[2026-04-08 21:48:17] 更新完成：成功更新 2 首歌曲
[2026-04-08 22:03:12] 开始更新音乐URL...
[2026-04-08 22:03:12] 备份创建成功：backups/music_data_2026-04-08_22-03-12.json
[2026-04-08 22:03:13] 更新成功：汪苏泷 - 如果爱忘了 (live) (ID: 2124385868) - 标准、无损音质
[2026-04-08 22:03:16] 更新成功：Dizzy Dizzo (蔡诗芸) - 雨过后的风景 (ID: 215382) - 标准、无损音质
[2026-04-08 22:03:16] 更新完成：成功更新 2 首歌曲
[2026-04-08 22:18:12] 开始更新音乐URL...
[2026-04-08 22:18:12] 备份创建成功：backups/music_data_2026-04-08_22-18-12.json
[2026-04-08 22:18:15] 更新成功：汪苏泷 - 如果爱忘了 (live) (ID: 2124385868) - 标准、无损音质
[2026-04-08 22:18:17] 更新成功：Dizzy Dizzo (蔡诗芸) - 雨过后的风景 (ID: 215382) - 标准、无损音质
[2026-04-08 22:18:17] 更新完成：成功更新 2 首歌曲
[2026-04-08 22:33:12] 开始更新音乐URL...
[2026-04-08 22:33:12] 备份创建成功：backups/music_data_2026-04-08_22-33-12.json
[2026-04-08 22:33:14] 更新成功：汪苏泷 - 如果爱忘了 (live) (ID: 2124385868) - 标准、无损音质
[2026-04-08 22:33:16] 更新成功：Dizzy Dizzo (蔡诗芸) - 雨过后的风景 (ID: 215382) - 标准、无损音质
[2026-04-08 22:33:16] 更新完成：成功更新 2 首歌曲
[2026-04-08 22:48:12] 开始更新音乐URL...
[2026-04-08 22:48:12] 备份创建成功：backups/music_data_2026-04-08_22-48-12.json
[2026-04-08 22:48:14] 更新成功：汪苏泷 - 如果爱忘了 (live) (ID: 2124385868) - 标准、无损音质
[2026-04-08 22:48:16] 更新成功：Dizzy Dizzo (蔡诗芸) - 雨过后的风景 (ID: 215382) - 标准、无损音质
[2026-04-08 22:48:16] 更新完成：成功更新 2 首歌曲
[2026-04-08 23:03:12] 开始更新音乐URL...
[2026-04-08 23:03:12] 备份创建成功：backups/music_data_2026-04-08_23-03-12.json
[2026-04-08 23:03:14] 更新成功：汪苏泷 - 如果爱忘了 (live) (ID: 2124385868) - 标准、无损音质
[2026-04-08 23:03:16] 更新成功：Dizzy Dizzo (蔡诗芸) - 雨过后的风景 (ID: 215382) - 标准、无损音质
[2026-04-08 23:03:17] 更新完成：成功更新 2 首歌曲
[2026-04-08 23:18:12] 开始更新音乐URL...
[2026-04-08 23:18:12] 备份创建成功：backups/music_data_2026-04-08_23-18-12.json
[2026-04-08 23:18:14] 更新成功：汪苏泷 - 如果爱忘了 (live) (ID: 2124385868) - 标准、无损音质
[2026-04-08 23:18:16] 更新成功：Dizzy Dizzo (蔡诗芸) - 雨过后的风景 (ID: 215382) - 标准、无损音质
[2026-04-08 23:18:17] 更新完成：成功更新 2 首歌曲
[2026-04-08 23:33:12] 开始更新音乐URL...
[2026-04-08 23:33:12] 备份创建成功：backups/music_data_2026-04-08_23-33-12.json
[2026-04-08 23:33:14] 更新成功：汪苏泷 - 如果爱忘了 (live) (ID: 2124385868) - 标准、无损音质
[2026-04-08 23:33:17] 更新成功：Dizzy Dizzo (蔡诗芸) - 雨过后的风景 (ID: 215382) - 标准、无损音质
[2026-04-08 23:33:17] 更新完成：成功更新 2 首歌曲
[2026-04-08 23:48:12] 开始更新音乐URL...
[2026-04-08 23:48:12] 备份创建成功：backups/music_data_2026-04-08_23-48-12.json
[2026-04-08 23:48:14] 更新成功：汪苏泷 - 如果爱忘了 (live) (ID: 2124385868) - 标准、无损音质
[2026-04-08 23:48:16] 更新成功：Dizzy Dizzo (蔡诗芸) - 雨过后的风景 (ID: 215382) - 标准、无损音质
[2026-04-08 23:48:17] 更新完成：成功更新 2 首歌曲
[2026-04-09 00:03:12] 开始更新音乐URL...
[2026-04-09 00:03:12] 备份创建成功：backups/music_data_2026-04-09_00-03-12.json
[2026-04-09 00:03:15] 更新成功：汪苏泷 - 如果爱忘了 (live) (ID: 2124385868) - 标准、无损音质
[2026-04-09 00:03:17] 更新成功：Dizzy Dizzo (蔡诗芸) - 雨过后的风景 (ID: 215382) - 标准、无损音质
[2026-04-09 00:03:17] 更新完成：成功更新 2 首歌曲
[2026-04-09 00:18:12] 开始更新音乐URL...
[2026-04-09 00:18:12] 备份创建成功：backups/music_data_2026-04-09_00-18-12.json
[2026-04-09 00:18:14] 更新成功：汪苏泷 - 如果爱忘了 (live) (ID: 2124385868) - 标准、无损音质
[2026-04-09 00:18:16] 更新成功：Dizzy Dizzo (蔡诗芸) - 雨过后的风景 (ID: 215382) - 标准、无损音质
[2026-04-09 00:18:17] 更新完成：成功更新 2 首歌曲
[2026-04-09 00:33:12] 开始更新音乐URL...
[2026-04-09 00:33:12] 备份创建成功：backups/music_data_2026-04-09_00-33-12.json
[2026-04-09 00:33:14] 更新成功：汪苏泷 - 如果爱忘了 (live) (ID: 2124385868) - 标准、无损音质
[2026-04-09 00:33:16] 更新成功：Dizzy Dizzo (蔡诗芸) - 雨过后的风景 (ID: 215382) - 标准、无损音质
[2026-04-09 00:33:17] 更新完成：成功更新 2 首歌曲
[2026-04-09 00:48:12] 开始更新音乐URL...
[2026-04-09 00:48:12] 备份创建成功：backups/music_data_2026-04-09_00-48-12.json
[2026-04-09 00:48:15] 更新成功：汪苏泷 - 如果爱忘了 (live) (ID: 2124385868) - 标准、无损音质
[2026-04-09 00:48:17] 更新成功：Dizzy Dizzo (蔡诗芸) - 雨过后的风景 (ID: 215382) - 标准、无损音质
[2026-04-09 00:48:18] 更新完成：成功更新 2 首歌曲
[2026-04-09 01:03:12] 开始更新音乐URL...
[2026-04-09 01:03:12] 备份创建成功：backups/music_data_2026-04-09_01-03-12.json
[2026-04-09 01:03:14] 更新成功：汪苏泷 - 如果爱忘了 (live) (ID: 2124385868) - 标准、无损音质
[2026-04-09 01:03:17] 更新成功：Dizzy Dizzo (蔡诗芸) - 雨过后的风景 (ID: 215382) - 标准、无损音质
[2026-04-09 01:03:17] 更新完成：成功更新 2 首歌曲
[2026-04-09 01:18:12] 开始更新音乐URL...
[2026-04-09 01:18:12] 备份创建成功：backups/music_data_2026-04-09_01-18-12.json
[2026-04-09 01:18:14] 更新成功：汪苏泷 - 如果爱忘了 (live) (ID: 2124385868) - 标准、无损音质
[2026-04-09 01:18:16] 更新成功：Dizzy Dizzo (蔡诗芸) - 雨过后的风景 (ID: 215382) - 标准、无损音质
[2026-04-09 01:18:16] 更新完成：成功更新 2 首歌曲
[2026-04-09 01:33:12] 开始更新音乐URL...
[2026-04-09 01:33:12] 备份创建成功：backups/music_data_2026-04-09_01-33-12.json
[2026-04-09 01:33:14] 更新成功：汪苏泷 - 如果爱忘了 (live) (ID: 2124385868) - 标准、无损音质
[2026-04-09 01:33:21] 更新成功：Dizzy Dizzo (蔡诗芸) - 雨过后的风景 (ID: 215382) - 标准音质
[2026-04-09 01:33:22] 更新完成：成功更新 2 首歌曲
[2026-04-09 01:48:12] 开始更新音乐URL...
[2026-04-09 01:48:12] 备份创建成功：backups/music_data_2026-04-09_01-48-12.json
[2026-04-09 01:48:16] 更新成功：汪苏泷 - 如果爱忘了 (live) (ID: 2124385868) - 标准、无损音质
[2026-04-09 01:48:18] 更新成功：Dizzy Dizzo (蔡诗芸) - 雨过后的风景 (ID: 215382) - 标准、无损音质
[2026-04-09 01:48:19] 更新完成：成功更新 2 首歌曲
[2026-04-09 02:03:12] 开始更新音乐URL...
[2026-04-09 02:03:12] 备份创建成功：backups/music_data_2026-04-09_02-03-12.json
[2026-04-09 02:03:16] 更新成功：汪苏泷 - 如果爱忘了 (live) (ID: 2124385868) - 标准、无损音质
[2026-04-09 02:03:19] 更新成功：Dizzy Dizzo (蔡诗芸) - 雨过后的风景 (ID: 215382) - 标准、无损音质
[2026-04-09 02:03:19] 更新完成：成功更新 2 首歌曲
[2026-04-09 02:18:12] 开始更新音乐URL...
[2026-04-09 02:18:12] 备份创建成功：backups/music_data_2026-04-09_02-18-12.json
[2026-04-09 02:18:18] 更新成功：汪苏泷 - 如果爱忘了 (live) (ID: 2124385868) - 无损音质
[2026-04-09 02:18:21] 更新成功：Dizzy Dizzo (蔡诗芸) - 雨过后的风景 (ID: 215382) - 标准、无损音质
[2026-04-09 02:18:22] 更新完成：成功更新 2 首歌曲
[2026-04-09 02:33:13] 开始更新音乐URL...
[2026-04-09 02:33:13] 备份创建成功：backups/music_data_2026-04-09_02-33-13.json
[2026-04-09 02:33:15] 更新成功：汪苏泷 - 如果爱忘了 (live) (ID: 2124385868) - 标准、无损音质
[2026-04-09 02:33:18] 更新成功：Dizzy Dizzo (蔡诗芸) - 雨过后的风景 (ID: 215382) - 标准、无损音质
[2026-04-09 02:33:18] 更新完成：成功更新 2 首歌曲
[2026-04-09 02:48:12] 开始更新音乐URL...
[2026-04-09 02:48:12] 备份创建成功：backups/music_data_2026-04-09_02-48-12.json
[2026-04-09 02:48:14] 更新成功：汪苏泷 - 如果爱忘了 (live) (ID: 2124385868) - 标准、无损音质
[2026-04-09 02:48:16] 更新成功：Dizzy Dizzo (蔡诗芸) - 雨过后的风景 (ID: 215382) - 标准、无损音质
[2026-04-09 02:48:17] 更新完成：成功更新 2 首歌曲
[2026-04-09 03:03:12] 开始更新音乐URL...
[2026-04-09 03:03:12] 备份创建成功：backups/music_data_2026-04-09_03-03-12.json
[2026-04-09 03:03:14] 更新成功：汪苏泷 - 如果爱忘了 (live) (ID: 2124385868) - 标准、无损音质
[2026-04-09 03:03:16] 更新成功：Dizzy Dizzo (蔡诗芸) - 雨过后的风景 (ID: 215382) - 标准、无损音质
[2026-04-09 03:03:17] 更新完成：成功更新 2 首歌曲
[2026-04-09 03:18:12] 开始更新音乐URL...
[2026-04-09 03:18:12] 备份创建成功：backups/music_data_2026-04-09_03-18-12.json
[2026-04-09 03:18:14] 更新成功：汪苏泷 - 如果爱忘了 (live) (ID: 2124385868) - 标准、无损音质
[2026-04-09 03:18:16] 更新成功：Dizzy Dizzo (蔡诗芸) - 雨过后的风景 (ID: 215382) - 标准、无损音质
[2026-04-09 03:18:16] 更新完成：成功更新 2 首歌曲
[2026-04-09 03:33:12] 开始更新音乐URL...
[2026-04-09 03:33:12] 备份创建成功：backups/music_data_2026-04-09_03-33-12.json
[2026-04-09 03:33:14] 更新成功：汪苏泷 - 如果爱忘了 (live) (ID: 2124385868) - 标准、无损音质
[2026-04-09 03:33:16] 更新成功：Dizzy Dizzo (蔡诗芸) - 雨过后的风景 (ID: 215382) - 标准、无损音质
[2026-04-09 03:33:17] 更新完成：成功更新 2 首歌曲
[2026-04-09 03:48:12] 开始更新音乐URL...
[2026-04-09 03:48:12] 备份创建成功：backups/music_data_2026-04-09_03-48-12.json
[2026-04-09 03:48:14] 更新成功：汪苏泷 - 如果爱忘了 (live) (ID: 2124385868) - 标准、无损音质
[2026-04-09 03:48:17] 更新成功：Dizzy Dizzo (蔡诗芸) - 雨过后的风景 (ID: 215382) - 标准、无损音质
[2026-04-09 03:48:18] 更新完成：成功更新 2 首歌曲
[2026-04-09 04:03:12] 开始更新音乐URL...
[2026-04-09 04:03:12] 备份创建成功：backups/music_data_2026-04-09_04-03-12.json
[2026-04-09 04:03:14] 更新成功：汪苏泷 - 如果爱忘了 (live) (ID: 2124385868) - 标准、无损音质
[2026-04-09 04:03:17] 更新成功：Dizzy Dizzo (蔡诗芸) - 雨过后的风景 (ID: 215382) - 标准、无损音质
[2026-04-09 04:03:18] 更新完成：成功更新 2 首歌曲
[2026-04-09 04:18:12] 开始更新音乐URL...
[2026-04-09 04:18:12] 备份创建成功：backups/music_data_2026-04-09_04-18-12.json
[2026-04-09 04:18:14] 更新成功：汪苏泷 - 如果爱忘了 (live) (ID: 2124385868) - 标准、无损音质
[2026-04-09 04:18:17] 更新成功：Dizzy Dizzo (蔡诗芸) - 雨过后的风景 (ID: 215382) - 标准、无损音质
[2026-04-09 04:18:18] 更新完成：成功更新 2 首歌曲
[2026-04-09 04:33:12] 开始更新音乐URL...
[2026-04-09 04:33:12] 备份创建成功：backups/music_data_2026-04-09_04-33-12.json
[2026-04-09 04:33:14] 更新成功：汪苏泷 - 如果爱忘了 (live) (ID: 2124385868) - 标准、无损音质
[2026-04-09 04:33:17] 更新成功：Dizzy Dizzo (蔡诗芸) - 雨过后的风景 (ID: 215382) - 标准、无损音质
[2026-04-09 04:33:17] 更新完成：成功更新 2 首歌曲
[2026-04-09 04:48:12] 开始更新音乐URL...
[2026-04-09 04:48:12] 备份创建成功：backups/music_data_2026-04-09_04-48-12.json
[2026-04-09 04:48:14] 更新成功：汪苏泷 - 如果爱忘了 (live) (ID: 2124385868) - 标准、无损音质
[2026-04-09 04:48:17] 更新成功：Dizzy Dizzo (蔡诗芸) - 雨过后的风景 (ID: 215382) - 标准、无损音质
[2026-04-09 04:48:17] 更新完成：成功更新 2 首歌曲
[2026-04-09 05:03:12] 开始更新音乐URL...
[2026-04-09 05:03:12] 备份创建成功：backups/music_data_2026-04-09_05-03-12.json
[2026-04-09 05:03:15] 更新成功：汪苏泷 - 如果爱忘了 (live) (ID: 2124385868) - 标准、无损音质
[2026-04-09 05:03:18] 更新成功：Dizzy Dizzo (蔡诗芸) - 雨过后的风景 (ID: 215382) - 标准、无损音质
[2026-04-09 05:03:18] 更新完成：成功更新 2 首歌曲
[2026-04-09 05:18:12] 开始更新音乐URL...
[2026-04-09 05:18:12] 备份创建成功：backups/music_data_2026-04-09_05-18-12.json
[2026-04-09 05:18:14] 更新成功：汪苏泷 - 如果爱忘了 (live) (ID: 2124385868) - 标准、无损音质
[2026-04-09 05:18:16] 更新成功：Dizzy Dizzo (蔡诗芸) - 雨过后的风景 (ID: 215382) - 标准、无损音质
[2026-04-09 05:18:17] 更新完成：成功更新 2 首歌曲
[2026-04-09 05:33:12] 开始更新音乐URL...
[2026-04-09 05:33:12] 备份创建成功：backups/music_data_2026-04-09_05-33-12.json
[2026-04-09 05:33:14] 更新成功：汪苏泷 - 如果爱忘了 (live) (ID: 2124385868) - 标准、无损音质
[2026-04-09 05:33:17] 更新成功：Dizzy Dizzo (蔡诗芸) - 雨过后的风景 (ID: 215382) - 标准、无损音质
[2026-04-09 05:33:17] 更新完成：成功更新 2 首歌曲
[2026-04-09 05:48:12] 开始更新音乐URL...
[2026-04-09 05:48:12] 备份创建成功：backups/music_data_2026-04-09_05-48-12.json
[2026-04-09 05:48:14] 更新成功：汪苏泷 - 如果爱忘了 (live) (ID: 2124385868) - 标准、无损音质
[2026-04-09 05:48:17] 更新成功：Dizzy Dizzo (蔡诗芸) - 雨过后的风景 (ID: 215382) - 标准、无损音质
[2026-04-09 05:48:17] 更新完成：成功更新 2 首歌曲
[2026-04-09 06:03:12] 开始更新音乐URL...
[2026-04-09 06:03:12] 备份创建成功：backups/music_data_2026-04-09_06-03-12.json
[2026-04-09 06:03:14] 更新成功：汪苏泷 - 如果爱忘了 (live) (ID: 2124385868) - 标准、无损音质
[2026-04-09 06:03:18] 更新成功：Dizzy Dizzo (蔡诗芸) - 雨过后的风景 (ID: 215382) - 标准、无损音质
[2026-04-09 06:03:19] 更新完成：成功更新 2 首歌曲
[2026-04-09 06:18:12] 开始更新音乐URL...
[2026-04-09 06:18:12] 备份创建成功：backups/music_data_2026-04-09_06-18-12.json
[2026-04-09 06:18:15] 更新成功：汪苏泷 - 如果爱忘了 (live) (ID: 2124385868) - 标准、无损音质
[2026-04-09 06:18:18] 更新成功：Dizzy Dizzo (蔡诗芸) - 雨过后的风景 (ID: 215382) - 标准、无损音质
[2026-04-09 06:18:19] 更新完成：成功更新 2 首歌曲
[2026-04-09 06:33:12] 开始更新音乐URL...
[2026-04-09 06:33:12] 备份创建成功：backups/music_data_2026-04-09_06-33-12.json
[2026-04-09 06:33:13] 更新成功：汪苏泷 - 如果爱忘了 (live) (ID: 2124385868) - 标准、无损音质
[2026-04-09 06:33:16] 更新成功：Dizzy Dizzo (蔡诗芸) - 雨过后的风景 (ID: 215382) - 标准、无损音质
[2026-04-09 06:33:16] 更新完成：成功更新 2 首歌曲
[2026-04-09 06:48:12] 开始更新音乐URL...
[2026-04-09 06:48:12] 备份创建成功：backups/music_data_2026-04-09_06-48-12.json
[2026-04-09 06:48:14] 更新成功：汪苏泷 - 如果爱忘了 (live) (ID: 2124385868) - 标准、无损音质
[2026-04-09 06:48:16] 更新成功：Dizzy Dizzo (蔡诗芸) - 雨过后的风景 (ID: 215382) - 标准、无损音质
[2026-04-09 06:48:16] 更新完成：成功更新 2 首歌曲
[2026-04-09 07:03:12] 开始更新音乐URL...
[2026-04-09 07:03:12] 备份创建成功：backups/music_data_2026-04-09_07-03-12.json
[2026-04-09 07:03:14] 更新成功：汪苏泷 - 如果爱忘了 (live) (ID: 2124385868) - 标准、无损音质
[2026-04-09 07:03:17] 更新成功：Dizzy Dizzo (蔡诗芸) - 雨过后的风景 (ID: 215382) - 标准、无损音质
[2026-04-09 07:03:17] 更新完成：成功更新 2 首歌曲
[2026-04-09 07:18:12] 开始更新音乐URL...
[2026-04-09 07:18:12] 备份创建成功：backups/music_data_2026-04-09_07-18-12.json
[2026-04-09 07:18:14] 更新成功：汪苏泷 - 如果爱忘了 (live) (ID: 2124385868) - 标准、无损音质
[2026-04-09 07:18:21] 更新成功：Dizzy Dizzo (蔡诗芸) - 雨过后的风景 (ID: 215382) - 标准音质
[2026-04-09 07:18:21] 更新完成：成功更新 2 首歌曲
[2026-04-09 07:33:12] 开始更新音乐URL...
[2026-04-09 07:33:12] 备份创建成功：backups/music_data_2026-04-09_07-33-12.json
[2026-04-09 07:33:15] 更新成功：汪苏泷 - 如果爱忘了 (live) (ID: 2124385868) - 标准、无损音质
[2026-04-09 07:33:17] 更新成功：Dizzy Dizzo (蔡诗芸) - 雨过后的风景 (ID: 215382) - 标准、无损音质
[2026-04-09 07:33:18] 更新完成：成功更新 2 首歌曲
[2026-04-09 07:48:12] 开始更新音乐URL...
[2026-04-09 07:48:12] 备份创建成功：backups/music_data_2026-04-09_07-48-12.json
[2026-04-09 07:48:20] 更新成功：汪苏泷 - 如果爱忘了 (live) (ID: 2124385868) - 无损音质
[2026-04-09 07:48:24] 更新成功：Dizzy Dizzo (蔡诗芸) - 雨过后的风景 (ID: 215382) - 标准、无损音质
[2026-04-09 07:48:24] 更新完成：成功更新 2 首歌曲
[2026-04-09 08:03:12] 开始更新音乐URL...
[2026-04-09 08:03:12] 备份创建成功：backups/music_data_2026-04-09_08-03-12.json
[2026-04-09 08:03:16] 更新成功：汪苏泷 - 如果爱忘了 (live) (ID: 2124385868) - 标准、无损音质
[2026-04-09 08:03:18] 更新成功：Dizzy Dizzo (蔡诗芸) - 雨过后的风景 (ID: 215382) - 标准、无损音质
[2026-04-09 08:03:19] 更新完成：成功更新 2 首歌曲
[2026-04-09 08:18:12] 开始更新音乐URL...
[2026-04-09 08:18:12] 备份创建成功：backups/music_data_2026-04-09_08-18-12.json
[2026-04-09 08:18:18] 更新成功：汪苏泷 - 如果爱忘了 (live) (ID: 2124385868) - 无损音质
[2026-04-09 08:18:20] 更新成功：Dizzy Dizzo (蔡诗芸) - 雨过后的风景 (ID: 215382) - 标准、无损音质
[2026-04-09 08:18:21] 更新完成：成功更新 2 首歌曲
[2026-04-09 08:33:12] 开始更新音乐URL...
[2026-04-09 08:33:12] 备份创建成功：backups/music_data_2026-04-09_08-33-12.json
[2026-04-09 08:33:16] 更新成功：汪苏泷 - 如果爱忘了 (live) (ID: 2124385868) - 标准、无损音质
[2026-04-09 08:33:19] 更新成功：Dizzy Dizzo (蔡诗芸) - 雨过后的风景 (ID: 215382) - 标准、无损音质
[2026-04-09 08:33:20] 更新完成：成功更新 2 首歌曲
[2026-04-09 08:48:12] 开始更新音乐URL...
[2026-04-09 08:48:12] 备份创建成功：backups/music_data_2026-04-09_08-48-12.json
[2026-04-09 08:48:19] 更新成功：汪苏泷 - 如果爱忘了 (live) (ID: 2124385868) - 无损音质
[2026-04-09 08:48:21] 更新成功：Dizzy Dizzo (蔡诗芸) - 雨过后的风景 (ID: 215382) - 标准、无损音质
[2026-04-09 08:48:21] 更新完成：成功更新 2 首歌曲
[2026-04-09 09:03:12] 开始更新音乐URL...
[2026-04-09 09:03:12] 备份创建成功：backups/music_data_2026-04-09_09-03-12.json
[2026-04-09 09:03:16] 更新成功：汪苏泷 - 如果爱忘了 (live) (ID: 2124385868) - 标准、无损音质
[2026-04-09 09:03:19] 更新成功：Dizzy Dizzo (蔡诗芸) - 雨过后的风景 (ID: 215382) - 标准、无损音质
[2026-04-09 09:03:19] 更新完成：成功更新 2 首歌曲
[2026-04-09 09:18:12] 开始更新音乐URL...
[2026-04-09 09:18:12] 备份创建成功：backups/music_data_2026-04-09_09-18-12.json
[2026-04-09 09:18:19] 更新成功：汪苏泷 - 如果爱忘了 (live) (ID: 2124385868) - 无损音质
[2026-04-09 09:18:22] 更新成功：Dizzy Dizzo (蔡诗芸) - 雨过后的风景 (ID: 215382) - 标准、无损音质
[2026-04-09 09:18:23] 更新完成：成功更新 2 首歌曲
[2026-04-09 09:33:12] 开始更新音乐URL...
[2026-04-09 09:33:12] 备份创建成功：backups/music_data_2026-04-09_09-33-12.json
[2026-04-09 09:33:16] 更新成功：汪苏泷 - 如果爱忘了 (live) (ID: 2124385868) - 标准、无损音质
[2026-04-09 09:33:18] 更新成功：Dizzy Dizzo (蔡诗芸) - 雨过后的风景 (ID: 215382) - 标准、无损音质
[2026-04-09 09:33:18] 更新完成：成功更新 2 首歌曲
[2026-04-09 09:48:12] 开始更新音乐URL...
[2026-04-09 09:48:12] 备份创建成功：backups/music_data_2026-04-09_09-48-12.json
[2026-04-09 09:48:18] 更新成功：汪苏泷 - 如果爱忘了 (live) (ID: 2124385868) - 标准、无损音质
[2026-04-09 09:48:21] 更新成功：Dizzy Dizzo (蔡诗芸) - 雨过后的风景 (ID: 215382) - 标准、无损音质
[2026-04-09 09:48:22] 更新完成：成功更新 2 首歌曲
[2026-04-09 10:03:12] 开始更新音乐URL...
[2026-04-09 10:03:12] 备份创建成功：backups/music_data_2026-04-09_10-03-12.json
[2026-04-09 10:03:19] 更新成功：汪苏泷 - 如果爱忘了 (live) (ID: 2124385868) - 标准、无损音质
[2026-04-09 10:03:21] 更新成功：Dizzy Dizzo (蔡诗芸) - 雨过后的风景 (ID: 215382) - 标准、无损音质
[2026-04-09 10:03:22] 更新完成：成功更新 2 首歌曲
[2026-04-09 10:18:12] 开始更新音乐URL...
[2026-04-09 10:18:12] 备份创建成功：backups/music_data_2026-04-09_10-18-12.json
[2026-04-09 10:18:18] 更新成功：汪苏泷 - 如果爱忘了 (live) (ID: 2124385868) - 无损音质
[2026-04-09 10:18:21] 更新成功：Dizzy Dizzo (蔡诗芸) - 雨过后的风景 (ID: 215382) - 标准、无损音质
[2026-04-09 10:18:21] 更新完成：成功更新 2 首歌曲
[2026-04-09 10:33:12] 开始更新音乐URL...
[2026-04-09 10:33:12] 备份创建成功：backups/music_data_2026-04-09_10-33-12.json
[2026-04-09 10:33:19] 更新成功：汪苏泷 - 如果爱忘了 (live) (ID: 2124385868) - 标准、无损音质
[2026-04-09 10:33:24] 更新成功：Dizzy Dizzo (蔡诗芸) - 雨过后的风景 (ID: 215382) - 标准、无损音质
[2026-04-09 10:33:25] 更新完成：成功更新 2 首歌曲
[2026-04-09 10:48:12] 开始更新音乐URL...
[2026-04-09 10:48:12] 备份创建成功：backups/music_data_2026-04-09_10-48-12.json
[2026-04-09 10:48:14] 更新成功：汪苏泷 - 如果爱忘了 (live) (ID: 2124385868) - 标准、无损音质
[2026-04-09 10:48:16] 更新成功：Dizzy Dizzo (蔡诗芸) - 雨过后的风景 (ID: 215382) - 标准、无损音质
[2026-04-09 10:48:17] 更新完成：成功更新 2 首歌曲
[2026-04-09 11:03:12] 开始更新音乐URL...
[2026-04-09 11:03:12] 备份创建成功：backups/music_data_2026-04-09_11-03-12.json
[2026-04-09 11:03:14] 更新成功：汪苏泷 - 如果爱忘了 (live) (ID: 2124385868) - 标准、无损音质
[2026-04-09 11:03:16] 更新成功：Dizzy Dizzo (蔡诗芸) - 雨过后的风景 (ID: 215382) - 标准、无损音质
[2026-04-09 11:03:17] 更新完成：成功更新 2 首歌曲
[2026-04-09 11:18:12] 开始更新音乐URL...
[2026-04-09 11:18:12] 备份创建成功：backups/music_data_2026-04-09_11-18-12.json
[2026-04-09 11:18:16] 更新成功：汪苏泷 - 如果爱忘了 (live) (ID: 2124385868) - 标准、无损音质
[2026-04-09 11:18:20] 更新成功：Dizzy Dizzo (蔡诗芸) - 雨过后的风景 (ID: 215382) - 标准、无损音质
[2026-04-09 11:18:20] 更新完成：成功更新 2 首歌曲
[2026-04-09 11:33:12] 开始更新音乐URL...
[2026-04-09 11:33:12] 备份创建成功：backups/music_data_2026-04-09_11-33-12.json
[2026-04-09 11:33:19] 更新成功：汪苏泷 - 如果爱忘了 (live) (ID: 2124385868) - 标准、无损音质
[2026-04-09 11:33:24] 更新成功：Dizzy Dizzo (蔡诗芸) - 雨过后的风景 (ID: 215382) - 标准、无损音质
[2026-04-09 11:33:25] 更新完成：成功更新 2 首歌曲
[2026-04-09 11:48:12] 开始更新音乐URL...
[2026-04-09 11:48:12] 备份创建成功：backups/music_data_2026-04-09_11-48-12.json
[2026-04-09 11:48:16] 更新成功：汪苏泷 - 如果爱忘了 (live) (ID: 2124385868) - 标准、无损音质
[2026-04-09 11:48:19] 更新成功：Dizzy Dizzo (蔡诗芸) - 雨过后的风景 (ID: 215382) - 标准、无损音质
[2026-04-09 11:48:19] 更新完成：成功更新 2 首歌曲
[2026-04-09 12:03:12] 开始更新音乐URL...
[2026-04-09 12:03:12] 备份创建成功：backups/music_data_2026-04-09_12-03-12.json
[2026-04-09 12:03:15] 更新成功：汪苏泷 - 如果爱忘了 (live) (ID: 2124385868) - 标准、无损音质
[2026-04-09 12:03:18] 更新成功：Dizzy Dizzo (蔡诗芸) - 雨过后的风景 (ID: 215382) - 标准、无损音质
[2026-04-09 12:03:18] 更新完成：成功更新 2 首歌曲
[2026-04-09 12:18:12] 开始更新音乐URL...
[2026-04-09 12:18:12] 备份创建成功：backups/music_data_2026-04-09_12-18-12.json
[2026-04-09 12:18:15] 更新成功：汪苏泷 - 如果爱忘了 (live) (ID: 2124385868) - 标准、无损音质
[2026-04-09 12:18:22] 更新成功：Dizzy Dizzo (蔡诗芸) - 雨过后的风景 (ID: 215382) - 标准音质
[2026-04-09 12:18:23] 更新完成：成功更新 2 首歌曲
[2026-04-09 12:33:12] 开始更新音乐URL...
[2026-04-09 12:33:12] 备份创建成功：backups/music_data_2026-04-09_12-33-12.json
[2026-04-09 12:33:21] 更新成功：汪苏泷 - 如果爱忘了 (live) (ID: 2124385868) - 无损音质
[2026-04-09 12:33:26] 更新成功：Dizzy Dizzo (蔡诗芸) - 雨过后的风景 (ID: 215382) - 标准、无损音质
[2026-04-09 12:33:27] 更新完成：成功更新 2 首歌曲
[2026-04-09 12:48:12] 开始更新音乐URL...
[2026-04-09 12:48:12] 备份创建成功：backups/music_data_2026-04-09_12-48-12.json
[2026-04-09 12:48:15] 更新成功：汪苏泷 - 如果爱忘了 (live) (ID: 2124385868) - 标准、无损音质
[2026-04-09 12:48:18] 更新成功：Dizzy Dizzo (蔡诗芸) - 雨过后的风景 (ID: 215382) - 标准、无损音质
[2026-04-09 12:48:18] 更新完成：成功更新 2 首歌曲
[2026-04-09 13:03:12] 开始更新音乐URL...
[2026-04-09 13:03:12] 备份创建成功：backups/music_data_2026-04-09_13-03-12.json
[2026-04-09 13:03:17] 更新成功：汪苏泷 - 如果爱忘了 (live) (ID: 2124385868) - 标准、无损音质
[2026-04-09 13:03:20] 更新成功：Dizzy Dizzo (蔡诗芸) - 雨过后的风景 (ID: 215382) - 标准、无损音质
[2026-04-09 13:03:21] 更新完成：成功更新 2 首歌曲
[2026-04-09 13:18:12] 开始更新音乐URL...
[2026-04-09 13:18:12] 备份创建成功：backups/music_data_2026-04-09_13-18-12.json
[2026-04-09 13:18:14] 更新成功：汪苏泷 - 如果爱忘了 (live) (ID: 2124385868) - 标准、无损音质
[2026-04-09 13:18:16] 更新成功：Dizzy Dizzo (蔡诗芸) - 雨过后的风景 (ID: 215382) - 标准、无损音质
[2026-04-09 13:18:17] 更新完成：成功更新 2 首歌曲
[2026-04-09 13:33:12] 开始更新音乐URL...
[2026-04-09 13:33:12] 备份创建成功：backups/music_data_2026-04-09_13-33-12.json
[2026-04-09 13:33:13] 更新成功：汪苏泷 - 如果爱忘了 (live) (ID: 2124385868) - 标准、无损音质
[2026-04-09 13:33:16] 更新成功：Dizzy Dizzo (蔡诗芸) - 雨过后的风景 (ID: 215382) - 标准、无损音质
[2026-04-09 13:33:16] 更新完成：成功更新 2 首歌曲
[2026-04-09 13:48:12] 开始更新音乐URL...
[2026-04-09 13:48:12] 备份创建成功：backups/music_data_2026-04-09_13-48-12.json
[2026-04-09 13:48:16] 更新成功：汪苏泷 - 如果爱忘了 (live) (ID: 2124385868) - 标准、无损音质
[2026-04-09 13:48:19] 更新成功：Dizzy Dizzo (蔡诗芸) - 雨过后的风景 (ID: 215382) - 标准、无损音质
[2026-04-09 13:48:20] 更新完成：成功更新 2 首歌曲
[2026-04-09 14:03:12] 开始更新音乐URL...
[2026-04-09 14:03:12] 备份创建成功：backups/music_data_2026-04-09_14-03-12.json
[2026-04-09 14:03:14] 更新成功：汪苏泷 - 如果爱忘了 (live) (ID: 2124385868) - 标准、无损音质
[2026-04-09 14:03:18] 更新成功：Dizzy Dizzo (蔡诗芸) - 雨过后的风景 (ID: 215382) - 标准、无损音质
[2026-04-09 14:03:18] 更新完成：成功更新 2 首歌曲
[2026-04-09 14:18:12] 开始更新音乐URL...
[2026-04-09 14:18:12] 备份创建成功：backups/music_data_2026-04-09_14-18-12.json
[2026-04-09 14:18:14] 更新成功：汪苏泷 - 如果爱忘了 (live) (ID: 2124385868) - 标准、无损音质
[2026-04-09 14:18:16] 更新成功：Dizzy Dizzo (蔡诗芸) - 雨过后的风景 (ID: 215382) - 标准、无损音质
[2026-04-09 14:18:17] 更新完成：成功更新 2 首歌曲
[2026-04-09 14:33:12] 开始更新音乐URL...
[2026-04-09 14:33:12] 备份创建成功：backups/music_data_2026-04-09_14-33-12.json
[2026-04-09 14:33:14] 更新成功：汪苏泷 - 如果爱忘了 (live) (ID: 2124385868) - 标准、无损音质
[2026-04-09 14:33:16] 更新成功：Dizzy Dizzo (蔡诗芸) - 雨过后的风景 (ID: 215382) - 标准、无损音质
[2026-04-09 14:33:17] 更新完成：成功更新 2 首歌曲
[2026-04-09 14:48:12] 开始更新音乐URL...
[2026-04-09 14:48:12] 备份创建成功：backups/music_data_2026-04-09_14-48-12.json
[2026-04-09 14:48:14] 更新成功：汪苏泷 - 如果爱忘了 (live) (ID: 2124385868) - 标准、无损音质
[2026-04-09 14:48:16] 更新成功：Dizzy Dizzo (蔡诗芸) - 雨过后的风景 (ID: 215382) - 标准、无损音质
[2026-04-09 14:48:17] 更新完成：成功更新 2 首歌曲
[2026-04-09 15:03:12] 开始更新音乐URL...
[2026-04-09 15:03:12] 备份创建成功：backups/music_data_2026-04-09_15-03-12.json
[2026-04-09 15:03:14] 更新成功：汪苏泷 - 如果爱忘了 (live) (ID: 2124385868) - 标准、无损音质
[2026-04-09 15:03:17] 更新成功：Dizzy Dizzo (蔡诗芸) - 雨过后的风景 (ID: 215382) - 标准、无损音质
[2026-04-09 15:03:17] 更新完成：成功更新 2 首歌曲
[2026-04-09 15:18:12] 开始更新音乐URL...
[2026-04-09 15:18:12] 备份创建成功：backups/music_data_2026-04-09_15-18-12.json
[2026-04-09 15:18:14] 更新成功：汪苏泷 - 如果爱忘了 (live) (ID: 2124385868) - 标准、无损音质
[2026-04-09 15:18:16] 更新成功：Dizzy Dizzo (蔡诗芸) - 雨过后的风景 (ID: 215382) - 标准、无损音质
[2026-04-09 15:18:16] 更新完成：成功更新 2 首歌曲
[2026-04-09 15:33:12] 开始更新音乐URL...
[2026-04-09 15:33:12] 备份创建成功：backups/music_data_2026-04-09_15-33-12.json
[2026-04-09 15:33:14] 更新成功：汪苏泷 - 如果爱忘了 (live) (ID: 2124385868) - 标准、无损音质
[2026-04-09 15:33:18] 更新成功：Dizzy Dizzo (蔡诗芸) - 雨过后的风景 (ID: 215382) - 标准、无损音质
[2026-04-09 15:33:18] 更新完成：成功更新 2 首歌曲
[2026-04-09 15:48:12] 开始更新音乐URL...
[2026-04-09 15:48:12] 备份创建成功：backups/music_data_2026-04-09_15-48-12.json
[2026-04-09 15:48:14] 更新成功：汪苏泷 - 如果爱忘了 (live) (ID: 2124385868) - 标准、无损音质
[2026-04-09 15:48:16] 更新成功：Dizzy Dizzo (蔡诗芸) - 雨过后的风景 (ID: 215382) - 标准、无损音质
[2026-04-09 15:48:17] 更新完成：成功更新 2 首歌曲
[2026-04-09 16:03:12] 开始更新音乐URL...
[2026-04-09 16:03:12] 备份创建成功：backups/music_data_2026-04-09_16-03-12.json
[2026-04-09 16:03:14] 更新成功：汪苏泷 - 如果爱忘了 (live) (ID: 2124385868) - 标准、无损音质
[2026-04-09 16:03:17] 更新成功：Dizzy Dizzo (蔡诗芸) - 雨过后的风景 (ID: 215382) - 标准、无损音质
[2026-04-09 16:03:18] 更新完成：成功更新 2 首歌曲
[2026-04-09 16:18:12] 开始更新音乐URL...
[2026-04-09 16:18:12] 备份创建成功：backups/music_data_2026-04-09_16-18-12.json
[2026-04-09 16:18:17] 更新成功：汪苏泷 - 如果爱忘了 (live) (ID: 2124385868) - 标准、无损音质
[2026-04-09 16:18:21] 更新成功：Dizzy Dizzo (蔡诗芸) - 雨过后的风景 (ID: 215382) - 标准、无损音质
[2026-04-09 16:18:22] 更新完成：成功更新 2 首歌曲
[2026-04-09 16:33:12] 开始更新音乐URL...
[2026-04-09 16:33:12] 备份创建成功：backups/music_data_2026-04-09_16-33-12.json
[2026-04-09 16:33:14] 更新成功：汪苏泷 - 如果爱忘了 (live) (ID: 2124385868) - 标准、无损音质
[2026-04-09 16:33:16] 更新成功：Dizzy Dizzo (蔡诗芸) - 雨过后的风景 (ID: 215382) - 标准、无损音质
[2026-04-09 16:33:17] 更新完成：成功更新 2 首歌曲
[2026-04-09 16:48:12] 开始更新音乐URL...
[2026-04-09 16:48:12] 备份创建成功：backups/music_data_2026-04-09_16-48-12.json
[2026-04-09 16:48:14] 更新成功：汪苏泷 - 如果爱忘了 (live) (ID: 2124385868) - 标准、无损音质
[2026-04-09 16:48:17] 更新成功：Dizzy Dizzo (蔡诗芸) - 雨过后的风景 (ID: 215382) - 标准、无损音质
[2026-04-09 16:48:17] 更新完成：成功更新 2 首歌曲
[2026-04-09 17:03:12] 开始更新音乐URL...
[2026-04-09 17:03:12] 备份创建成功：backups/music_data_2026-04-09_17-03-12.json
[2026-04-09 17:03:14] 更新成功：汪苏泷 - 如果爱忘了 (live) (ID: 2124385868) - 标准、无损音质
[2026-04-09 17:03:17] 更新成功：Dizzy Dizzo (蔡诗芸) - 雨过后的风景 (ID: 215382) - 标准、无损音质
[2026-04-09 17:03:17] 更新完成：成功更新 2 首歌曲
[2026-04-09 17:18:12] 开始更新音乐URL...
[2026-04-09 17:18:12] 备份创建成功：backups/music_data_2026-04-09_17-18-12.json
[2026-04-09 17:18:14] 更新成功：汪苏泷 - 如果爱忘了 (live) (ID: 2124385868) - 标准、无损音质
[2026-04-09 17:18:17] 更新成功：Dizzy Dizzo (蔡诗芸) - 雨过后的风景 (ID: 215382) - 标准、无损音质
[2026-04-09 17:18:18] 更新完成：成功更新 2 首歌曲
[2026-04-09 17:33:12] 开始更新音乐URL...
[2026-04-09 17:33:12] 备份创建成功：backups/music_data_2026-04-09_17-33-12.json
[2026-04-09 17:33:14] 更新成功：汪苏泷 - 如果爱忘了 (live) (ID: 2124385868) - 标准、无损音质
[2026-04-09 17:33:18] 更新成功：Dizzy Dizzo (蔡诗芸) - 雨过后的风景 (ID: 215382) - 标准、无损音质
[2026-04-09 17:33:18] 更新完成：成功更新 2 首歌曲
[2026-04-09 17:48:12] 开始更新音乐URL...
[2026-04-09 17:48:12] 备份创建成功：backups/music_data_2026-04-09_17-48-12.json
[2026-04-09 17:48:15] 更新成功：汪苏泷 - 如果爱忘了 (live) (ID: 2124385868) - 标准、无损音质
[2026-04-09 17:48:17] 更新成功：Dizzy Dizzo (蔡诗芸) - 雨过后的风景 (ID: 215382) - 标准、无损音质
[2026-04-09 17:48:18] 更新完成：成功更新 2 首歌曲
[2026-04-09 18:03:12] 开始更新音乐URL...
[2026-04-09 18:03:12] 备份创建成功：backups/music_data_2026-04-09_18-03-12.json
[2026-04-09 18:03:14] 更新成功：汪苏泷 - 如果爱忘了 (live) (ID: 2124385868) - 标准、无损音质
[2026-04-09 18:03:16] 更新成功：Dizzy Dizzo (蔡诗芸) - 雨过后的风景 (ID: 215382) - 标准、无损音质
[2026-04-09 18:03:17] 更新完成：成功更新 2 首歌曲
[2026-04-09 18:18:12] 开始更新音乐URL...
[2026-04-09 18:18:12] 备份创建成功：backups/music_data_2026-04-09_18-18-12.json
[2026-04-09 18:18:14] 更新成功：汪苏泷 - 如果爱忘了 (live) (ID: 2124385868) - 标准、无损音质
[2026-04-09 18:18:16] 更新成功：Dizzy Dizzo (蔡诗芸) - 雨过后的风景 (ID: 215382) - 标准、无损音质
[2026-04-09 18:18:16] 更新完成：成功更新 2 首歌曲
[2026-04-09 18:33:12] 开始更新音乐URL...
[2026-04-09 18:33:12] 备份创建成功：backups/music_data_2026-04-09_18-33-12.json
[2026-04-09 18:33:15] 更新成功：汪苏泷 - 如果爱忘了 (live) (ID: 2124385868) - 标准、无损音质
[2026-04-09 18:33:18] 更新成功：Dizzy Dizzo (蔡诗芸) - 雨过后的风景 (ID: 215382) - 标准、无损音质
[2026-04-09 18:33:18] 更新完成：成功更新 2 首歌曲
[2026-04-09 18:48:12] 开始更新音乐URL...
[2026-04-09 18:48:12] 备份创建成功：backups/music_data_2026-04-09_18-48-12.json
[2026-04-09 18:48:14] 更新成功：汪苏泷 - 如果爱忘了 (live) (ID: 2124385868) - 标准、无损音质
[2026-04-09 18:48:17] 更新成功：Dizzy Dizzo (蔡诗芸) - 雨过后的风景 (ID: 215382) - 标准、无损音质
[2026-04-09 18:48:17] 更新完成：成功更新 2 首歌曲
[2026-04-09 19:03:12] 开始更新音乐URL...
[2026-04-09 19:03:12] 备份创建成功：backups/music_data_2026-04-09_19-03-12.json
[2026-04-09 19:03:15] 更新成功：汪苏泷 - 如果爱忘了 (live) (ID: 2124385868) - 标准、无损音质
[2026-04-09 19:03:18] 更新成功：Dizzy Dizzo (蔡诗芸) - 雨过后的风景 (ID: 215382) - 标准、无损音质
[2026-04-09 19:03:18] 更新完成：成功更新 2 首歌曲
[2026-04-09 19:18:12] 开始更新音乐URL...
[2026-04-09 19:18:12] 备份创建成功：backups/music_data_2026-04-09_19-18-12.json
[2026-04-09 19:18:15] 更新成功：汪苏泷 - 如果爱忘了 (live) (ID: 2124385868) - 标准、无损音质
[2026-04-09 19:18:17] 更新成功：Dizzy Dizzo (蔡诗芸) - 雨过后的风景 (ID: 215382) - 标准、无损音质
[2026-04-09 19:18:18] 更新完成：成功更新 2 首歌曲
[2026-04-09 19:33:12] 开始更新音乐URL...
[2026-04-09 19:33:12] 备份创建成功：backups/music_data_2026-04-09_19-33-12.json
[2026-04-09 19:33:14] 更新成功：汪苏泷 - 如果爱忘了 (live) (ID: 2124385868) - 标准、无损音质
[2026-04-09 19:33:16] 更新成功：Dizzy Dizzo (蔡诗芸) - 雨过后的风景 (ID: 215382) - 标准、无损音质
[2026-04-09 19:33:17] 更新完成：成功更新 2 首歌曲
[2026-04-09 19:48:12] 开始更新音乐URL...
[2026-04-09 19:48:12] 备份创建成功：backups/music_data_2026-04-09_19-48-12.json
[2026-04-09 19:48:14] 更新成功：汪苏泷 - 如果爱忘了 (live) (ID: 2124385868) - 标准、无损音质
[2026-04-09 19:48:17] 更新成功：Dizzy Dizzo (蔡诗芸) - 雨过后的风景 (ID: 215382) - 标准、无损音质
[2026-04-09 19:48:17] 更新完成：成功更新 2 首歌曲
[2026-04-09 20:03:12] 开始更新音乐URL...
[2026-04-09 20:03:12] 备份创建成功：backups/music_data_2026-04-09_20-03-12.json
[2026-04-09 20:03:13] 更新成功：汪苏泷 - 如果爱忘了 (live) (ID: 2124385868) - 标准、无损音质
[2026-04-09 20:03:16] 更新成功：Dizzy Dizzo (蔡诗芸) - 雨过后的风景 (ID: 215382) - 标准、无损音质
[2026-04-09 20:03:16] 更新完成：成功更新 2 首歌曲
[2026-04-09 20:18:12] 开始更新音乐URL...
[2026-04-09 20:18:12] 备份创建成功：backups/music_data_2026-04-09_20-18-12.json
[2026-04-09 20:18:14] 更新成功：汪苏泷 - 如果爱忘了 (live) (ID: 2124385868) - 标准、无损音质
[2026-04-09 20:18:17] 更新成功：Dizzy Dizzo (蔡诗芸) - 雨过后的风景 (ID: 215382) - 标准、无损音质
[2026-04-09 20:18:17] 更新完成：成功更新 2 首歌曲
[2026-04-09 20:33:12] 开始更新音乐URL...
[2026-04-09 20:33:12] 备份创建成功：backups/music_data_2026-04-09_20-33-12.json
[2026-04-09 20:33:13] 更新成功：汪苏泷 - 如果爱忘了 (live) (ID: 2124385868) - 标准、无损音质
[2026-04-09 20:33:16] 更新成功：Dizzy Dizzo (蔡诗芸) - 雨过后的风景 (ID: 215382) - 标准、无损音质
[2026-04-09 20:33:16] 更新完成：成功更新 2 首歌曲
[2026-04-09 20:48:12] 开始更新音乐URL...
[2026-04-09 20:48:12] 备份创建成功：backups/music_data_2026-04-09_20-48-12.json
[2026-04-09 20:48:16] 更新成功：汪苏泷 - 如果爱忘了 (live) (ID: 2124385868) - 标准、无损音质
[2026-04-09 20:48:18] 更新成功：Dizzy Dizzo (蔡诗芸) - 雨过后的风景 (ID: 215382) - 标准、无损音质
[2026-04-09 20:48:19] 更新完成：成功更新 2 首歌曲
[2026-04-09 21:03:12] 开始更新音乐URL...
[2026-04-09 21:03:12] 备份创建成功：backups/music_data_2026-04-09_21-03-12.json
[2026-04-09 21:03:14] 更新成功：汪苏泷 - 如果爱忘了 (live) (ID: 2124385868) - 标准、无损音质
[2026-04-09 21:03:17] 更新成功：Dizzy Dizzo (蔡诗芸) - 雨过后的风景 (ID: 215382) - 标准、无损音质
[2026-04-09 21:03:17] 更新完成：成功更新 2 首歌曲
[2026-04-09 21:18:12] 开始更新音乐URL...
[2026-04-09 21:18:12] 备份创建成功：backups/music_data_2026-04-09_21-18-12.json
[2026-04-09 21:18:13] 更新成功：汪苏泷 - 如果爱忘了 (live) (ID: 2124385868) - 标准、无损音质
[2026-04-09 21:18:16] 更新成功：Dizzy Dizzo (蔡诗芸) - 雨过后的风景 (ID: 215382) - 标准、无损音质
[2026-04-09 21:18:16] 更新完成：成功更新 2 首歌曲
[2026-04-09 21:33:12] 开始更新音乐URL...
[2026-04-09 21:33:12] 备份创建成功：backups/music_data_2026-04-09_21-33-12.json
[2026-04-09 21:33:14] 更新成功：汪苏泷 - 如果爱忘了 (live) (ID: 2124385868) - 标准、无损音质
[2026-04-09 21:33:17] 更新成功：Dizzy Dizzo (蔡诗芸) - 雨过后的风景 (ID: 215382) - 标准、无损音质
[2026-04-09 21:33:17] 更新完成：成功更新 2 首歌曲
[2026-04-09 21:48:12] 开始更新音乐URL...
[2026-04-09 21:48:12] 备份创建成功：backups/music_data_2026-04-09_21-48-12.json
[2026-04-09 21:48:14] 更新成功：汪苏泷 - 如果爱忘了 (live) (ID: 2124385868) - 标准、无损音质
[2026-04-09 21:48:16] 更新成功：Dizzy Dizzo (蔡诗芸) - 雨过后的风景 (ID: 215382) - 标准、无损音质
[2026-04-09 21:48:17] 更新完成：成功更新 2 首歌曲
[2026-04-09 22:03:12] 开始更新音乐URL...
[2026-04-09 22:03:12] 备份创建成功：backups/music_data_2026-04-09_22-03-12.json
[2026-04-09 22:03:14] 更新成功：汪苏泷 - 如果爱忘了 (live) (ID: 2124385868) - 标准、无损音质
[2026-04-09 22:03:17] 更新成功：Dizzy Dizzo (蔡诗芸) - 雨过后的风景 (ID: 215382) - 标准、无损音质
[2026-04-09 22:03:18] 更新完成：成功更新 2 首歌曲
[2026-04-09 22:18:12] 开始更新音乐URL...
[2026-04-09 22:18:12] 备份创建成功：backups/music_data_2026-04-09_22-18-12.json
[2026-04-09 22:18:13] 更新成功：汪苏泷 - 如果爱忘了 (live) (ID: 2124385868) - 标准、无损音质
[2026-04-09 22:18:16] 更新成功：Dizzy Dizzo (蔡诗芸) - 雨过后的风景 (ID: 215382) - 标准、无损音质
[2026-04-09 22:18:16] 更新完成：成功更新 2 首歌曲
[2026-04-09 22:33:12] 开始更新音乐URL...
[2026-04-09 22:33:12] 备份创建成功：backups/music_data_2026-04-09_22-33-12.json
[2026-04-09 22:33:13] 更新成功：汪苏泷 - 如果爱忘了 (live) (ID: 2124385868) - 标准、无损音质
[2026-04-09 22:33:16] 更新成功：Dizzy Dizzo (蔡诗芸) - 雨过后的风景 (ID: 215382) - 标准、无损音质
[2026-04-09 22:33:17] 更新完成：成功更新 2 首歌曲
[2026-04-09 22:48:12] 开始更新音乐URL...
[2026-04-09 22:48:12] 备份创建成功：backups/music_data_2026-04-09_22-48-12.json
[2026-04-09 22:48:23] 更新失败：汪苏泷 - 如果爱忘了 (live) (ID: 2124385868) - 所有音质获取失败
[2026-04-09 22:48:25] 更新成功：Dizzy Dizzo (蔡诗芸) - 雨过后的风景 (ID: 215382) - 标准、无损音质
[2026-04-09 22:48:26] 更新完成：成功更新 1 首歌曲，1 首歌曲更新失败
[2026-04-09 23:03:12] 开始更新音乐URL...
[2026-04-09 23:03:12] 备份创建成功：backups/music_data_2026-04-09_23-03-12.json
[2026-04-09 23:03:14] 更新成功：汪苏泷 - 如果爱忘了 (live) (ID: 2124385868) - 标准、无损音质
[2026-04-09 23:03:16] 更新成功：Dizzy Dizzo (蔡诗芸) - 雨过后的风景 (ID: 215382) - 标准、无损音质
[2026-04-09 23:03:17] 更新完成：成功更新 2 首歌曲
[2026-04-09 23:18:12] 开始更新音乐URL...
[2026-04-09 23:18:12] 备份创建成功：backups/music_data_2026-04-09_23-18-12.json
[2026-04-09 23:18:14] 更新成功：汪苏泷 - 如果爱忘了 (live) (ID: 2124385868) - 标准、无损音质
[2026-04-09 23:18:16] 更新成功：Dizzy Dizzo (蔡诗芸) - 雨过后的风景 (ID: 215382) - 标准、无损音质
[2026-04-09 23:18:16] 更新完成：成功更新 2 首歌曲
[2026-04-09 23:33:12] 开始更新音乐URL...
[2026-04-09 23:33:12] 备份创建成功：backups/music_data_2026-04-09_23-33-12.json
[2026-04-09 23:33:14] 更新成功：汪苏泷 - 如果爱忘了 (live) (ID: 2124385868) - 标准、无损音质
[2026-04-09 23:33:16] 更新成功：Dizzy Dizzo (蔡诗芸) - 雨过后的风景 (ID: 215382) - 标准、无损音质
[2026-04-09 23:33:16] 更新完成：成功更新 2 首歌曲
[2026-04-09 23:48:12] 开始更新音乐URL...
[2026-04-09 23:48:12] 备份创建成功：backups/music_data_2026-04-09_23-48-12.json
[2026-04-09 23:48:13] 更新成功：汪苏泷 - 如果爱忘了 (live) (ID: 2124385868) - 标准、无损音质
[2026-04-09 23:48:16] 更新成功：Dizzy Dizzo (蔡诗芸) - 雨过后的风景 (ID: 215382) - 标准、无损音质
[2026-04-09 23:48:16] 更新完成：成功更新 2 首歌曲
[2026-04-10 00:03:12] 开始更新音乐URL...
[2026-04-10 00:03:12] 备份创建成功：backups/music_data_2026-04-10_00-03-12.json
[2026-04-10 00:03:14] 更新成功：汪苏泷 - 如果爱忘了 (live) (ID: 2124385868) - 标准、无损音质
[2026-04-10 00:03:16] 更新成功：Dizzy Dizzo (蔡诗芸) - 雨过后的风景 (ID: 215382) - 标准、无损音质
[2026-04-10 00:03:17] 更新完成：成功更新 2 首歌曲
[2026-04-10 00:18:12] 开始更新音乐URL...
[2026-04-10 00:18:12] 备份创建成功：backups/music_data_2026-04-10_00-18-12.json
[2026-04-10 00:18:13] 更新成功：汪苏泷 - 如果爱忘了 (live) (ID: 2124385868) - 标准、无损音质
[2026-04-10 00:18:16] 更新成功：Dizzy Dizzo (蔡诗芸) - 雨过后的风景 (ID: 215382) - 标准、无损音质
[2026-04-10 00:18:16] 更新完成：成功更新 2 首歌曲
[2026-04-10 00:33:12] 开始更新音乐URL...
[2026-04-10 00:33:12] 备份创建成功：backups/music_data_2026-04-10_00-33-12.json
[2026-04-10 00:33:13] 更新成功：汪苏泷 - 如果爱忘了 (live) (ID: 2124385868) - 标准、无损音质
[2026-04-10 00:33:16] 更新成功：Dizzy Dizzo (蔡诗芸) - 雨过后的风景 (ID: 215382) - 标准、无损音质
[2026-04-10 00:33:17] 更新完成：成功更新 2 首歌曲
[2026-04-10 00:48:12] 开始更新音乐URL...
[2026-04-10 00:48:12] 备份创建成功：backups/music_data_2026-04-10_00-48-12.json
[2026-04-10 00:48:13] 更新成功：汪苏泷 - 如果爱忘了 (live) (ID: 2124385868) - 标准、无损音质
[2026-04-10 00:48:16] 更新成功：Dizzy Dizzo (蔡诗芸) - 雨过后的风景 (ID: 215382) - 标准、无损音质
[2026-04-10 00:48:16] 更新完成：成功更新 2 首歌曲
[2026-04-10 01:03:12] 开始更新音乐URL...
[2026-04-10 01:03:12] 备份创建成功：backups/music_data_2026-04-10_01-03-12.json
[2026-04-10 01:03:13] 更新成功：汪苏泷 - 如果爱忘了 (live) (ID: 2124385868) - 标准、无损音质
[2026-04-10 01:03:16] 更新成功：Dizzy Dizzo (蔡诗芸) - 雨过后的风景 (ID: 215382) - 标准、无损音质
[2026-04-10 01:03:16] 更新完成：成功更新 2 首歌曲
[2026-04-10 01:18:12] 开始更新音乐URL...
[2026-04-10 01:18:12] 备份创建成功：backups/music_data_2026-04-10_01-18-12.json
[2026-04-10 01:18:13] 更新成功：汪苏泷 - 如果爱忘了 (live) (ID: 2124385868) - 标准、无损音质
[2026-04-10 01:18:16] 更新成功：Dizzy Dizzo (蔡诗芸) - 雨过后的风景 (ID: 215382) - 标准、无损音质
[2026-04-10 01:18:16] 更新完成：成功更新 2 首歌曲
[2026-04-10 01:33:12] 开始更新音乐URL...
[2026-04-10 01:33:12] 备份创建成功：backups/music_data_2026-04-10_01-33-12.json
[2026-04-10 01:33:13] 更新成功：汪苏泷 - 如果爱忘了 (live) (ID: 2124385868) - 标准、无损音质
[2026-04-10 01:33:16] 更新成功：Dizzy Dizzo (蔡诗芸) - 雨过后的风景 (ID: 215382) - 标准、无损音质
[2026-04-10 01:33:16] 更新完成：成功更新 2 首歌曲
[2026-04-10 01:48:12] 开始更新音乐URL...
[2026-04-10 01:48:12] 备份创建成功：backups/music_data_2026-04-10_01-48-12.json
[2026-04-10 01:48:15] 更新成功：汪苏泷 - 如果爱忘了 (live) (ID: 2124385868) - 标准、无损音质
[2026-04-10 01:48:18] 更新成功：Dizzy Dizzo (蔡诗芸) - 雨过后的风景 (ID: 215382) - 标准、无损音质
[2026-04-10 01:48:18] 更新完成：成功更新 2 首歌曲
[2026-04-10 02:03:12] 开始更新音乐URL...
[2026-04-10 02:03:12] 备份创建成功：backups/music_data_2026-04-10_02-03-12.json
[2026-04-10 02:03:13] 更新成功：汪苏泷 - 如果爱忘了 (live) (ID: 2124385868) - 标准、无损音质
[2026-04-10 02:03:16] 更新成功：Dizzy Dizzo (蔡诗芸) - 雨过后的风景 (ID: 215382) - 标准、无损音质
[2026-04-10 02:03:16] 更新完成：成功更新 2 首歌曲
[2026-04-10 02:18:12] 开始更新音乐URL...
[2026-04-10 02:18:12] 备份创建成功：backups/music_data_2026-04-10_02-18-12.json
[2026-04-10 02:18:14] 更新成功：汪苏泷 - 如果爱忘了 (live) (ID: 2124385868) - 标准、无损音质
[2026-04-10 02:18:17] 更新成功：Dizzy Dizzo (蔡诗芸) - 雨过后的风景 (ID: 215382) - 标准、无损音质
[2026-04-10 02:18:17] 更新完成：成功更新 2 首歌曲
[2026-04-10 02:33:12] 开始更新音乐URL...
[2026-04-10 02:33:12] 备份创建成功：backups/music_data_2026-04-10_02-33-12.json
[2026-04-10 02:33:13] 更新成功：汪苏泷 - 如果爱忘了 (live) (ID: 2124385868) - 标准、无损音质
[2026-04-10 02:33:16] 更新成功：Dizzy Dizzo (蔡诗芸) - 雨过后的风景 (ID: 215382) - 标准、无损音质
[2026-04-10 02:33:16] 更新完成：成功更新 2 首歌曲
[2026-04-10 02:48:12] 开始更新音乐URL...
[2026-04-10 02:48:12] 备份创建成功：backups/music_data_2026-04-10_02-48-12.json
[2026-04-10 02:48:13] 更新成功：汪苏泷 - 如果爱忘了 (live) (ID: 2124385868) - 标准、无损音质
[2026-04-10 02:48:16] 更新成功：Dizzy Dizzo (蔡诗芸) - 雨过后的风景 (ID: 215382) - 标准、无损音质
[2026-04-10 02:48:16] 更新完成：成功更新 2 首歌曲
[2026-04-10 03:03:12] 开始更新音乐URL...
[2026-04-10 03:03:12] 备份创建成功：backups/music_data_2026-04-10_03-03-12.json
[2026-04-10 03:03:14] 更新成功：汪苏泷 - 如果爱忘了 (live) (ID: 2124385868) - 标准、无损音质
[2026-04-10 03:03:16] 更新成功：Dizzy Dizzo (蔡诗芸) - 雨过后的风景 (ID: 215382) - 标准、无损音质
[2026-04-10 03:03:17] 更新完成：成功更新 2 首歌曲
[2026-04-10 03:18:12] 开始更新音乐URL...
[2026-04-10 03:18:12] 备份创建成功：backups/music_data_2026-04-10_03-18-12.json
[2026-04-10 03:18:14] 更新成功：汪苏泷 - 如果爱忘了 (live) (ID: 2124385868) - 标准、无损音质
[2026-04-10 03:18:16] 更新成功：Dizzy Dizzo (蔡诗芸) - 雨过后的风景 (ID: 215382) - 标准、无损音质
[2026-04-10 03:18:17] 更新完成：成功更新 2 首歌曲
[2026-04-10 03:33:12] 开始更新音乐URL...
[2026-04-10 03:33:12] 备份创建成功：backups/music_data_2026-04-10_03-33-12.json
[2026-04-10 03:33:13] 更新成功：汪苏泷 - 如果爱忘了 (live) (ID: 2124385868) - 标准、无损音质
[2026-04-10 03:33:16] 更新成功：Dizzy Dizzo (蔡诗芸) - 雨过后的风景 (ID: 215382) - 标准、无损音质
[2026-04-10 03:33:16] 更新完成：成功更新 2 首歌曲
[2026-04-10 03:48:12] 开始更新音乐URL...
[2026-04-10 03:48:12] 备份创建成功：backups/music_data_2026-04-10_03-48-12.json
[2026-04-10 03:48:14] 更新成功：汪苏泷 - 如果爱忘了 (live) (ID: 2124385868) - 标准、无损音质
[2026-04-10 03:48:17] 更新成功：Dizzy Dizzo (蔡诗芸) - 雨过后的风景 (ID: 215382) - 标准、无损音质
[2026-04-10 03:48:17] 更新完成：成功更新 2 首歌曲
[2026-04-10 04:03:12] 开始更新音乐URL...
[2026-04-10 04:03:12] 备份创建成功：backups/music_data_2026-04-10_04-03-12.json
[2026-04-10 04:03:14] 更新成功：汪苏泷 - 如果爱忘了 (live) (ID: 2124385868) - 标准、无损音质
[2026-04-10 04:03:16] 更新成功：Dizzy Dizzo (蔡诗芸) - 雨过后的风景 (ID: 215382) - 标准、无损音质
[2026-04-10 04:03:17] 更新完成：成功更新 2 首歌曲
[2026-04-10 04:18:12] 开始更新音乐URL...
[2026-04-10 04:18:12] 备份创建成功：backups/music_data_2026-04-10_04-18-12.json
[2026-04-10 04:18:14] 更新成功：汪苏泷 - 如果爱忘了 (live) (ID: 2124385868) - 标准、无损音质
[2026-04-10 04:18:16] 更新成功：Dizzy Dizzo (蔡诗芸) - 雨过后的风景 (ID: 215382) - 标准、无损音质
[2026-04-10 04:18:17] 更新完成：成功更新 2 首歌曲
[2026-04-10 04:33:12] 开始更新音乐URL...
[2026-04-10 04:33:12] 备份创建成功：backups/music_data_2026-04-10_04-33-12.json
[2026-04-10 04:33:14] 更新成功：汪苏泷 - 如果爱忘了 (live) (ID: 2124385868) - 标准、无损音质
[2026-04-10 04:33:16] 更新成功：Dizzy Dizzo (蔡诗芸) - 雨过后的风景 (ID: 215382) - 标准、无损音质
[2026-04-10 04:33:17] 更新完成：成功更新 2 首歌曲
[2026-04-10 04:48:12] 开始更新音乐URL...
[2026-04-10 04:48:12] 备份创建成功：backups/music_data_2026-04-10_04-48-12.json
[2026-04-10 04:48:14] 更新成功：汪苏泷 - 如果爱忘了 (live) (ID: 2124385868) - 标准、无损音质
[2026-04-10 04:48:17] 更新成功：Dizzy Dizzo (蔡诗芸) - 雨过后的风景 (ID: 215382) - 标准、无损音质
[2026-04-10 04:48:17] 更新完成：成功更新 2 首歌曲
[2026-04-10 05:03:12] 开始更新音乐URL...
[2026-04-10 05:03:12] 备份创建成功：backups/music_data_2026-04-10_05-03-12.json
[2026-04-10 05:03:14] 更新成功：汪苏泷 - 如果爱忘了 (live) (ID: 2124385868) - 标准、无损音质
[2026-04-10 05:03:17] 更新成功：Dizzy Dizzo (蔡诗芸) - 雨过后的风景 (ID: 215382) - 标准、无损音质
[2026-04-10 05:03:17] 更新完成：成功更新 2 首歌曲
[2026-04-10 05:18:12] 开始更新音乐URL...
[2026-04-10 05:18:12] 备份创建成功：backups/music_data_2026-04-10_05-18-12.json
[2026-04-10 05:18:14] 更新成功：汪苏泷 - 如果爱忘了 (live) (ID: 2124385868) - 标准、无损音质
[2026-04-10 05:18:17] 更新成功：Dizzy Dizzo (蔡诗芸) - 雨过后的风景 (ID: 215382) - 标准、无损音质
[2026-04-10 05:18:17] 更新完成：成功更新 2 首歌曲
[2026-04-10 05:33:12] 开始更新音乐URL...
[2026-04-10 05:33:12] 备份创建成功：backups/music_data_2026-04-10_05-33-12.json
[2026-04-10 05:33:14] 更新成功：汪苏泷 - 如果爱忘了 (live) (ID: 2124385868) - 标准、无损音质
[2026-04-10 05:33:17] 更新成功：Dizzy Dizzo (蔡诗芸) - 雨过后的风景 (ID: 215382) - 标准、无损音质
[2026-04-10 05:33:17] 更新完成：成功更新 2 首歌曲
[2026-04-10 05:48:12] 开始更新音乐URL...
[2026-04-10 05:48:12] 备份创建成功：backups/music_data_2026-04-10_05-48-12.json
[2026-04-10 05:48:15] 更新成功：汪苏泷 - 如果爱忘了 (live) (ID: 2124385868) - 标准、无损音质
[2026-04-10 05:48:17] 更新成功：Dizzy Dizzo (蔡诗芸) - 雨过后的风景 (ID: 215382) - 标准、无损音质
[2026-04-10 05:48:18] 更新完成：成功更新 2 首歌曲
[2026-04-10 06:03:12] 开始更新音乐URL...
[2026-04-10 06:03:12] 备份创建成功：backups/music_data_2026-04-10_06-03-12.json
[2026-04-10 06:03:14] 更新成功：汪苏泷 - 如果爱忘了 (live) (ID: 2124385868) - 标准、无损音质
[2026-04-10 06:03:16] 更新成功：Dizzy Dizzo (蔡诗芸) - 雨过后的风景 (ID: 215382) - 标准、无损音质
[2026-04-10 06:03:17] 更新完成：成功更新 2 首歌曲
[2026-04-10 06:18:12] 开始更新音乐URL...
[2026-04-10 06:18:12] 备份创建成功：backups/music_data_2026-04-10_06-18-12.json
[2026-04-10 06:18:13] 更新成功：汪苏泷 - 如果爱忘了 (live) (ID: 2124385868) - 标准、无损音质
[2026-04-10 06:18:16] 更新成功：Dizzy Dizzo (蔡诗芸) - 雨过后的风景 (ID: 215382) - 标准、无损音质
[2026-04-10 06:18:17] 更新完成：成功更新 2 首歌曲
[2026-04-10 06:33:12] 开始更新音乐URL...
[2026-04-10 06:33:12] 备份创建成功：backups/music_data_2026-04-10_06-33-12.json
[2026-04-10 06:33:14] 更新成功：汪苏泷 - 如果爱忘了 (live) (ID: 2124385868) - 标准、无损音质
[2026-04-10 06:33:17] 更新成功：Dizzy Dizzo (蔡诗芸) - 雨过后的风景 (ID: 215382) - 标准、无损音质
[2026-04-10 06:33:18] 更新完成：成功更新 2 首歌曲
[2026-04-10 06:48:12] 开始更新音乐URL...
[2026-04-10 06:48:12] 备份创建成功：backups/music_data_2026-04-10_06-48-12.json
[2026-04-10 06:48:14] 更新成功：汪苏泷 - 如果爱忘了 (live) (ID: 2124385868) - 标准、无损音质
[2026-04-10 06:48:17] 更新成功：Dizzy Dizzo (蔡诗芸) - 雨过后的风景 (ID: 215382) - 标准、无损音质
[2026-04-10 06:48:17] 更新完成：成功更新 2 首歌曲
[2026-04-10 07:03:12] 开始更新音乐URL...
[2026-04-10 07:03:12] 备份创建成功：backups/music_data_2026-04-10_07-03-12.json
[2026-04-10 07:03:14] 更新成功：汪苏泷 - 如果爱忘了 (live) (ID: 2124385868) - 标准、无损音质
[2026-04-10 07:03:16] 更新成功：Dizzy Dizzo (蔡诗芸) - 雨过后的风景 (ID: 215382) - 标准、无损音质
[2026-04-10 07:03:17] 更新完成：成功更新 2 首歌曲
[2026-04-10 07:18:12] 开始更新音乐URL...
[2026-04-10 07:18:12] 备份创建成功：backups/music_data_2026-04-10_07-18-12.json
[2026-04-10 07:18:14] 更新成功：汪苏泷 - 如果爱忘了 (live) (ID: 2124385868) - 标准、无损音质
[2026-04-10 07:18:17] 更新成功：Dizzy Dizzo (蔡诗芸) - 雨过后的风景 (ID: 215382) - 标准、无损音质
[2026-04-10 07:18:17] 更新完成：成功更新 2 首歌曲
[2026-04-10 07:33:12] 开始更新音乐URL...
[2026-04-10 07:33:12] 备份创建成功：backups/music_data_2026-04-10_07-33-12.json
[2026-04-10 07:33:14] 更新成功：汪苏泷 - 如果爱忘了 (live) (ID: 2124385868) - 标准、无损音质
[2026-04-10 07:33:17] 更新成功：Dizzy Dizzo (蔡诗芸) - 雨过后的风景 (ID: 215382) - 标准、无损音质
[2026-04-10 07:33:17] 更新完成：成功更新 2 首歌曲
[2026-04-10 07:48:12] 开始更新音乐URL...
[2026-04-10 07:48:12] 备份创建成功：backups/music_data_2026-04-10_07-48-12.json
[2026-04-10 07:48:13] 更新成功：汪苏泷 - 如果爱忘了 (live) (ID: 2124385868) - 标准、无损音质
[2026-04-10 07:48:16] 更新成功：Dizzy Dizzo (蔡诗芸) - 雨过后的风景 (ID: 215382) - 标准、无损音质
[2026-04-10 07:48:17] 更新完成：成功更新 2 首歌曲
[2026-04-10 08:03:12] 开始更新音乐URL...
[2026-04-10 08:03:12] 备份创建成功：backups/music_data_2026-04-10_08-03-12.json
[2026-04-10 08:03:14] 更新成功：汪苏泷 - 如果爱忘了 (live) (ID: 2124385868) - 标准、无损音质
[2026-04-10 08:03:16] 更新成功：Dizzy Dizzo (蔡诗芸) - 雨过后的风景 (ID: 215382) - 标准、无损音质
[2026-04-10 08:03:17] 更新完成：成功更新 2 首歌曲
[2026-04-10 08:18:12] 开始更新音乐URL...
[2026-04-10 08:18:12] 备份创建成功：backups/music_data_2026-04-10_08-18-12.json
[2026-04-10 08:18:14] 更新成功：汪苏泷 - 如果爱忘了 (live) (ID: 2124385868) - 标准、无损音质
[2026-04-10 08:18:16] 更新成功：Dizzy Dizzo (蔡诗芸) - 雨过后的风景 (ID: 215382) - 标准、无损音质
[2026-04-10 08:18:17] 更新完成：成功更新 2 首歌曲
[2026-04-10 08:33:12] 开始更新音乐URL...
[2026-04-10 08:33:12] 备份创建成功：backups/music_data_2026-04-10_08-33-12.json
[2026-04-10 08:33:14] 更新成功：汪苏泷 - 如果爱忘了 (live) (ID: 2124385868) - 标准、无损音质
[2026-04-10 08:33:16] 更新成功：Dizzy Dizzo (蔡诗芸) - 雨过后的风景 (ID: 215382) - 标准、无损音质
[2026-04-10 08:33:16] 更新完成：成功更新 2 首歌曲
[2026-04-10 08:48:12] 开始更新音乐URL...
[2026-04-10 08:48:12] 备份创建成功：backups/music_data_2026-04-10_08-48-12.json
[2026-04-10 08:48:14] 更新成功：汪苏泷 - 如果爱忘了 (live) (ID: 2124385868) - 标准、无损音质
[2026-04-10 08:48:17] 更新成功：Dizzy Dizzo (蔡诗芸) - 雨过后的风景 (ID: 215382) - 标准、无损音质
[2026-04-10 08:48:18] 更新完成：成功更新 2 首歌曲
[2026-04-10 09:03:12] 开始更新音乐URL...
[2026-04-10 09:03:12] 备份创建成功：backups/music_data_2026-04-10_09-03-12.json
[2026-04-10 09:03:13] 更新成功：汪苏泷 - 如果爱忘了 (live) (ID: 2124385868) - 标准、无损音质
[2026-04-10 09:03:16] 更新成功：Dizzy Dizzo (蔡诗芸) - 雨过后的风景 (ID: 215382) - 标准、无损音质
[2026-04-10 09:03:16] 更新完成：成功更新 2 首歌曲
[2026-04-10 09:18:12] 开始更新音乐URL...
[2026-04-10 09:18:12] 备份创建成功：backups/music_data_2026-04-10_09-18-12.json
[2026-04-10 09:18:14] 更新成功：汪苏泷 - 如果爱忘了 (live) (ID: 2124385868) - 标准、无损音质
[2026-04-10 09:18:17] 更新成功：Dizzy Dizzo (蔡诗芸) - 雨过后的风景 (ID: 215382) - 标准、无损音质
[2026-04-10 09:18:18] 更新完成：成功更新 2 首歌曲
[2026-04-10 09:33:12] 开始更新音乐URL...
[2026-04-10 09:33:12] 备份创建成功：backups/music_data_2026-04-10_09-33-12.json
[2026-04-10 09:33:14] 更新成功：汪苏泷 - 如果爱忘了 (live) (ID: 2124385868) - 标准、无损音质
[2026-04-10 09:33:18] 更新成功：Dizzy Dizzo (蔡诗芸) - 雨过后的风景 (ID: 215382) - 标准、无损音质
[2026-04-10 09:33:18] 更新完成：成功更新 2 首歌曲
[2026-04-10 09:48:12] 开始更新音乐URL...
[2026-04-10 09:48:12] 备份创建成功：backups/music_data_2026-04-10_09-48-12.json
[2026-04-10 09:48:14] 更新成功：汪苏泷 - 如果爱忘了 (live) (ID: 2124385868) - 标准、无损音质
[2026-04-10 09:48:17] 更新成功：Dizzy Dizzo (蔡诗芸) - 雨过后的风景 (ID: 215382) - 标准、无损音质
[2026-04-10 09:48:17] 更新完成：成功更新 2 首歌曲
[2026-04-10 10:03:12] 开始更新音乐URL...
[2026-04-10 10:03:12] 备份创建成功：backups/music_data_2026-04-10_10-03-12.json
[2026-04-10 10:03:13] 更新成功：汪苏泷 - 如果爱忘了 (live) (ID: 2124385868) - 标准、无损音质
[2026-04-10 10:03:16] 更新成功：Dizzy Dizzo (蔡诗芸) - 雨过后的风景 (ID: 215382) - 标准、无损音质
[2026-04-10 10:03:16] 更新完成：成功更新 2 首歌曲
[2026-04-10 10:18:12] 开始更新音乐URL...
[2026-04-10 10:18:12] 备份创建成功：backups/music_data_2026-04-10_10-18-12.json
[2026-04-10 10:18:15] 更新成功：汪苏泷 - 如果爱忘了 (live) (ID: 2124385868) - 标准、无损音质
[2026-04-10 10:18:17] 更新成功：Dizzy Dizzo (蔡诗芸) - 雨过后的风景 (ID: 215382) - 标准、无损音质
[2026-04-10 10:18:17] 更新完成：成功更新 2 首歌曲
[2026-04-10 10:33:12] 开始更新音乐URL...
[2026-04-10 10:33:12] 备份创建成功：backups/music_data_2026-04-10_10-33-12.json
[2026-04-10 10:33:16] 更新成功：汪苏泷 - 如果爱忘了 (live) (ID: 2124385868) - 标准、无损音质
[2026-04-10 10:33:18] 更新成功：Dizzy Dizzo (蔡诗芸) - 雨过后的风景 (ID: 215382) - 标准、无损音质
[2026-04-10 10:33:19] 更新完成：成功更新 2 首歌曲
[2026-04-10 10:48:12] 开始更新音乐URL...
[2026-04-10 10:48:12] 备份创建成功：backups/music_data_2026-04-10_10-48-12.json
[2026-04-10 10:48:14] 更新成功：汪苏泷 - 如果爱忘了 (live) (ID: 2124385868) - 标准、无损音质
[2026-04-10 10:48:16] 更新成功：Dizzy Dizzo (蔡诗芸) - 雨过后的风景 (ID: 215382) - 标准、无损音质
[2026-04-10 10:48:17] 更新完成：成功更新 2 首歌曲
[2026-04-10 11:03:12] 开始更新音乐URL...
[2026-04-10 11:03:12] 备份创建成功：backups/music_data_2026-04-10_11-03-12.json
[2026-04-10 11:03:14] 更新成功：汪苏泷 - 如果爱忘了 (live) (ID: 2124385868) - 标准、无损音质
[2026-04-10 11:03:17] 更新成功：Dizzy Dizzo (蔡诗芸) - 雨过后的风景 (ID: 215382) - 标准、无损音质
[2026-04-10 11:03:17] 更新完成：成功更新 2 首歌曲
[2026-04-10 11:18:12] 开始更新音乐URL...
[2026-04-10 11:18:12] 备份创建成功：backups/music_data_2026-04-10_11-18-12.json
[2026-04-10 11:18:15] 更新成功：汪苏泷 - 如果爱忘了 (live) (ID: 2124385868) - 标准、无损音质
[2026-04-10 11:18:17] 更新成功：Dizzy Dizzo (蔡诗芸) - 雨过后的风景 (ID: 215382) - 标准、无损音质
[2026-04-10 11:18:18] 更新完成：成功更新 2 首歌曲
[2026-04-10 11:33:12] 开始更新音乐URL...
[2026-04-10 11:33:12] 备份创建成功：backups/music_data_2026-04-10_11-33-12.json
[2026-04-10 11:33:13] 更新成功：汪苏泷 - 如果爱忘了 (live) (ID: 2124385868) - 标准、无损音质
[2026-04-10 11:33:16] 更新成功：Dizzy Dizzo (蔡诗芸) - 雨过后的风景 (ID: 215382) - 标准、无损音质
[2026-04-10 11:33:16] 更新完成：成功更新 2 首歌曲
[2026-04-10 11:48:12] 开始更新音乐URL...
[2026-04-10 11:48:12] 备份创建成功：backups/music_data_2026-04-10_11-48-12.json
[2026-04-10 11:48:14] 更新成功：汪苏泷 - 如果爱忘了 (live) (ID: 2124385868) - 标准、无损音质
[2026-04-10 11:48:16] 更新成功：Dizzy Dizzo (蔡诗芸) - 雨过后的风景 (ID: 215382) - 标准、无损音质
[2026-04-10 11:48:17] 更新完成：成功更新 2 首歌曲
[2026-04-10 12:03:12] 开始更新音乐URL...
[2026-04-10 12:03:12] 备份创建成功：backups/music_data_2026-04-10_12-03-12.json
[2026-04-10 12:03:13] 更新成功：汪苏泷 - 如果爱忘了 (live) (ID: 2124385868) - 标准、无损音质
[2026-04-10 12:03:17] 更新成功：Dizzy Dizzo (蔡诗芸) - 雨过后的风景 (ID: 215382) - 标准、无损音质
[2026-04-10 12:03:17] 更新完成：成功更新 2 首歌曲
[2026-04-10 12:18:12] 开始更新音乐URL...
[2026-04-10 12:18:12] 备份创建成功：backups/music_data_2026-04-10_12-18-12.json
[2026-04-10 12:18:14] 更新成功：汪苏泷 - 如果爱忘了 (live) (ID: 2124385868) - 标准、无损音质
[2026-04-10 12:18:17] 更新成功：Dizzy Dizzo (蔡诗芸) - 雨过后的风景 (ID: 215382) - 标准、无损音质
[2026-04-10 12:18:17] 更新完成：成功更新 2 首歌曲
[2026-04-10 12:33:12] 开始更新音乐URL...
[2026-04-10 12:33:12] 备份创建成功：backups/music_data_2026-04-10_12-33-12.json
[2026-04-10 12:33:14] 更新成功：汪苏泷 - 如果爱忘了 (live) (ID: 2124385868) - 标准、无损音质
[2026-04-10 12:33:17] 更新成功：Dizzy Dizzo (蔡诗芸) - 雨过后的风景 (ID: 215382) - 标准、无损音质
[2026-04-10 12:33:17] 更新完成：成功更新 2 首歌曲
[2026-04-10 12:48:12] 开始更新音乐URL...
[2026-04-10 12:48:12] 备份创建成功：backups/music_data_2026-04-10_12-48-12.json
[2026-04-10 12:48:14] 更新成功：汪苏泷 - 如果爱忘了 (live) (ID: 2124385868) - 标准、无损音质
[2026-04-10 12:48:17] 更新成功：Dizzy Dizzo (蔡诗芸) - 雨过后的风景 (ID: 215382) - 标准、无损音质
[2026-04-10 12:48:17] 更新完成：成功更新 2 首歌曲
[2026-04-10 13:03:12] 开始更新音乐URL...
[2026-04-10 13:03:12] 备份创建成功：backups/music_data_2026-04-10_13-03-12.json
[2026-04-10 13:03:14] 更新成功：汪苏泷 - 如果爱忘了 (live) (ID: 2124385868) - 标准、无损音质
[2026-04-10 13:03:16] 更新成功：Dizzy Dizzo (蔡诗芸) - 雨过后的风景 (ID: 215382) - 标准、无损音质
[2026-04-10 13:03:17] 更新完成：成功更新 2 首歌曲
[2026-04-10 13:18:12] 开始更新音乐URL...
[2026-04-10 13:18:12] 备份创建成功：backups/music_data_2026-04-10_13-18-12.json
[2026-04-10 13:18:15] 更新成功：汪苏泷 - 如果爱忘了 (live) (ID: 2124385868) - 标准、无损音质
[2026-04-10 13:18:18] 更新成功：Dizzy Dizzo (蔡诗芸) - 雨过后的风景 (ID: 215382) - 标准、无损音质
[2026-04-10 13:18:18] 更新完成：成功更新 2 首歌曲
[2026-04-10 13:33:12] 开始更新音乐URL...
[2026-04-10 13:33:12] 备份创建成功：backups/music_data_2026-04-10_13-33-12.json
[2026-04-10 13:33:14] 更新成功：汪苏泷 - 如果爱忘了 (live) (ID: 2124385868) - 标准、无损音质
[2026-04-10 13:33:16] 更新成功：Dizzy Dizzo (蔡诗芸) - 雨过后的风景 (ID: 215382) - 标准、无损音质
[2026-04-10 13:33:16] 更新完成：成功更新 2 首歌曲
[2026-04-10 13:48:12] 开始更新音乐URL...
[2026-04-10 13:48:12] 备份创建成功：backups/music_data_2026-04-10_13-48-12.json
[2026-04-10 13:48:14] 更新成功：汪苏泷 - 如果爱忘了 (live) (ID: 2124385868) - 标准、无损音质
[2026-04-10 13:48:16] 更新成功：Dizzy Dizzo (蔡诗芸) - 雨过后的风景 (ID: 215382) - 标准、无损音质
[2026-04-10 13:48:17] 更新完成：成功更新 2 首歌曲
[2026-04-10 14:03:12] 开始更新音乐URL...
[2026-04-10 14:03:12] 备份创建成功：backups/music_data_2026-04-10_14-03-12.json
[2026-04-10 14:03:13] 更新成功：汪苏泷 - 如果爱忘了 (live) (ID: 2124385868) - 标准、无损音质
[2026-04-10 14:03:16] 更新成功：Dizzy Dizzo (蔡诗芸) - 雨过后的风景 (ID: 215382) - 标准、无损音质
[2026-04-10 14:03:17] 更新完成：成功更新 2 首歌曲
[2026-04-10 14:18:12] 开始更新音乐URL...
[2026-04-10 14:18:12] 备份创建成功：backups/music_data_2026-04-10_14-18-12.json
[2026-04-10 14:18:14] 更新成功：汪苏泷 - 如果爱忘了 (live) (ID: 2124385868) - 标准、无损音质
[2026-04-10 14:18:16] 更新成功：Dizzy Dizzo (蔡诗芸) - 雨过后的风景 (ID: 215382) - 标准、无损音质
[2026-04-10 14:18:17] 更新完成：成功更新 2 首歌曲
[2026-04-10 14:33:12] 开始更新音乐URL...
[2026-04-10 14:33:12] 备份创建成功：backups/music_data_2026-04-10_14-33-12.json
[2026-04-10 14:33:13] 更新成功：汪苏泷 - 如果爱忘了 (live) (ID: 2124385868) - 标准、无损音质
[2026-04-10 14:33:16] 更新成功：Dizzy Dizzo (蔡诗芸) - 雨过后的风景 (ID: 215382) - 标准、无损音质
[2026-04-10 14:33:16] 更新完成：成功更新 2 首歌曲
[2026-04-10 14:48:12] 开始更新音乐URL...
[2026-04-10 14:48:12] 备份创建成功：backups/music_data_2026-04-10_14-48-12.json
[2026-04-10 14:48:14] 更新成功：汪苏泷 - 如果爱忘了 (live) (ID: 2124385868) - 标准、无损音质
[2026-04-10 14:48:16] 更新成功：Dizzy Dizzo (蔡诗芸) - 雨过后的风景 (ID: 215382) - 标准、无损音质
[2026-04-10 14:48:17] 更新完成：成功更新 2 首歌曲
[2026-04-10 15:03:12] 开始更新音乐URL...
[2026-04-10 15:03:12] 备份创建成功：backups/music_data_2026-04-10_15-03-12.json
[2026-04-10 15:03:13] 更新成功：汪苏泷 - 如果爱忘了 (live) (ID: 2124385868) - 标准、无损音质
[2026-04-10 15:03:16] 更新成功：Dizzy Dizzo (蔡诗芸) - 雨过后的风景 (ID: 215382) - 标准、无损音质
[2026-04-10 15:03:16] 更新完成：成功更新 2 首歌曲
[2026-04-10 15:18:12] 开始更新音乐URL...
[2026-04-10 15:18:12] 备份创建成功：backups/music_data_2026-04-10_15-18-12.json
[2026-04-10 15:18:14] 更新成功：汪苏泷 - 如果爱忘了 (live) (ID: 2124385868) - 标准、无损音质
[2026-04-10 15:18:16] 更新成功：Dizzy Dizzo (蔡诗芸) - 雨过后的风景 (ID: 215382) - 标准、无损音质
[2026-04-10 15:18:17] 更新完成：成功更新 2 首歌曲
[2026-04-10 15:33:12] 开始更新音乐URL...
[2026-04-10 15:33:12] 备份创建成功：backups/music_data_2026-04-10_15-33-12.json
[2026-04-10 15:33:13] 更新成功：汪苏泷 - 如果爱忘了 (live) (ID: 2124385868) - 标准、无损音质
[2026-04-10 15:33:16] 更新成功：Dizzy Dizzo (蔡诗芸) - 雨过后的风景 (ID: 215382) - 标准、无损音质
[2026-04-10 15:33:16] 更新完成：成功更新 2 首歌曲
[2026-04-10 15:48:12] 开始更新音乐URL...
[2026-04-10 15:48:12] 备份创建成功：backups/music_data_2026-04-10_15-48-12.json
[2026-04-10 15:48:13] 更新成功：汪苏泷 - 如果爱忘了 (live) (ID: 2124385868) - 标准、无损音质
[2026-04-10 15:48:16] 更新成功：Dizzy Dizzo (蔡诗芸) - 雨过后的风景 (ID: 215382) - 标准、无损音质
[2026-04-10 15:48:16] 更新完成：成功更新 2 首歌曲
[2026-04-10 16:03:12] 开始更新音乐URL...
[2026-04-10 16:03:12] 备份创建成功：backups/music_data_2026-04-10_16-03-12.json
[2026-04-10 16:03:14] 更新成功：汪苏泷 - 如果爱忘了 (live) (ID: 2124385868) - 标准、无损音质
[2026-04-10 16:03:16] 更新成功：Dizzy Dizzo (蔡诗芸) - 雨过后的风景 (ID: 215382) - 标准、无损音质
[2026-04-10 16:03:17] 更新完成：成功更新 2 首歌曲
[2026-04-10 16:18:12] 开始更新音乐URL...
[2026-04-10 16:18:12] 备份创建成功：backups/music_data_2026-04-10_16-18-12.json
[2026-04-10 16:18:16] 更新成功：汪苏泷 - 如果爱忘了 (live) (ID: 2124385868) - 标准、无损音质
[2026-04-10 16:18:18] 更新成功：Dizzy Dizzo (蔡诗芸) - 雨过后的风景 (ID: 215382) - 标准、无损音质
[2026-04-10 16:18:18] 更新完成：成功更新 2 首歌曲
[2026-04-10 16:33:12] 开始更新音乐URL...
[2026-04-10 16:33:12] 备份创建成功：backups/music_data_2026-04-10_16-33-12.json
[2026-04-10 16:33:13] 更新成功：汪苏泷 - 如果爱忘了 (live) (ID: 2124385868) - 标准、无损音质
[2026-04-10 16:33:16] 更新成功：Dizzy Dizzo (蔡诗芸) - 雨过后的风景 (ID: 215382) - 标准、无损音质
[2026-04-10 16:33:16] 更新完成：成功更新 2 首歌曲
[2026-04-10 16:48:12] 开始更新音乐URL...
[2026-04-10 16:48:12] 备份创建成功：backups/music_data_2026-04-10_16-48-12.json
[2026-04-10 16:48:16] 更新成功：汪苏泷 - 如果爱忘了 (live) (ID: 2124385868) - 标准、无损音质
[2026-04-10 16:48:18] 更新成功：Dizzy Dizzo (蔡诗芸) - 雨过后的风景 (ID: 215382) - 标准、无损音质
[2026-04-10 16:48:19] 更新完成：成功更新 2 首歌曲
[2026-04-10 17:03:12] 开始更新音乐URL...
[2026-04-10 17:03:12] 备份创建成功：backups/music_data_2026-04-10_17-03-12.json
[2026-04-10 17:03:14] 更新成功：汪苏泷 - 如果爱忘了 (live) (ID: 2124385868) - 标准、无损音质
[2026-04-10 17:03:17] 更新成功：Dizzy Dizzo (蔡诗芸) - 雨过后的风景 (ID: 215382) - 标准、无损音质
[2026-04-10 17:03:17] 更新完成：成功更新 2 首歌曲
[2026-04-10 17:18:12] 开始更新音乐URL...
[2026-04-10 17:18:12] 备份创建成功：backups/music_data_2026-04-10_17-18-12.json
[2026-04-10 17:18:14] 更新成功：汪苏泷 - 如果爱忘了 (live) (ID: 2124385868) - 标准、无损音质
[2026-04-10 17:18:17] 更新成功：Dizzy Dizzo (蔡诗芸) - 雨过后的风景 (ID: 215382) - 标准、无损音质
[2026-04-10 17:18:17] 更新完成：成功更新 2 首歌曲
[2026-04-10 17:33:12] 开始更新音乐URL...
[2026-04-10 17:33:12] 备份创建成功：backups/music_data_2026-04-10_17-33-12.json
[2026-04-10 17:33:14] 更新成功：汪苏泷 - 如果爱忘了 (live) (ID: 2124385868) - 标准、无损音质
[2026-04-10 17:33:17] 更新成功：Dizzy Dizzo (蔡诗芸) - 雨过后的风景 (ID: 215382) - 标准、无损音质
[2026-04-10 17:33:17] 更新完成：成功更新 2 首歌曲
[2026-04-10 17:48:12] 开始更新音乐URL...
[2026-04-10 17:48:12] 备份创建成功：backups/music_data_2026-04-10_17-48-12.json
[2026-04-10 17:48:16] 更新成功：汪苏泷 - 如果爱忘了 (live) (ID: 2124385868) - 标准、无损音质
[2026-04-10 17:48:18] 更新成功：Dizzy Dizzo (蔡诗芸) - 雨过后的风景 (ID: 215382) - 标准、无损音质
[2026-04-10 17:48:19] 更新完成：成功更新 2 首歌曲
[2026-04-10 18:03:12] 开始更新音乐URL...
[2026-04-10 18:03:12] 备份创建成功：backups/music_data_2026-04-10_18-03-12.json
[2026-04-10 18:03:16] 更新成功：汪苏泷 - 如果爱忘了 (live) (ID: 2124385868) - 标准、无损音质
[2026-04-10 18:03:18] 更新成功：Dizzy Dizzo (蔡诗芸) - 雨过后的风景 (ID: 215382) - 标准、无损音质
[2026-04-10 18:03:19] 更新完成：成功更新 2 首歌曲
[2026-04-10 18:18:12] 开始更新音乐URL...
[2026-04-10 18:18:12] 备份创建成功：backups/music_data_2026-04-10_18-18-12.json
[2026-04-10 18:18:16] 更新成功：汪苏泷 - 如果爱忘了 (live) (ID: 2124385868) - 标准、无损音质
[2026-04-10 18:18:19] 更新成功：Dizzy Dizzo (蔡诗芸) - 雨过后的风景 (ID: 215382) - 标准、无损音质
[2026-04-10 18:18:19] 更新完成：成功更新 2 首歌曲
[2026-04-10 18:33:12] 开始更新音乐URL...
[2026-04-10 18:33:12] 备份创建成功：backups/music_data_2026-04-10_18-33-12.json
[2026-04-10 18:33:14] 更新成功：汪苏泷 - 如果爱忘了 (live) (ID: 2124385868) - 标准、无损音质
[2026-04-10 18:33:16] 更新成功：Dizzy Dizzo (蔡诗芸) - 雨过后的风景 (ID: 215382) - 标准、无损音质
[2026-04-10 18:33:17] 更新完成：成功更新 2 首歌曲
[2026-04-10 18:48:12] 开始更新音乐URL...
[2026-04-10 18:48:12] 备份创建成功：backups/music_data_2026-04-10_18-48-12.json
[2026-04-10 18:48:14] 更新成功：汪苏泷 - 如果爱忘了 (live) (ID: 2124385868) - 标准、无损音质
[2026-04-10 18:48:17] 更新成功：Dizzy Dizzo (蔡诗芸) - 雨过后的风景 (ID: 215382) - 标准、无损音质
[2026-04-10 18:48:17] 更新完成：成功更新 2 首歌曲
[2026-04-10 19:03:12] 开始更新音乐URL...
[2026-04-10 19:03:12] 备份创建成功：backups/music_data_2026-04-10_19-03-12.json
[2026-04-10 19:03:20] 更新成功：汪苏泷 - 如果爱忘了 (live) (ID: 2124385868) - 标准、无损音质
[2026-04-10 19:03:23] 更新成功：Dizzy Dizzo (蔡诗芸) - 雨过后的风景 (ID: 215382) - 标准、无损音质
[2026-04-10 19:03:23] 更新完成：成功更新 2 首歌曲
[2026-04-10 19:18:12] 开始更新音乐URL...
[2026-04-10 19:18:12] 备份创建成功：backups/music_data_2026-04-10_19-18-12.json
[2026-04-10 19:18:14] 更新成功：汪苏泷 - 如果爱忘了 (live) (ID: 2124385868) - 标准、无损音质
[2026-04-10 19:18:17] 更新成功：Dizzy Dizzo (蔡诗芸) - 雨过后的风景 (ID: 215382) - 标准、无损音质
[2026-04-10 19:18:18] 更新完成：成功更新 2 首歌曲
[2026-04-10 19:33:12] 开始更新音乐URL...
[2026-04-10 19:33:12] 备份创建成功：backups/music_data_2026-04-10_19-33-12.json
[2026-04-10 19:33:14] 更新成功：汪苏泷 - 如果爱忘了 (live) (ID: 2124385868) - 标准、无损音质
[2026-04-10 19:33:17] 更新成功：Dizzy Dizzo (蔡诗芸) - 雨过后的风景 (ID: 215382) - 标准、无损音质
[2026-04-10 19:33:18] 更新完成：成功更新 2 首歌曲
[2026-04-10 19:48:12] 开始更新音乐URL...
[2026-04-10 19:48:12] 备份创建成功：backups/music_data_2026-04-10_19-48-12.json
[2026-04-10 19:48:18] 更新成功：汪苏泷 - 如果爱忘了 (live) (ID: 2124385868) - 标准、无损音质
[2026-04-10 19:48:21] 更新成功：Dizzy Dizzo (蔡诗芸) - 雨过后的风景 (ID: 215382) - 标准、无损音质
[2026-04-10 19:48:21] 更新完成：成功更新 2 首歌曲
[2026-04-10 20:03:12] 开始更新音乐URL...
[2026-04-10 20:03:12] 备份创建成功：backups/music_data_2026-04-10_20-03-12.json
[2026-04-10 20:03:15] 更新成功：汪苏泷 - 如果爱忘了 (live) (ID: 2124385868) - 标准、无损音质
[2026-04-10 20:03:17] 更新成功：Dizzy Dizzo (蔡诗芸) - 雨过后的风景 (ID: 215382) - 标准、无损音质
[2026-04-10 20:03:18] 更新完成：成功更新 2 首歌曲
[2026-04-10 20:18:12] 开始更新音乐URL...
[2026-04-10 20:18:12] 备份创建成功：backups/music_data_2026-04-10_20-18-12.json
[2026-04-10 20:18:17] 更新成功：汪苏泷 - 如果爱忘了 (live) (ID: 2124385868) - 标准、无损音质
[2026-04-10 20:18:22] 更新成功：Dizzy Dizzo (蔡诗芸) - 雨过后的风景 (ID: 215382) - 标准、无损音质
[2026-04-10 20:18:23] 更新完成：成功更新 2 首歌曲
[2026-04-10 20:33:12] 开始更新音乐URL...
[2026-04-10 20:33:12] 备份创建成功：backups/music_data_2026-04-10_20-33-12.json
[2026-04-10 20:33:15] 更新成功：汪苏泷 - 如果爱忘了 (live) (ID: 2124385868) - 标准、无损音质
[2026-04-10 20:33:18] 更新成功：Dizzy Dizzo (蔡诗芸) - 雨过后的风景 (ID: 215382) - 标准、无损音质
[2026-04-10 20:33:18] 更新完成：成功更新 2 首歌曲
[2026-04-10 20:48:12] 开始更新音乐URL...
[2026-04-10 20:48:12] 备份创建成功：backups/music_data_2026-04-10_20-48-12.json
[2026-04-10 20:48:18] 更新成功：汪苏泷 - 如果爱忘了 (live) (ID: 2124385868) - 标准、无损音质
[2026-04-10 20:48:20] 更新成功：Dizzy Dizzo (蔡诗芸) - 雨过后的风景 (ID: 215382) - 标准、无损音质
[2026-04-10 20:48:21] 更新完成：成功更新 2 首歌曲
[2026-04-10 21:03:12] 开始更新音乐URL...
[2026-04-10 21:03:12] 备份创建成功：backups/music_data_2026-04-10_21-03-12.json
[2026-04-10 21:03:18] 更新成功：汪苏泷 - 如果爱忘了 (live) (ID: 2124385868) - 标准、无损音质
[2026-04-10 21:03:20] 更新成功：Dizzy Dizzo (蔡诗芸) - 雨过后的风景 (ID: 215382) - 标准、无损音质
[2026-04-10 21:03:21] 更新完成：成功更新 2 首歌曲
[2026-04-10 21:18:12] 开始更新音乐URL...
[2026-04-10 21:18:12] 备份创建成功：backups/music_data_2026-04-10_21-18-12.json
[2026-04-10 21:18:15] 更新成功：汪苏泷 - 如果爱忘了 (live) (ID: 2124385868) - 标准、无损音质
[2026-04-10 21:18:18] 更新成功：Dizzy Dizzo (蔡诗芸) - 雨过后的风景 (ID: 215382) - 标准、无损音质
[2026-04-10 21:18:18] 更新完成：成功更新 2 首歌曲
[2026-04-10 21:33:12] 开始更新音乐URL...
[2026-04-10 21:33:12] 备份创建成功：backups/music_data_2026-04-10_21-33-12.json
[2026-04-10 21:33:15] 更新成功：汪苏泷 - 如果爱忘了 (live) (ID: 2124385868) - 标准、无损音质
[2026-04-10 21:33:18] 更新成功：Dizzy Dizzo (蔡诗芸) - 雨过后的风景 (ID: 215382) - 标准、无损音质
[2026-04-10 21:33:18] 更新完成：成功更新 2 首歌曲
[2026-04-10 21:48:12] 开始更新音乐URL...
[2026-04-10 21:48:12] 备份创建成功：backups/music_data_2026-04-10_21-48-12.json
[2026-04-10 21:48:15] 更新成功：汪苏泷 - 如果爱忘了 (live) (ID: 2124385868) - 标准、无损音质
[2026-04-10 21:48:17] 更新成功：Dizzy Dizzo (蔡诗芸) - 雨过后的风景 (ID: 215382) - 标准、无损音质
[2026-04-10 21:48:18] 更新完成：成功更新 2 首歌曲
[2026-04-10 22:03:12] 开始更新音乐URL...
[2026-04-10 22:03:12] 备份创建成功：backups/music_data_2026-04-10_22-03-12.json
[2026-04-10 22:03:18] 更新成功：汪苏泷 - 如果爱忘了 (live) (ID: 2124385868) - 标准、无损音质
[2026-04-10 22:03:21] 更新成功：Dizzy Dizzo (蔡诗芸) - 雨过后的风景 (ID: 215382) - 标准、无损音质
[2026-04-10 22:03:21] 更新完成：成功更新 2 首歌曲
[2026-04-10 22:18:12] 开始更新音乐URL...
[2026-04-10 22:18:12] 备份创建成功：backups/music_data_2026-04-10_22-18-12.json
[2026-04-10 22:18:15] 更新成功：汪苏泷 - 如果爱忘了 (live) (ID: 2124385868) - 标准、无损音质
[2026-04-10 22:18:18] 更新成功：Dizzy Dizzo (蔡诗芸) - 雨过后的风景 (ID: 215382) - 标准、无损音质
[2026-04-10 22:18:18] 更新完成：成功更新 2 首歌曲
[2026-04-10 22:33:12] 开始更新音乐URL...
[2026-04-10 22:33:12] 备份创建成功：backups/music_data_2026-04-10_22-33-12.json
[2026-04-10 22:33:17] 更新成功：汪苏泷 - 如果爱忘了 (live) (ID: 2124385868) - 标准、无损音质
[2026-04-10 22:33:19] 更新成功：Dizzy Dizzo (蔡诗芸) - 雨过后的风景 (ID: 215382) - 标准、无损音质
[2026-04-10 22:33:20] 更新完成：成功更新 2 首歌曲
[2026-04-10 22:48:12] 开始更新音乐URL...
[2026-04-10 22:48:12] 备份创建成功：backups/music_data_2026-04-10_22-48-12.json
[2026-04-10 22:48:15] 更新成功：汪苏泷 - 如果爱忘了 (live) (ID: 2124385868) - 标准、无损音质
[2026-04-10 22:48:17] 更新成功：Dizzy Dizzo (蔡诗芸) - 雨过后的风景 (ID: 215382) - 标准、无损音质
[2026-04-10 22:48:17] 更新完成：成功更新 2 首歌曲
[2026-04-10 23:03:12] 开始更新音乐URL...
[2026-04-10 23:03:12] 备份创建成功：backups/music_data_2026-04-10_23-03-12.json
[2026-04-10 23:03:14] 更新成功：汪苏泷 - 如果爱忘了 (live) (ID: 2124385868) - 标准、无损音质
[2026-04-10 23:03:17] 更新成功：Dizzy Dizzo (蔡诗芸) - 雨过后的风景 (ID: 215382) - 标准、无损音质
[2026-04-10 23:03:17] 更新完成：成功更新 2 首歌曲
[2026-04-10 23:18:12] 开始更新音乐URL...
[2026-04-10 23:18:12] 备份创建成功：backups/music_data_2026-04-10_23-18-12.json
[2026-04-10 23:18:15] 更新成功：汪苏泷 - 如果爱忘了 (live) (ID: 2124385868) - 标准、无损音质
[2026-04-10 23:18:17] 更新成功：Dizzy Dizzo (蔡诗芸) - 雨过后的风景 (ID: 215382) - 标准、无损音质
[2026-04-10 23:18:17] 更新完成：成功更新 2 首歌曲
[2026-04-10 23:33:12] 开始更新音乐URL...
[2026-04-10 23:33:12] 备份创建成功：backups/music_data_2026-04-10_23-33-12.json
[2026-04-10 23:33:16] 更新成功：汪苏泷 - 如果爱忘了 (live) (ID: 2124385868) - 标准、无损音质
[2026-04-10 23:33:19] 更新成功：Dizzy Dizzo (蔡诗芸) - 雨过后的风景 (ID: 215382) - 标准、无损音质
[2026-04-10 23:33:19] 更新完成：成功更新 2 首歌曲
[2026-04-10 23:48:12] 开始更新音乐URL...
[2026-04-10 23:48:12] 备份创建成功：backups/music_data_2026-04-10_23-48-12.json
[2026-04-10 23:48:15] 更新成功：汪苏泷 - 如果爱忘了 (live) (ID: 2124385868) - 标准、无损音质
[2026-04-10 23:48:18] 更新成功：Dizzy Dizzo (蔡诗芸) - 雨过后的风景 (ID: 215382) - 标准、无损音质
[2026-04-10 23:48:18] 更新完成：成功更新 2 首歌曲
[2026-04-11 00:03:12] 开始更新音乐URL...
[2026-04-11 00:03:12] 备份创建成功：backups/music_data_2026-04-11_00-03-12.json
[2026-04-11 00:03:15] 更新成功：汪苏泷 - 如果爱忘了 (live) (ID: 2124385868) - 标准、无损音质
[2026-04-11 00:03:17] 更新成功：Dizzy Dizzo (蔡诗芸) - 雨过后的风景 (ID: 215382) - 标准、无损音质
[2026-04-11 00:03:18] 更新完成：成功更新 2 首歌曲
[2026-04-11 00:18:12] 开始更新音乐URL...
[2026-04-11 00:18:12] 备份创建成功：backups/music_data_2026-04-11_00-18-12.json
[2026-04-11 00:18:15] 更新成功：汪苏泷 - 如果爱忘了 (live) (ID: 2124385868) - 标准、无损音质
[2026-04-11 00:18:17] 更新成功：Dizzy Dizzo (蔡诗芸) - 雨过后的风景 (ID: 215382) - 标准、无损音质
[2026-04-11 00:18:18] 更新完成：成功更新 2 首歌曲
[2026-04-11 00:33:12] 开始更新音乐URL...
[2026-04-11 00:33:12] 备份创建成功：backups/music_data_2026-04-11_00-33-12.json
[2026-04-11 00:33:16] 更新成功：汪苏泷 - 如果爱忘了 (live) (ID: 2124385868) - 标准、无损音质
[2026-04-11 00:33:19] 更新成功：Dizzy Dizzo (蔡诗芸) - 雨过后的风景 (ID: 215382) - 标准、无损音质
[2026-04-11 00:33:19] 更新完成：成功更新 2 首歌曲
[2026-04-11 00:48:12] 开始更新音乐URL...
[2026-04-11 00:48:12] 备份创建成功：backups/music_data_2026-04-11_00-48-12.json
[2026-04-11 00:48:15] 更新成功：汪苏泷 - 如果爱忘了 (live) (ID: 2124385868) - 标准、无损音质
[2026-04-11 00:48:18] 更新成功：Dizzy Dizzo (蔡诗芸) - 雨过后的风景 (ID: 215382) - 标准、无损音质
[2026-04-11 00:48:18] 更新完成：成功更新 2 首歌曲
[2026-04-11 01:03:12] 开始更新音乐URL...
[2026-04-11 01:03:12] 备份创建成功：backups/music_data_2026-04-11_01-03-12.json
[2026-04-11 01:03:15] 更新成功：汪苏泷 - 如果爱忘了 (live) (ID: 2124385868) - 标准、无损音质
[2026-04-11 01:03:17] 更新成功：Dizzy Dizzo (蔡诗芸) - 雨过后的风景 (ID: 215382) - 标准、无损音质
[2026-04-11 01:03:17] 更新完成：成功更新 2 首歌曲
[2026-04-11 01:18:12] 开始更新音乐URL...
[2026-04-11 01:18:12] 备份创建成功：backups/music_data_2026-04-11_01-18-12.json
[2026-04-11 01:18:16] 更新成功：汪苏泷 - 如果爱忘了 (live) (ID: 2124385868) - 标准、无损音质
[2026-04-11 01:18:18] 更新成功：Dizzy Dizzo (蔡诗芸) - 雨过后的风景 (ID: 215382) - 标准、无损音质
[2026-04-11 01:18:19] 更新完成：成功更新 2 首歌曲
[2026-04-11 01:33:12] 开始更新音乐URL...
[2026-04-11 01:33:12] 备份创建成功：backups/music_data_2026-04-11_01-33-12.json
[2026-04-11 01:33:15] 更新成功：汪苏泷 - 如果爱忘了 (live) (ID: 2124385868) - 标准、无损音质
[2026-04-11 01:33:17] 更新成功：Dizzy Dizzo (蔡诗芸) - 雨过后的风景 (ID: 215382) - 标准、无损音质
[2026-04-11 01:33:18] 更新完成：成功更新 2 首歌曲
[2026-04-11 01:48:12] 开始更新音乐URL...
[2026-04-11 01:48:12] 备份创建成功：backups/music_data_2026-04-11_01-48-12.json
[2026-04-11 01:48:16] 更新成功：汪苏泷 - 如果爱忘了 (live) (ID: 2124385868) - 标准、无损音质
[2026-04-11 01:48:18] 更新成功：Dizzy Dizzo (蔡诗芸) - 雨过后的风景 (ID: 215382) - 标准、无损音质
[2026-04-11 01:48:18] 更新完成：成功更新 2 首歌曲
[2026-04-11 02:03:12] 开始更新音乐URL...
[2026-04-11 02:03:12] 备份创建成功：backups/music_data_2026-04-11_02-03-12.json
[2026-04-11 02:03:16] 更新成功：汪苏泷 - 如果爱忘了 (live) (ID: 2124385868) - 标准、无损音质
[2026-04-11 02:03:18] 更新成功：Dizzy Dizzo (蔡诗芸) - 雨过后的风景 (ID: 215382) - 标准、无损音质
[2026-04-11 02:03:19] 更新完成：成功更新 2 首歌曲
[2026-04-11 02:18:12] 开始更新音乐URL...
[2026-04-11 02:18:12] 备份创建成功：backups/music_data_2026-04-11_02-18-12.json
[2026-04-11 02:18:15] 更新成功：汪苏泷 - 如果爱忘了 (live) (ID: 2124385868) - 标准、无损音质
[2026-04-11 02:18:18] 更新成功：Dizzy Dizzo (蔡诗芸) - 雨过后的风景 (ID: 215382) - 标准、无损音质
[2026-04-11 02:18:18] 更新完成：成功更新 2 首歌曲
[2026-04-11 02:33:12] 开始更新音乐URL...
[2026-04-11 02:33:12] 备份创建成功：backups/music_data_2026-04-11_02-33-12.json
[2026-04-11 02:33:15] 更新成功：汪苏泷 - 如果爱忘了 (live) (ID: 2124385868) - 标准、无损音质
[2026-04-11 02:33:17] 更新成功：Dizzy Dizzo (蔡诗芸) - 雨过后的风景 (ID: 215382) - 标准、无损音质
[2026-04-11 02:33:18] 更新完成：成功更新 2 首歌曲
[2026-04-11 02:48:12] 开始更新音乐URL...
[2026-04-11 02:48:12] 备份创建成功：backups/music_data_2026-04-11_02-48-12.json
[2026-04-11 02:48:14] 更新成功：汪苏泷 - 如果爱忘了 (live) (ID: 2124385868) - 标准、无损音质
[2026-04-11 02:48:16] 更新成功：Dizzy Dizzo (蔡诗芸) - 雨过后的风景 (ID: 215382) - 标准、无损音质
[2026-04-11 02:48:17] 更新完成：成功更新 2 首歌曲
[2026-04-11 03:03:12] 开始更新音乐URL...
[2026-04-11 03:03:12] 备份创建成功：backups/music_data_2026-04-11_03-03-12.json
[2026-04-11 03:03:14] 更新成功：汪苏泷 - 如果爱忘了 (live) (ID: 2124385868) - 标准、无损音质
[2026-04-11 03:03:16] 更新成功：Dizzy Dizzo (蔡诗芸) - 雨过后的风景 (ID: 215382) - 标准、无损音质
[2026-04-11 03:03:17] 更新完成：成功更新 2 首歌曲
[2026-04-11 03:18:12] 开始更新音乐URL...
[2026-04-11 03:18:12] 备份创建成功：backups/music_data_2026-04-11_03-18-12.json
[2026-04-11 03:18:15] 更新成功：汪苏泷 - 如果爱忘了 (live) (ID: 2124385868) - 标准、无损音质
[2026-04-11 03:18:18] 更新成功：Dizzy Dizzo (蔡诗芸) - 雨过后的风景 (ID: 215382) - 标准、无损音质
[2026-04-11 03:18:18] 更新完成：成功更新 2 首歌曲
[2026-04-11 03:33:12] 开始更新音乐URL...
[2026-04-11 03:33:12] 备份创建成功：backups/music_data_2026-04-11_03-33-12.json
[2026-04-11 03:33:15] 更新成功：汪苏泷 - 如果爱忘了 (live) (ID: 2124385868) - 标准、无损音质
[2026-04-11 03:33:18] 更新成功：Dizzy Dizzo (蔡诗芸) - 雨过后的风景 (ID: 215382) - 标准、无损音质
[2026-04-11 03:33:18] 更新完成：成功更新 2 首歌曲
[2026-04-11 03:48:12] 开始更新音乐URL...
[2026-04-11 03:48:12] 备份创建成功：backups/music_data_2026-04-11_03-48-12.json
[2026-04-11 03:48:14] 更新成功：汪苏泷 - 如果爱忘了 (live) (ID: 2124385868) - 标准、无损音质
[2026-04-11 03:48:17] 更新成功：Dizzy Dizzo (蔡诗芸) - 雨过后的风景 (ID: 215382) - 标准、无损音质
[2026-04-11 03:48:17] 更新完成：成功更新 2 首歌曲
[2026-04-11 04:03:12] 开始更新音乐URL...
[2026-04-11 04:03:12] 备份创建成功：backups/music_data_2026-04-11_04-03-12.json
[2026-04-11 04:03:17] 更新成功：汪苏泷 - 如果爱忘了 (live) (ID: 2124385868) - 标准、无损音质
[2026-04-11 04:03:19] 更新成功：Dizzy Dizzo (蔡诗芸) - 雨过后的风景 (ID: 215382) - 标准、无损音质
[2026-04-11 04:03:20] 更新完成：成功更新 2 首歌曲
[2026-04-11 04:18:12] 开始更新音乐URL...
[2026-04-11 04:18:12] 备份创建成功：backups/music_data_2026-04-11_04-18-12.json
[2026-04-11 04:18:15] 更新成功：汪苏泷 - 如果爱忘了 (live) (ID: 2124385868) - 标准、无损音质
[2026-04-11 04:18:17] 更新成功：Dizzy Dizzo (蔡诗芸) - 雨过后的风景 (ID: 215382) - 标准、无损音质
[2026-04-11 04:18:18] 更新完成：成功更新 2 首歌曲
[2026-04-11 04:33:12] 开始更新音乐URL...
[2026-04-11 04:33:12] 备份创建成功：backups/music_data_2026-04-11_04-33-12.json
[2026-04-11 04:33:14] 更新成功：汪苏泷 - 如果爱忘了 (live) (ID: 2124385868) - 标准、无损音质
[2026-04-11 04:33:17] 更新成功：Dizzy Dizzo (蔡诗芸) - 雨过后的风景 (ID: 215382) - 标准、无损音质
[2026-04-11 04:33:18] 更新完成：成功更新 2 首歌曲
[2026-04-11 04:48:12] 开始更新音乐URL...
[2026-04-11 04:48:12] 备份创建成功：backups/music_data_2026-04-11_04-48-12.json
[2026-04-11 04:48:16] 更新成功：汪苏泷 - 如果爱忘了 (live) (ID: 2124385868) - 标准、无损音质
[2026-04-11 04:48:19] 更新成功：Dizzy Dizzo (蔡诗芸) - 雨过后的风景 (ID: 215382) - 标准、无损音质
[2026-04-11 04:48:19] 更新完成：成功更新 2 首歌曲
[2026-04-11 05:03:12] 开始更新音乐URL...
[2026-04-11 05:03:12] 备份创建成功：backups/music_data_2026-04-11_05-03-12.json
[2026-04-11 05:03:15] 更新成功：汪苏泷 - 如果爱忘了 (live) (ID: 2124385868) - 标准、无损音质
[2026-04-11 05:03:17] 更新成功：Dizzy Dizzo (蔡诗芸) - 雨过后的风景 (ID: 215382) - 标准、无损音质
[2026-04-11 05:03:18] 更新完成：成功更新 2 首歌曲
[2026-04-11 05:18:12] 开始更新音乐URL...
[2026-04-11 05:18:12] 备份创建成功：backups/music_data_2026-04-11_05-18-12.json
[2026-04-11 05:18:15] 更新成功：汪苏泷 - 如果爱忘了 (live) (ID: 2124385868) - 标准、无损音质
[2026-04-11 05:18:18] 更新成功：Dizzy Dizzo (蔡诗芸) - 雨过后的风景 (ID: 215382) - 标准、无损音质
[2026-04-11 05:18:18] 更新完成：成功更新 2 首歌曲
[2026-04-11 05:33:12] 开始更新音乐URL...
[2026-04-11 05:33:12] 备份创建成功：backups/music_data_2026-04-11_05-33-12.json
[2026-04-11 05:33:15] 更新成功：汪苏泷 - 如果爱忘了 (live) (ID: 2124385868) - 标准、无损音质
[2026-04-11 05:33:17] 更新成功：Dizzy Dizzo (蔡诗芸) - 雨过后的风景 (ID: 215382) - 标准、无损音质
[2026-04-11 05:33:17] 更新完成：成功更新 2 首歌曲
[2026-04-11 05:48:12] 开始更新音乐URL...
[2026-04-11 05:48:12] 备份创建成功：backups/music_data_2026-04-11_05-48-12.json
[2026-04-11 05:48:15] 更新成功：汪苏泷 - 如果爱忘了 (live) (ID: 2124385868) - 标准、无损音质
[2026-04-11 05:48:17] 更新成功：Dizzy Dizzo (蔡诗芸) - 雨过后的风景 (ID: 215382) - 标准、无损音质
[2026-04-11 05:48:17] 更新完成：成功更新 2 首歌曲
[2026-04-11 06:03:12] 开始更新音乐URL...
[2026-04-11 06:03:12] 备份创建成功：backups/music_data_2026-04-11_06-03-12.json
[2026-04-11 06:03:15] 更新成功：汪苏泷 - 如果爱忘了 (live) (ID: 2124385868) - 标准、无损音质
[2026-04-11 06:03:17] 更新成功：Dizzy Dizzo (蔡诗芸) - 雨过后的风景 (ID: 215382) - 标准、无损音质
[2026-04-11 06:03:18] 更新完成：成功更新 2 首歌曲
[2026-04-11 06:18:12] 开始更新音乐URL...
[2026-04-11 06:18:12] 备份创建成功：backups/music_data_2026-04-11_06-18-12.json
[2026-04-11 06:18:15] 更新成功：汪苏泷 - 如果爱忘了 (live) (ID: 2124385868) - 标准、无损音质
[2026-04-11 06:18:17] 更新成功：Dizzy Dizzo (蔡诗芸) - 雨过后的风景 (ID: 215382) - 标准、无损音质
[2026-04-11 06:18:18] 更新完成：成功更新 2 首歌曲
[2026-04-11 06:33:12] 开始更新音乐URL...
[2026-04-11 06:33:12] 备份创建成功：backups/music_data_2026-04-11_06-33-12.json
[2026-04-11 06:33:15] 更新成功：汪苏泷 - 如果爱忘了 (live) (ID: 2124385868) - 标准、无损音质
[2026-04-11 06:33:17] 更新成功：Dizzy Dizzo (蔡诗芸) - 雨过后的风景 (ID: 215382) - 标准、无损音质
[2026-04-11 06:33:18] 更新完成：成功更新 2 首歌曲
[2026-04-11 06:48:12] 开始更新音乐URL...
[2026-04-11 06:48:12] 备份创建成功：backups/music_data_2026-04-11_06-48-12.json
[2026-04-11 06:48:15] 更新成功：汪苏泷 - 如果爱忘了 (live) (ID: 2124385868) - 标准、无损音质
[2026-04-11 06:48:17] 更新成功：Dizzy Dizzo (蔡诗芸) - 雨过后的风景 (ID: 215382) - 标准、无损音质
[2026-04-11 06:48:18] 更新完成：成功更新 2 首歌曲
[2026-04-11 07:03:12] 开始更新音乐URL...
[2026-04-11 07:03:12] 备份创建成功：backups/music_data_2026-04-11_07-03-12.json
[2026-04-11 07:03:14] 更新成功：汪苏泷 - 如果爱忘了 (live) (ID: 2124385868) - 标准、无损音质
[2026-04-11 07:03:17] 更新成功：Dizzy Dizzo (蔡诗芸) - 雨过后的风景 (ID: 215382) - 标准、无损音质
[2026-04-11 07:03:17] 更新完成：成功更新 2 首歌曲
[2026-04-11 07:18:12] 开始更新音乐URL...
[2026-04-11 07:18:12] 备份创建成功：backups/music_data_2026-04-11_07-18-12.json
[2026-04-11 07:18:14] 更新成功：汪苏泷 - 如果爱忘了 (live) (ID: 2124385868) - 标准、无损音质
[2026-04-11 07:18:17] 更新成功：Dizzy Dizzo (蔡诗芸) - 雨过后的风景 (ID: 215382) - 标准、无损音质
[2026-04-11 07:18:17] 更新完成：成功更新 2 首歌曲
[2026-04-11 07:33:12] 开始更新音乐URL...
[2026-04-11 07:33:12] 备份创建成功：backups/music_data_2026-04-11_07-33-12.json
[2026-04-11 07:33:15] 更新成功：汪苏泷 - 如果爱忘了 (live) (ID: 2124385868) - 标准、无损音质
[2026-04-11 07:33:17] 更新成功：Dizzy Dizzo (蔡诗芸) - 雨过后的风景 (ID: 215382) - 标准、无损音质
[2026-04-11 07:33:17] 更新完成：成功更新 2 首歌曲
[2026-04-11 07:48:12] 开始更新音乐URL...
[2026-04-11 07:48:12] 备份创建成功：backups/music_data_2026-04-11_07-48-12.json
[2026-04-11 07:48:15] 更新成功：汪苏泷 - 如果爱忘了 (live) (ID: 2124385868) - 标准、无损音质
[2026-04-11 07:48:17] 更新成功：Dizzy Dizzo (蔡诗芸) - 雨过后的风景 (ID: 215382) - 标准、无损音质
[2026-04-11 07:48:18] 更新完成：成功更新 2 首歌曲
[2026-04-11 08:03:12] 开始更新音乐URL...
[2026-04-11 08:03:12] 备份创建成功：backups/music_data_2026-04-11_08-03-12.json
[2026-04-11 08:03:18] 更新成功：汪苏泷 - 如果爱忘了 (live) (ID: 2124385868) - 标准、无损音质
[2026-04-11 08:03:20] 更新成功：Dizzy Dizzo (蔡诗芸) - 雨过后的风景 (ID: 215382) - 标准、无损音质
[2026-04-11 08:03:21] 更新完成：成功更新 2 首歌曲
[2026-04-11 08:18:12] 开始更新音乐URL...
[2026-04-11 08:18:12] 备份创建成功：backups/music_data_2026-04-11_08-18-12.json
[2026-04-11 08:18:15] 更新成功：汪苏泷 - 如果爱忘了 (live) (ID: 2124385868) - 标准、无损音质
[2026-04-11 08:18:17] 更新成功：Dizzy Dizzo (蔡诗芸) - 雨过后的风景 (ID: 215382) - 标准、无损音质
[2026-04-11 08:18:18] 更新完成：成功更新 2 首歌曲
[2026-04-11 08:33:12] 开始更新音乐URL...
[2026-04-11 08:33:12] 备份创建成功：backups/music_data_2026-04-11_08-33-12.json
[2026-04-11 08:33:14] 更新成功：汪苏泷 - 如果爱忘了 (live) (ID: 2124385868) - 标准、无损音质
[2026-04-11 08:33:17] 更新成功：Dizzy Dizzo (蔡诗芸) - 雨过后的风景 (ID: 215382) - 标准、无损音质
[2026-04-11 08:33:17] 更新完成：成功更新 2 首歌曲
[2026-04-11 08:48:12] 开始更新音乐URL...
[2026-04-11 08:48:12] 备份创建成功：backups/music_data_2026-04-11_08-48-12.json
[2026-04-11 08:48:16] 更新成功：汪苏泷 - 如果爱忘了 (live) (ID: 2124385868) - 标准、无损音质
[2026-04-11 08:48:18] 更新成功：Dizzy Dizzo (蔡诗芸) - 雨过后的风景 (ID: 215382) - 标准、无损音质
[2026-04-11 08:48:18] 更新完成：成功更新 2 首歌曲
[2026-04-11 09:03:12] 开始更新音乐URL...
[2026-04-11 09:03:12] 备份创建成功：backups/music_data_2026-04-11_09-03-12.json
[2026-04-11 09:03:15] 更新成功：汪苏泷 - 如果爱忘了 (live) (ID: 2124385868) - 标准、无损音质
[2026-04-11 09:03:17] 更新成功：Dizzy Dizzo (蔡诗芸) - 雨过后的风景 (ID: 215382) - 标准、无损音质
[2026-04-11 09:03:18] 更新完成：成功更新 2 首歌曲
[2026-04-11 09:18:12] 开始更新音乐URL...
[2026-04-11 09:18:12] 备份创建成功：backups/music_data_2026-04-11_09-18-12.json
[2026-04-11 09:18:15] 更新成功：汪苏泷 - 如果爱忘了 (live) (ID: 2124385868) - 标准、无损音质
[2026-04-11 09:18:18] 更新成功：Dizzy Dizzo (蔡诗芸) - 雨过后的风景 (ID: 215382) - 标准、无损音质
[2026-04-11 09:18:18] 更新完成：成功更新 2 首歌曲
[2026-04-11 09:33:12] 开始更新音乐URL...
[2026-04-11 09:33:12] 备份创建成功：backups/music_data_2026-04-11_09-33-12.json
[2026-04-11 09:33:15] 更新成功：汪苏泷 - 如果爱忘了 (live) (ID: 2124385868) - 标准、无损音质
[2026-04-11 09:33:17] 更新成功：Dizzy Dizzo (蔡诗芸) - 雨过后的风景 (ID: 215382) - 标准、无损音质
[2026-04-11 09:33:18] 更新完成：成功更新 2 首歌曲
[2026-04-11 09:48:12] 开始更新音乐URL...
[2026-04-11 09:48:12] 备份创建成功：backups/music_data_2026-04-11_09-48-12.json
[2026-04-11 09:48:15] 更新成功：汪苏泷 - 如果爱忘了 (live) (ID: 2124385868) - 标准、无损音质
[2026-04-11 09:48:17] 更新成功：Dizzy Dizzo (蔡诗芸) - 雨过后的风景 (ID: 215382) - 标准、无损音质
[2026-04-11 09:48:18] 更新完成：成功更新 2 首歌曲
[2026-04-11 10:03:12] 开始更新音乐URL...
[2026-04-11 10:03:12] 备份创建成功：backups/music_data_2026-04-11_10-03-12.json
[2026-04-11 10:03:16] 更新成功：汪苏泷 - 如果爱忘了 (live) (ID: 2124385868) - 标准、无损音质
[2026-04-11 10:03:18] 更新成功：Dizzy Dizzo (蔡诗芸) - 雨过后的风景 (ID: 215382) - 标准、无损音质
[2026-04-11 10:03:19] 更新完成：成功更新 2 首歌曲
[2026-04-11 10:18:12] 开始更新音乐URL...
[2026-04-11 10:18:12] 备份创建成功：backups/music_data_2026-04-11_10-18-12.json
[2026-04-11 10:18:15] 更新成功：汪苏泷 - 如果爱忘了 (live) (ID: 2124385868) - 标准、无损音质
[2026-04-11 10:18:17] 更新成功：Dizzy Dizzo (蔡诗芸) - 雨过后的风景 (ID: 215382) - 标准、无损音质
[2026-04-11 10:18:18] 更新完成：成功更新 2 首歌曲
[2026-04-11 10:33:12] 开始更新音乐URL...
[2026-04-11 10:33:12] 备份创建成功：backups/music_data_2026-04-11_10-33-12.json
[2026-04-11 10:33:15] 更新成功：汪苏泷 - 如果爱忘了 (live) (ID: 2124385868) - 标准、无损音质
[2026-04-11 10:33:17] 更新成功：Dizzy Dizzo (蔡诗芸) - 雨过后的风景 (ID: 215382) - 标准、无损音质
[2026-04-11 10:33:18] 更新完成：成功更新 2 首歌曲
[2026-04-11 10:48:12] 开始更新音乐URL...
[2026-04-11 10:48:12] 备份创建成功：backups/music_data_2026-04-11_10-48-12.json
[2026-04-11 10:48:15] 更新成功：汪苏泷 - 如果爱忘了 (live) (ID: 2124385868) - 标准、无损音质
[2026-04-11 10:48:17] 更新成功：Dizzy Dizzo (蔡诗芸) - 雨过后的风景 (ID: 215382) - 标准、无损音质
[2026-04-11 10:48:17] 更新完成：成功更新 2 首歌曲
[2026-04-11 11:03:12] 开始更新音乐URL...
[2026-04-11 11:03:12] 备份创建成功：backups/music_data_2026-04-11_11-03-12.json
[2026-04-11 11:03:14] 更新成功：汪苏泷 - 如果爱忘了 (live) (ID: 2124385868) - 标准、无损音质
[2026-04-11 11:03:17] 更新成功：Dizzy Dizzo (蔡诗芸) - 雨过后的风景 (ID: 215382) - 标准、无损音质
[2026-04-11 11:03:17] 更新完成：成功更新 2 首歌曲
[2026-04-11 11:18:12] 开始更新音乐URL...
[2026-04-11 11:18:12] 备份创建成功：backups/music_data_2026-04-11_11-18-12.json
[2026-04-11 11:18:15] 更新成功：汪苏泷 - 如果爱忘了 (live) (ID: 2124385868) - 标准、无损音质
[2026-04-11 11:18:18] 更新成功：Dizzy Dizzo (蔡诗芸) - 雨过后的风景 (ID: 215382) - 标准、无损音质
[2026-04-11 11:18:18] 更新完成：成功更新 2 首歌曲
[2026-04-11 11:33:12] 开始更新音乐URL...
[2026-04-11 11:33:12] 备份创建成功：backups/music_data_2026-04-11_11-33-12.json
[2026-04-11 11:33:15] 更新成功：汪苏泷 - 如果爱忘了 (live) (ID: 2124385868) - 标准、无损音质
[2026-04-11 11:33:17] 更新成功：Dizzy Dizzo (蔡诗芸) - 雨过后的风景 (ID: 215382) - 标准、无损音质
[2026-04-11 11:33:18] 更新完成：成功更新 2 首歌曲
[2026-04-11 11:48:12] 开始更新音乐URL...
[2026-04-11 11:48:12] 备份创建成功：backups/music_data_2026-04-11_11-48-12.json
[2026-04-11 11:48:17] 更新成功：汪苏泷 - 如果爱忘了 (live) (ID: 2124385868) - 标准、无损音质
[2026-04-11 11:48:20] 更新成功：Dizzy Dizzo (蔡诗芸) - 雨过后的风景 (ID: 215382) - 标准、无损音质
[2026-04-11 11:48:20] 更新完成：成功更新 2 首歌曲
[2026-04-11 12:03:12] 开始更新音乐URL...
[2026-04-11 12:03:12] 备份创建成功：backups/music_data_2026-04-11_12-03-12.json
[2026-04-11 12:03:15] 更新成功：汪苏泷 - 如果爱忘了 (live) (ID: 2124385868) - 标准、无损音质
[2026-04-11 12:03:18] 更新成功：Dizzy Dizzo (蔡诗芸) - 雨过后的风景 (ID: 215382) - 标准、无损音质
[2026-04-11 12:03:18] 更新完成：成功更新 2 首歌曲
[2026-04-11 12:18:12] 开始更新音乐URL...
[2026-04-11 12:18:12] 备份创建成功：backups/music_data_2026-04-11_12-18-12.json
[2026-04-11 12:18:15] 更新成功：汪苏泷 - 如果爱忘了 (live) (ID: 2124385868) - 标准、无损音质
[2026-04-11 12:18:18] 更新成功：Dizzy Dizzo (蔡诗芸) - 雨过后的风景 (ID: 215382) - 标准、无损音质
[2026-04-11 12:18:18] 更新完成：成功更新 2 首歌曲
[2026-04-11 12:33:12] 开始更新音乐URL...
[2026-04-11 12:33:12] 备份创建成功：backups/music_data_2026-04-11_12-33-12.json
[2026-04-11 12:33:15] 更新成功：汪苏泷 - 如果爱忘了 (live) (ID: 2124385868) - 标准、无损音质
[2026-04-11 12:33:17] 更新成功：Dizzy Dizzo (蔡诗芸) - 雨过后的风景 (ID: 215382) - 标准、无损音质
[2026-04-11 12:33:18] 更新完成：成功更新 2 首歌曲
[2026-04-11 12:48:12] 开始更新音乐URL...
[2026-04-11 12:48:12] 备份创建成功：backups/music_data_2026-04-11_12-48-12.json
[2026-04-11 12:48:15] 更新成功：汪苏泷 - 如果爱忘了 (live) (ID: 2124385868) - 标准、无损音质
[2026-04-11 12:48:17] 更新成功：Dizzy Dizzo (蔡诗芸) - 雨过后的风景 (ID: 215382) - 标准、无损音质
[2026-04-11 12:48:17] 更新完成：成功更新 2 首歌曲
[2026-04-11 13:03:12] 开始更新音乐URL...
[2026-04-11 13:03:12] 备份创建成功：backups/music_data_2026-04-11_13-03-12.json
[2026-04-11 13:03:15] 更新成功：汪苏泷 - 如果爱忘了 (live) (ID: 2124385868) - 标准、无损音质
[2026-04-11 13:03:18] 更新成功：Dizzy Dizzo (蔡诗芸) - 雨过后的风景 (ID: 215382) - 标准、无损音质
[2026-04-11 13:03:18] 更新完成：成功更新 2 首歌曲
[2026-04-11 13:18:12] 开始更新音乐URL...
[2026-04-11 13:18:12] 备份创建成功：backups/music_data_2026-04-11_13-18-12.json
[2026-04-11 13:18:14] 更新成功：汪苏泷 - 如果爱忘了 (live) (ID: 2124385868) - 标准、无损音质
[2026-04-11 13:18:17] 更新成功：Dizzy Dizzo (蔡诗芸) - 雨过后的风景 (ID: 215382) - 标准、无损音质
[2026-04-11 13:18:17] 更新完成：成功更新 2 首歌曲
[2026-04-11 13:33:12] 开始更新音乐URL...
[2026-04-11 13:33:12] 备份创建成功：backups/music_data_2026-04-11_13-33-12.json
[2026-04-11 13:33:15] 更新成功：汪苏泷 - 如果爱忘了 (live) (ID: 2124385868) - 标准、无损音质
[2026-04-11 13:33:17] 更新成功：Dizzy Dizzo (蔡诗芸) - 雨过后的风景 (ID: 215382) - 标准、无损音质
[2026-04-11 13:33:18] 更新完成：成功更新 2 首歌曲
[2026-04-11 13:48:12] 开始更新音乐URL...
[2026-04-11 13:48:12] 备份创建成功：backups/music_data_2026-04-11_13-48-12.json
[2026-04-11 13:48:14] 更新成功：汪苏泷 - 如果爱忘了 (live) (ID: 2124385868) - 标准、无损音质
[2026-04-11 13:48:17] 更新成功：Dizzy Dizzo (蔡诗芸) - 雨过后的风景 (ID: 215382) - 标准、无损音质
[2026-04-11 13:48:17] 更新完成：成功更新 2 首歌曲
[2026-04-11 14:03:12] 开始更新音乐URL...
[2026-04-11 14:03:12] 备份创建成功：backups/music_data_2026-04-11_14-03-12.json
[2026-04-11 14:03:14] 更新成功：汪苏泷 - 如果爱忘了 (live) (ID: 2124385868) - 标准、无损音质
[2026-04-11 14:03:17] 更新成功：Dizzy Dizzo (蔡诗芸) - 雨过后的风景 (ID: 215382) - 标准、无损音质
[2026-04-11 14:03:18] 更新完成：成功更新 2 首歌曲
[2026-04-11 14:18:12] 开始更新音乐URL...
[2026-04-11 14:18:12] 备份创建成功：backups/music_data_2026-04-11_14-18-12.json
[2026-04-11 14:18:14] 更新成功：汪苏泷 - 如果爱忘了 (live) (ID: 2124385868) - 标准、无损音质
[2026-04-11 14:18:17] 更新成功：Dizzy Dizzo (蔡诗芸) - 雨过后的风景 (ID: 215382) - 标准、无损音质
[2026-04-11 14:18:17] 更新完成：成功更新 2 首歌曲
[2026-04-11 14:33:12] 开始更新音乐URL...
[2026-04-11 14:33:12] 备份创建成功：backups/music_data_2026-04-11_14-33-12.json
[2026-04-11 14:33:15] 更新成功：汪苏泷 - 如果爱忘了 (live) (ID: 2124385868) - 标准、无损音质
[2026-04-11 14:33:17] 更新成功：Dizzy Dizzo (蔡诗芸) - 雨过后的风景 (ID: 215382) - 标准、无损音质
[2026-04-11 14:33:18] 更新完成：成功更新 2 首歌曲
[2026-04-11 14:48:12] 开始更新音乐URL...
[2026-04-11 14:48:12] 备份创建成功：backups/music_data_2026-04-11_14-48-12.json
[2026-04-11 14:48:14] 更新成功：汪苏泷 - 如果爱忘了 (live) (ID: 2124385868) - 标准、无损音质
[2026-04-11 14:48:16] 更新成功：Dizzy Dizzo (蔡诗芸) - 雨过后的风景 (ID: 215382) - 标准、无损音质
[2026-04-11 14:48:17] 更新完成：成功更新 2 首歌曲
[2026-04-11 15:03:12] 开始更新音乐URL...
[2026-04-11 15:03:12] 备份创建成功：backups/music_data_2026-04-11_15-03-12.json
[2026-04-11 15:03:17] 更新成功：汪苏泷 - 如果爱忘了 (live) (ID: 2124385868) - 标准、无损音质
[2026-04-11 15:03:20] 更新成功：Dizzy Dizzo (蔡诗芸) - 雨过后的风景 (ID: 215382) - 标准、无损音质
[2026-04-11 15:03:20] 更新完成：成功更新 2 首歌曲
[2026-04-11 15:18:12] 开始更新音乐URL...
[2026-04-11 15:18:12] 备份创建成功：backups/music_data_2026-04-11_15-18-12.json
[2026-04-11 15:18:14] 更新成功：汪苏泷 - 如果爱忘了 (live) (ID: 2124385868) - 标准、无损音质
[2026-04-11 15:18:17] 更新成功：Dizzy Dizzo (蔡诗芸) - 雨过后的风景 (ID: 215382) - 标准、无损音质
[2026-04-11 15:18:17] 更新完成：成功更新 2 首歌曲
[2026-04-11 15:33:12] 开始更新音乐URL...
[2026-04-11 15:33:12] 备份创建成功：backups/music_data_2026-04-11_15-33-12.json
[2026-04-11 15:33:14] 更新成功：汪苏泷 - 如果爱忘了 (live) (ID: 2124385868) - 标准、无损音质
[2026-04-11 15:33:16] 更新成功：Dizzy Dizzo (蔡诗芸) - 雨过后的风景 (ID: 215382) - 标准、无损音质
[2026-04-11 15:33:17] 更新完成：成功更新 2 首歌曲
[2026-04-11 15:48:12] 开始更新音乐URL...
[2026-04-11 15:48:12] 备份创建成功：backups/music_data_2026-04-11_15-48-12.json
[2026-04-11 15:48:14] 更新成功：汪苏泷 - 如果爱忘了 (live) (ID: 2124385868) - 标准、无损音质
[2026-04-11 15:48:17] 更新成功：Dizzy Dizzo (蔡诗芸) - 雨过后的风景 (ID: 215382) - 标准、无损音质
[2026-04-11 15:48:17] 更新完成：成功更新 2 首歌曲
[2026-04-11 16:03:12] 开始更新音乐URL...
[2026-04-11 16:03:12] 备份创建成功：backups/music_data_2026-04-11_16-03-12.json
[2026-04-11 16:03:15] 更新成功：汪苏泷 - 如果爱忘了 (live) (ID: 2124385868) - 标准、无损音质
[2026-04-11 16:03:17] 更新成功：Dizzy Dizzo (蔡诗芸) - 雨过后的风景 (ID: 215382) - 标准、无损音质
[2026-04-11 16:03:17] 更新完成：成功更新 2 首歌曲
[2026-04-11 16:18:12] 开始更新音乐URL...
[2026-04-11 16:18:12] 备份创建成功：backups/music_data_2026-04-11_16-18-12.json
[2026-04-11 16:18:15] 更新成功：汪苏泷 - 如果爱忘了 (live) (ID: 2124385868) - 标准、无损音质
[2026-04-11 16:18:17] 更新成功：Dizzy Dizzo (蔡诗芸) - 雨过后的风景 (ID: 215382) - 标准、无损音质
[2026-04-11 16:18:18] 更新完成：成功更新 2 首歌曲
[2026-04-11 16:33:12] 开始更新音乐URL...
[2026-04-11 16:33:12] 备份创建成功：backups/music_data_2026-04-11_16-33-12.json
[2026-04-11 16:33:14] 更新成功：汪苏泷 - 如果爱忘了 (live) (ID: 2124385868) - 标准、无损音质
[2026-04-11 16:33:17] 更新成功：Dizzy Dizzo (蔡诗芸) - 雨过后的风景 (ID: 215382) - 标准、无损音质
[2026-04-11 16:33:17] 更新完成：成功更新 2 首歌曲
[2026-04-11 16:48:12] 开始更新音乐URL...
[2026-04-11 16:48:12] 备份创建成功：backups/music_data_2026-04-11_16-48-12.json
[2026-04-11 16:48:15] 更新成功：汪苏泷 - 如果爱忘了 (live) (ID: 2124385868) - 标准、无损音质
[2026-04-11 16:48:17] 更新成功：Dizzy Dizzo (蔡诗芸) - 雨过后的风景 (ID: 215382) - 标准、无损音质
[2026-04-11 16:48:18] 更新完成：成功更新 2 首歌曲
[2026-04-11 17:03:12] 开始更新音乐URL...
[2026-04-11 17:03:12] 备份创建成功：backups/music_data_2026-04-11_17-03-12.json
[2026-04-11 17:03:14] 更新成功：汪苏泷 - 如果爱忘了 (live) (ID: 2124385868) - 标准、无损音质
[2026-04-11 17:03:17] 更新成功：Dizzy Dizzo (蔡诗芸) - 雨过后的风景 (ID: 215382) - 标准、无损音质
[2026-04-11 17:03:17] 更新完成：成功更新 2 首歌曲
[2026-04-11 17:18:12] 开始更新音乐URL...
[2026-04-11 17:18:12] 备份创建成功：backups/music_data_2026-04-11_17-18-12.json
[2026-04-11 17:18:15] 更新成功：汪苏泷 - 如果爱忘了 (live) (ID: 2124385868) - 标准、无损音质
[2026-04-11 17:18:18] 更新成功：Dizzy Dizzo (蔡诗芸) - 雨过后的风景 (ID: 215382) - 标准、无损音质
[2026-04-11 17:18:18] 更新完成：成功更新 2 首歌曲
[2026-04-11 17:33:12] 开始更新音乐URL...
[2026-04-11 17:33:12] 备份创建成功：backups/music_data_2026-04-11_17-33-12.json
[2026-04-11 17:33:15] 更新成功：汪苏泷 - 如果爱忘了 (live) (ID: 2124385868) - 标准、无损音质
[2026-04-11 17:33:17] 更新成功：Dizzy Dizzo (蔡诗芸) - 雨过后的风景 (ID: 215382) - 标准、无损音质
[2026-04-11 17:33:18] 更新完成：成功更新 2 首歌曲
[2026-04-11 17:48:12] 开始更新音乐URL...
[2026-04-11 17:48:12] 备份创建成功：backups/music_data_2026-04-11_17-48-12.json
[2026-04-11 17:48:15] 更新成功：汪苏泷 - 如果爱忘了 (live) (ID: 2124385868) - 标准、无损音质
[2026-04-11 17:48:17] 更新成功：Dizzy Dizzo (蔡诗芸) - 雨过后的风景 (ID: 215382) - 标准、无损音质
[2026-04-11 17:48:18] 更新完成：成功更新 2 首歌曲
[2026-04-11 18:03:12] 开始更新音乐URL...
[2026-04-11 18:03:12] 备份创建成功：backups/music_data_2026-04-11_18-03-12.json
[2026-04-11 18:03:15] 更新成功：汪苏泷 - 如果爱忘了 (live) (ID: 2124385868) - 标准、无损音质
[2026-04-11 18:03:18] 更新成功：Dizzy Dizzo (蔡诗芸) - 雨过后的风景 (ID: 215382) - 标准、无损音质
[2026-04-11 18:03:18] 更新完成：成功更新 2 首歌曲
[2026-04-11 18:18:12] 开始更新音乐URL...
[2026-04-11 18:18:12] 备份创建成功：backups/music_data_2026-04-11_18-18-12.json
[2026-04-11 18:18:14] 更新成功：汪苏泷 - 如果爱忘了 (live) (ID: 2124385868) - 标准、无损音质
[2026-04-11 18:18:17] 更新成功：Dizzy Dizzo (蔡诗芸) - 雨过后的风景 (ID: 215382) - 标准、无损音质
[2026-04-11 18:18:17] 更新完成：成功更新 2 首歌曲
[2026-04-11 18:33:12] 开始更新音乐URL...
[2026-04-11 18:33:12] 备份创建成功：backups/music_data_2026-04-11_18-33-12.json
[2026-04-11 18:33:15] 更新成功：汪苏泷 - 如果爱忘了 (live) (ID: 2124385868) - 标准、无损音质
[2026-04-11 18:33:17] 更新成功：Dizzy Dizzo (蔡诗芸) - 雨过后的风景 (ID: 215382) - 标准、无损音质
[2026-04-11 18:33:18] 更新完成：成功更新 2 首歌曲
[2026-04-11 18:48:13] 开始更新音乐URL...
[2026-04-11 18:48:13] 备份创建成功：backups/music_data_2026-04-11_18-48-13.json
[2026-04-11 18:48:16] 更新成功：汪苏泷 - 如果爱忘了 (live) (ID: 2124385868) - 标准、无损音质
[2026-04-11 18:48:19] 更新成功：Dizzy Dizzo (蔡诗芸) - 雨过后的风景 (ID: 215382) - 标准、无损音质
[2026-04-11 18:48:19] 更新完成：成功更新 2 首歌曲
[2026-04-11 19:03:12] 开始更新音乐URL...
[2026-04-11 19:03:12] 备份创建成功：backups/music_data_2026-04-11_19-03-12.json
[2026-04-11 19:03:23] 更新成功：汪苏泷 - 如果爱忘了 (live) (ID: 2124385868) - 标准、无损音质
[2026-04-11 19:03:25] 更新成功：Dizzy Dizzo (蔡诗芸) - 雨过后的风景 (ID: 215382) - 标准、无损音质
[2026-04-11 19:03:26] 更新完成：成功更新 2 首歌曲
[2026-04-11 19:18:12] 开始更新音乐URL...
[2026-04-11 19:18:12] 备份创建成功：backups/music_data_2026-04-11_19-18-12.json
[2026-04-11 19:18:15] 更新成功：汪苏泷 - 如果爱忘了 (live) (ID: 2124385868) - 标准、无损音质
[2026-04-11 19:18:18] 更新成功：Dizzy Dizzo (蔡诗芸) - 雨过后的风景 (ID: 215382) - 标准、无损音质
[2026-04-11 19:18:19] 更新完成：成功更新 2 首歌曲
[2026-04-11 19:33:12] 开始更新音乐URL...
[2026-04-11 19:33:12] 备份创建成功：backups/music_data_2026-04-11_19-33-12.json
[2026-04-11 19:33:18] 更新成功：汪苏泷 - 如果爱忘了 (live) (ID: 2124385868) - 标准、无损音质
[2026-04-11 19:33:21] 更新成功：Dizzy Dizzo (蔡诗芸) - 雨过后的风景 (ID: 215382) - 标准、无损音质
[2026-04-11 19:33:21] 更新完成：成功更新 2 首歌曲
[2026-04-11 19:48:12] 开始更新音乐URL...
[2026-04-11 19:48:12] 备份创建成功：backups/music_data_2026-04-11_19-48-12.json
[2026-04-11 19:48:18] 更新成功：汪苏泷 - 如果爱忘了 (live) (ID: 2124385868) - 标准、无损音质
[2026-04-11 19:48:20] 更新成功：Dizzy Dizzo (蔡诗芸) - 雨过后的风景 (ID: 215382) - 标准、无损音质
[2026-04-11 19:48:21] 更新完成：成功更新 2 首歌曲
[2026-04-11 20:03:12] 开始更新音乐URL...
[2026-04-11 20:03:12] 备份创建成功：backups/music_data_2026-04-11_20-03-12.json
[2026-04-11 20:03:16] 更新成功：汪苏泷 - 如果爱忘了 (live) (ID: 2124385868) - 标准、无损音质
[2026-04-11 20:03:19] 更新成功：Dizzy Dizzo (蔡诗芸) - 雨过后的风景 (ID: 215382) - 标准、无损音质
[2026-04-11 20:03:19] 更新完成：成功更新 2 首歌曲
[2026-04-11 20:18:12] 开始更新音乐URL...
[2026-04-11 20:18:12] 备份创建成功：backups/music_data_2026-04-11_20-18-12.json
[2026-04-11 20:18:15] 更新成功：汪苏泷 - 如果爱忘了 (live) (ID: 2124385868) - 标准、无损音质
[2026-04-11 20:18:17] 更新成功：Dizzy Dizzo (蔡诗芸) - 雨过后的风景 (ID: 215382) - 标准、无损音质
[2026-04-11 20:18:18] 更新完成：成功更新 2 首歌曲
[2026-04-11 20:33:12] 开始更新音乐URL...
[2026-04-11 20:33:12] 备份创建成功：backups/music_data_2026-04-11_20-33-12.json
[2026-04-11 20:33:15] 更新成功：汪苏泷 - 如果爱忘了 (live) (ID: 2124385868) - 标准、无损音质
[2026-04-11 20:33:17] 更新成功：Dizzy Dizzo (蔡诗芸) - 雨过后的风景 (ID: 215382) - 标准、无损音质
[2026-04-11 20:33:17] 更新完成：成功更新 2 首歌曲
[2026-04-11 20:48:12] 开始更新音乐URL...
[2026-04-11 20:48:12] 备份创建成功：backups/music_data_2026-04-11_20-48-12.json
[2026-04-11 20:48:15] 更新成功：汪苏泷 - 如果爱忘了 (live) (ID: 2124385868) - 标准、无损音质
[2026-04-11 20:48:18] 更新成功：Dizzy Dizzo (蔡诗芸) - 雨过后的风景 (ID: 215382) - 标准、无损音质
[2026-04-11 20:48:18] 更新完成：成功更新 2 首歌曲
[2026-04-11 21:03:12] 开始更新音乐URL...
[2026-04-11 21:03:12] 备份创建成功：backups/music_data_2026-04-11_21-03-12.json
[2026-04-11 21:03:16] 更新成功：汪苏泷 - 如果爱忘了 (live) (ID: 2124385868) - 标准、无损音质
[2026-04-11 21:03:19] 更新成功：Dizzy Dizzo (蔡诗芸) - 雨过后的风景 (ID: 215382) - 标准、无损音质
[2026-04-11 21:03:19] 更新完成：成功更新 2 首歌曲
[2026-04-11 21:18:12] 开始更新音乐URL...
[2026-04-11 21:18:12] 备份创建成功：backups/music_data_2026-04-11_21-18-12.json
[2026-04-11 21:18:14] 更新成功：汪苏泷 - 如果爱忘了 (live) (ID: 2124385868) - 标准、无损音质
[2026-04-11 21:18:17] 更新成功：Dizzy Dizzo (蔡诗芸) - 雨过后的风景 (ID: 215382) - 标准、无损音质
[2026-04-11 21:18:17] 更新完成：成功更新 2 首歌曲
[2026-04-11 21:33:12] 开始更新音乐URL...
[2026-04-11 21:33:12] 备份创建成功：backups/music_data_2026-04-11_21-33-12.json
[2026-04-11 21:33:16] 更新成功：汪苏泷 - 如果爱忘了 (live) (ID: 2124385868) - 标准、无损音质
[2026-04-11 21:33:18] 更新成功：Dizzy Dizzo (蔡诗芸) - 雨过后的风景 (ID: 215382) - 标准、无损音质
[2026-04-11 21:33:19] 更新完成：成功更新 2 首歌曲
[2026-04-11 21:48:12] 开始更新音乐URL...
[2026-04-11 21:48:12] 备份创建成功：backups/music_data_2026-04-11_21-48-12.json
[2026-04-11 21:48:14] 更新成功：汪苏泷 - 如果爱忘了 (live) (ID: 2124385868) - 标准、无损音质
[2026-04-11 21:48:17] 更新成功：Dizzy Dizzo (蔡诗芸) - 雨过后的风景 (ID: 215382) - 标准、无损音质
[2026-04-11 21:48:17] 更新完成：成功更新 2 首歌曲
[2026-04-11 22:03:12] 开始更新音乐URL...
[2026-04-11 22:03:12] 备份创建成功：backups/music_data_2026-04-11_22-03-12.json
[2026-04-11 22:03:16] 更新成功：汪苏泷 - 如果爱忘了 (live) (ID: 2124385868) - 标准、无损音质
[2026-04-11 22:03:18] 更新成功：Dizzy Dizzo (蔡诗芸) - 雨过后的风景 (ID: 215382) - 标准、无损音质
[2026-04-11 22:03:19] 更新完成：成功更新 2 首歌曲
[2026-04-11 22:18:12] 开始更新音乐URL...
[2026-04-11 22:18:12] 备份创建成功：backups/music_data_2026-04-11_22-18-12.json
[2026-04-11 22:18:15] 更新成功：汪苏泷 - 如果爱忘了 (live) (ID: 2124385868) - 标准、无损音质
[2026-04-11 22:18:17] 更新成功：Dizzy Dizzo (蔡诗芸) - 雨过后的风景 (ID: 215382) - 标准、无损音质
[2026-04-11 22:18:18] 更新完成：成功更新 2 首歌曲
[2026-04-11 22:33:12] 开始更新音乐URL...
[2026-04-11 22:33:12] 备份创建成功：backups/music_data_2026-04-11_22-33-12.json
[2026-04-11 22:33:14] 更新成功：汪苏泷 - 如果爱忘了 (live) (ID: 2124385868) - 标准、无损音质
[2026-04-11 22:33:17] 更新成功：Dizzy Dizzo (蔡诗芸) - 雨过后的风景 (ID: 215382) - 标准、无损音质
[2026-04-11 22:33:17] 更新完成：成功更新 2 首歌曲
[2026-04-11 22:48:12] 开始更新音乐URL...
[2026-04-11 22:48:12] 备份创建成功：backups/music_data_2026-04-11_22-48-12.json
[2026-04-11 22:48:15] 更新成功：汪苏泷 - 如果爱忘了 (live) (ID: 2124385868) - 标准、无损音质
[2026-04-11 22:48:17] 更新成功：Dizzy Dizzo (蔡诗芸) - 雨过后的风景 (ID: 215382) - 标准、无损音质
[2026-04-11 22:48:17] 更新完成：成功更新 2 首歌曲
[2026-04-11 23:03:13] 开始更新音乐URL...
[2026-04-11 23:03:13] 备份创建成功：backups/music_data_2026-04-11_23-03-13.json
[2026-04-11 23:03:15] 更新成功：汪苏泷 - 如果爱忘了 (live) (ID: 2124385868) - 标准、无损音质
[2026-04-11 23:03:18] 更新成功：Dizzy Dizzo (蔡诗芸) - 雨过后的风景 (ID: 215382) - 标准、无损音质
[2026-04-11 23:03:18] 更新完成：成功更新 2 首歌曲
[2026-04-11 23:18:12] 开始更新音乐URL...
[2026-04-11 23:18:12] 备份创建成功：backups/music_data_2026-04-11_23-18-12.json
[2026-04-11 23:18:20] 更新成功：汪苏泷 - 如果爱忘了 (live) (ID: 2124385868) - 无损音质
[2026-04-11 23:18:22] 更新成功：Dizzy Dizzo (蔡诗芸) - 雨过后的风景 (ID: 215382) - 标准、无损音质
[2026-04-11 23:18:23] 更新完成：成功更新 2 首歌曲
[2026-04-11 23:33:12] 开始更新音乐URL...
[2026-04-11 23:33:12] 备份创建成功：backups/music_data_2026-04-11_23-33-12.json
[2026-04-11 23:33:14] 更新成功：汪苏泷 - 如果爱忘了 (live) (ID: 2124385868) - 标准、无损音质
[2026-04-11 23:33:17] 更新成功：Dizzy Dizzo (蔡诗芸) - 雨过后的风景 (ID: 215382) - 标准、无损音质
[2026-04-11 23:33:18] 更新完成：成功更新 2 首歌曲
[2026-04-11 23:48:12] 开始更新音乐URL...
[2026-04-11 23:48:12] 备份创建成功：backups/music_data_2026-04-11_23-48-12.json
[2026-04-11 23:48:17] 更新成功：汪苏泷 - 如果爱忘了 (live) (ID: 2124385868) - 标准、无损音质
[2026-04-11 23:48:22] 更新成功：Dizzy Dizzo (蔡诗芸) - 雨过后的风景 (ID: 215382) - 标准、无损音质
[2026-04-11 23:48:22] 更新完成：成功更新 2 首歌曲
[2026-04-12 00:03:12] 开始更新音乐URL...
[2026-04-12 00:03:12] 备份创建成功：backups/music_data_2026-04-12_00-03-12.json
[2026-04-12 00:03:14] 更新成功：汪苏泷 - 如果爱忘了 (live) (ID: 2124385868) - 标准、无损音质
[2026-04-12 00:03:16] 更新成功：Dizzy Dizzo (蔡诗芸) - 雨过后的风景 (ID: 215382) - 标准、无损音质
[2026-04-12 00:03:17] 更新完成：成功更新 2 首歌曲
[2026-04-12 00:18:12] 开始更新音乐URL...
[2026-04-12 00:18:12] 备份创建成功：backups/music_data_2026-04-12_00-18-12.json
[2026-04-12 00:18:14] 更新成功：汪苏泷 - 如果爱忘了 (live) (ID: 2124385868) - 标准、无损音质
[2026-04-12 00:18:17] 更新成功：Dizzy Dizzo (蔡诗芸) - 雨过后的风景 (ID: 215382) - 标准、无损音质
[2026-04-12 00:18:18] 更新完成：成功更新 2 首歌曲
[2026-04-12 00:33:12] 开始更新音乐URL...
[2026-04-12 00:33:12] 备份创建成功：backups/music_data_2026-04-12_00-33-12.json
[2026-04-12 00:33:14] 更新成功：汪苏泷 - 如果爱忘了 (live) (ID: 2124385868) - 标准、无损音质
[2026-04-12 00:33:17] 更新成功：Dizzy Dizzo (蔡诗芸) - 雨过后的风景 (ID: 215382) - 标准、无损音质
[2026-04-12 00:33:18] 更新完成：成功更新 2 首歌曲
[2026-04-12 00:48:12] 开始更新音乐URL...
[2026-04-12 00:48:12] 备份创建成功：backups/music_data_2026-04-12_00-48-12.json
[2026-04-12 00:48:14] 更新成功：汪苏泷 - 如果爱忘了 (live) (ID: 2124385868) - 标准、无损音质
[2026-04-12 00:48:17] 更新成功：Dizzy Dizzo (蔡诗芸) - 雨过后的风景 (ID: 215382) - 标准、无损音质
[2026-04-12 00:48:17] 更新完成：成功更新 2 首歌曲
[2026-04-12 01:03:12] 开始更新音乐URL...
[2026-04-12 01:03:12] 备份创建成功：backups/music_data_2026-04-12_01-03-12.json
[2026-04-12 01:03:14] 更新成功：汪苏泷 - 如果爱忘了 (live) (ID: 2124385868) - 标准、无损音质
[2026-04-12 01:03:17] 更新成功：Dizzy Dizzo (蔡诗芸) - 雨过后的风景 (ID: 215382) - 标准、无损音质
[2026-04-12 01:03:18] 更新完成：成功更新 2 首歌曲
[2026-04-12 01:18:12] 开始更新音乐URL...
[2026-04-12 01:18:12] 备份创建成功：backups/music_data_2026-04-12_01-18-12.json
[2026-04-12 01:18:14] 更新成功：汪苏泷 - 如果爱忘了 (live) (ID: 2124385868) - 标准、无损音质
[2026-04-12 01:18:17] 更新成功：Dizzy Dizzo (蔡诗芸) - 雨过后的风景 (ID: 215382) - 标准、无损音质
[2026-04-12 01:18:17] 更新完成：成功更新 2 首歌曲
[2026-04-12 01:33:12] 开始更新音乐URL...
[2026-04-12 01:33:12] 备份创建成功：backups/music_data_2026-04-12_01-33-12.json
[2026-04-12 01:33:16] 更新成功：汪苏泷 - 如果爱忘了 (live) (ID: 2124385868) - 标准、无损音质
[2026-04-12 01:33:21] 更新成功：Dizzy Dizzo (蔡诗芸) - 雨过后的风景 (ID: 215382) - 标准、无损音质
[2026-04-12 01:33:22] 更新完成：成功更新 2 首歌曲
[2026-04-12 01:48:12] 开始更新音乐URL...
[2026-04-12 01:48:12] 备份创建成功：backups/music_data_2026-04-12_01-48-12.json
[2026-04-12 01:48:15] 更新成功：汪苏泷 - 如果爱忘了 (live) (ID: 2124385868) - 标准、无损音质
[2026-04-12 01:48:18] 更新成功：Dizzy Dizzo (蔡诗芸) - 雨过后的风景 (ID: 215382) - 标准、无损音质
[2026-04-12 01:48:18] 更新完成：成功更新 2 首歌曲
[2026-04-12 02:03:12] 开始更新音乐URL...
[2026-04-12 02:03:12] 备份创建成功：backups/music_data_2026-04-12_02-03-12.json
[2026-04-12 02:03:14] 更新成功：汪苏泷 - 如果爱忘了 (live) (ID: 2124385868) - 标准、无损音质
[2026-04-12 02:03:16] 更新成功：Dizzy Dizzo (蔡诗芸) - 雨过后的风景 (ID: 215382) - 标准、无损音质
[2026-04-12 02:03:16] 更新完成：成功更新 2 首歌曲
[2026-04-12 02:18:22] 开始更新音乐URL...
[2026-04-12 02:18:22] 备份创建成功：backups/music_data_2026-04-12_02-18-22.json
[2026-04-12 02:18:25] 更新成功：汪苏泷 - 如果爱忘了 (live) (ID: 2124385868) - 标准、无损音质
[2026-04-12 02:18:27] 更新成功：Dizzy Dizzo (蔡诗芸) - 雨过后的风景 (ID: 215382) - 标准、无损音质
[2026-04-12 02:18:27] 更新完成：成功更新 2 首歌曲
[2026-04-12 02:33:12] 开始更新音乐URL...
[2026-04-12 02:33:12] 备份创建成功：backups/music_data_2026-04-12_02-33-12.json
[2026-04-12 02:33:14] 更新成功：汪苏泷 - 如果爱忘了 (live) (ID: 2124385868) - 标准、无损音质
[2026-04-12 02:33:16] 更新成功：Dizzy Dizzo (蔡诗芸) - 雨过后的风景 (ID: 215382) - 标准、无损音质
[2026-04-12 02:33:17] 更新完成：成功更新 2 首歌曲
[2026-04-12 02:48:12] 开始更新音乐URL...
[2026-04-12 02:48:12] 备份创建成功：backups/music_data_2026-04-12_02-48-12.json
[2026-04-12 02:48:14] 更新成功：汪苏泷 - 如果爱忘了 (live) (ID: 2124385868) - 标准、无损音质
[2026-04-12 02:48:16] 更新成功：Dizzy Dizzo (蔡诗芸) - 雨过后的风景 (ID: 215382) - 标准、无损音质
[2026-04-12 02:48:17] 更新完成：成功更新 2 首歌曲
[2026-04-12 03:03:12] 开始更新音乐URL...
[2026-04-12 03:03:12] 备份创建成功：backups/music_data_2026-04-12_03-03-12.json
[2026-04-12 03:03:14] 更新成功：汪苏泷 - 如果爱忘了 (live) (ID: 2124385868) - 标准、无损音质
[2026-04-12 03:03:16] 更新成功：Dizzy Dizzo (蔡诗芸) - 雨过后的风景 (ID: 215382) - 标准、无损音质
[2026-04-12 03:03:17] 更新完成：成功更新 2 首歌曲
[2026-04-12 03:18:12] 开始更新音乐URL...
[2026-04-12 03:18:12] 备份创建成功：backups/music_data_2026-04-12_03-18-12.json
[2026-04-12 03:18:14] 更新成功：汪苏泷 - 如果爱忘了 (live) (ID: 2124385868) - 标准、无损音质
[2026-04-12 03:18:16] 更新成功：Dizzy Dizzo (蔡诗芸) - 雨过后的风景 (ID: 215382) - 标准、无损音质
[2026-04-12 03:18:17] 更新完成：成功更新 2 首歌曲
[2026-04-12 03:33:12] 开始更新音乐URL...
[2026-04-12 03:33:12] 备份创建成功：backups/music_data_2026-04-12_03-33-12.json
[2026-04-12 03:33:14] 更新成功：汪苏泷 - 如果爱忘了 (live) (ID: 2124385868) - 标准、无损音质
[2026-04-12 03:33:16] 更新成功：Dizzy Dizzo (蔡诗芸) - 雨过后的风景 (ID: 215382) - 标准、无损音质
[2026-04-12 03:33:17] 更新完成：成功更新 2 首歌曲
[2026-04-12 03:48:12] 开始更新音乐URL...
[2026-04-12 03:48:12] 备份创建成功：backups/music_data_2026-04-12_03-48-12.json
[2026-04-12 03:48:14] 更新成功：汪苏泷 - 如果爱忘了 (live) (ID: 2124385868) - 标准、无损音质
[2026-04-12 03:48:16] 更新成功：Dizzy Dizzo (蔡诗芸) - 雨过后的风景 (ID: 215382) - 标准、无损音质
[2026-04-12 03:48:17] 更新完成：成功更新 2 首歌曲
[2026-04-12 04:03:12] 开始更新音乐URL...
[2026-04-12 04:03:12] 备份创建成功：backups/music_data_2026-04-12_04-03-12.json
[2026-04-12 04:03:14] 更新成功：汪苏泷 - 如果爱忘了 (live) (ID: 2124385868) - 标准、无损音质
[2026-04-12 04:03:16] 更新成功：Dizzy Dizzo (蔡诗芸) - 雨过后的风景 (ID: 215382) - 标准、无损音质
[2026-04-12 04:03:17] 更新完成：成功更新 2 首歌曲
[2026-04-12 04:18:12] 开始更新音乐URL...
[2026-04-12 04:18:12] 备份创建成功：backups/music_data_2026-04-12_04-18-12.json
[2026-04-12 04:18:14] 更新成功：汪苏泷 - 如果爱忘了 (live) (ID: 2124385868) - 标准、无损音质
[2026-04-12 04:18:16] 更新成功：Dizzy Dizzo (蔡诗芸) - 雨过后的风景 (ID: 215382) - 标准、无损音质
[2026-04-12 04:18:17] 更新完成：成功更新 2 首歌曲
[2026-04-12 04:33:12] 开始更新音乐URL...
[2026-04-12 04:33:12] 备份创建成功：backups/music_data_2026-04-12_04-33-12.json
[2026-04-12 04:33:14] 更新成功：汪苏泷 - 如果爱忘了 (live) (ID: 2124385868) - 标准、无损音质
[2026-04-12 04:33:17] 更新成功：Dizzy Dizzo (蔡诗芸) - 雨过后的风景 (ID: 215382) - 标准、无损音质
[2026-04-12 04:33:17] 更新完成：成功更新 2 首歌曲
[2026-04-12 04:48:12] 开始更新音乐URL...
[2026-04-12 04:48:12] 备份创建成功：backups/music_data_2026-04-12_04-48-12.json
[2026-04-12 04:48:14] 更新成功：汪苏泷 - 如果爱忘了 (live) (ID: 2124385868) - 标准、无损音质
[2026-04-12 04:48:16] 更新成功：Dizzy Dizzo (蔡诗芸) - 雨过后的风景 (ID: 215382) - 标准、无损音质
[2026-04-12 04:48:17] 更新完成：成功更新 2 首歌曲
[2026-04-12 05:03:12] 开始更新音乐URL...
[2026-04-12 05:03:12] 备份创建成功：backups/music_data_2026-04-12_05-03-12.json
[2026-04-12 05:03:14] 更新成功：汪苏泷 - 如果爱忘了 (live) (ID: 2124385868) - 标准、无损音质
[2026-04-12 05:03:17] 更新成功：Dizzy Dizzo (蔡诗芸) - 雨过后的风景 (ID: 215382) - 标准、无损音质
[2026-04-12 05:03:17] 更新完成：成功更新 2 首歌曲
[2026-04-12 05:18:12] 开始更新音乐URL...
[2026-04-12 05:18:12] 备份创建成功：backups/music_data_2026-04-12_05-18-12.json
[2026-04-12 05:18:14] 更新成功：汪苏泷 - 如果爱忘了 (live) (ID: 2124385868) - 标准、无损音质
[2026-04-12 05:18:17] 更新成功：Dizzy Dizzo (蔡诗芸) - 雨过后的风景 (ID: 215382) - 标准、无损音质
[2026-04-12 05:18:17] 更新完成：成功更新 2 首歌曲
[2026-04-12 05:33:12] 开始更新音乐URL...
[2026-04-12 05:33:12] 备份创建成功：backups/music_data_2026-04-12_05-33-12.json
[2026-04-12 05:33:14] 更新成功：汪苏泷 - 如果爱忘了 (live) (ID: 2124385868) - 标准、无损音质
[2026-04-12 05:33:16] 更新成功：Dizzy Dizzo (蔡诗芸) - 雨过后的风景 (ID: 215382) - 标准、无损音质
[2026-04-12 05:33:16] 更新完成：成功更新 2 首歌曲
[2026-04-12 05:48:12] 开始更新音乐URL...
[2026-04-12 05:48:12] 备份创建成功：backups/music_data_2026-04-12_05-48-12.json
[2026-04-12 05:48:14] 更新成功：汪苏泷 - 如果爱忘了 (live) (ID: 2124385868) - 标准、无损音质
[2026-04-12 05:48:17] 更新成功：Dizzy Dizzo (蔡诗芸) - 雨过后的风景 (ID: 215382) - 标准、无损音质
[2026-04-12 05:48:17] 更新完成：成功更新 2 首歌曲
[2026-04-12 06:03:12] 开始更新音乐URL...
[2026-04-12 06:03:12] 备份创建成功：backups/music_data_2026-04-12_06-03-12.json
[2026-04-12 06:03:15] 更新成功：汪苏泷 - 如果爱忘了 (live) (ID: 2124385868) - 标准、无损音质
[2026-04-12 06:03:18] 更新成功：Dizzy Dizzo (蔡诗芸) - 雨过后的风景 (ID: 215382) - 标准、无损音质
[2026-04-12 06:03:19] 更新完成：成功更新 2 首歌曲
[2026-04-12 06:18:12] 开始更新音乐URL...
[2026-04-12 06:18:12] 备份创建成功：backups/music_data_2026-04-12_06-18-12.json
[2026-04-12 06:18:14] 更新成功：汪苏泷 - 如果爱忘了 (live) (ID: 2124385868) - 标准、无损音质
[2026-04-12 06:18:18] 更新成功：Dizzy Dizzo (蔡诗芸) - 雨过后的风景 (ID: 215382) - 标准、无损音质
[2026-04-12 06:18:18] 更新完成：成功更新 2 首歌曲
[2026-04-12 06:33:12] 开始更新音乐URL...
[2026-04-12 06:33:12] 备份创建成功：backups/music_data_2026-04-12_06-33-12.json
[2026-04-12 06:33:14] 更新成功：汪苏泷 - 如果爱忘了 (live) (ID: 2124385868) - 标准、无损音质
[2026-04-12 06:33:17] 更新成功：Dizzy Dizzo (蔡诗芸) - 雨过后的风景 (ID: 215382) - 标准、无损音质
[2026-04-12 06:33:17] 更新完成：成功更新 2 首歌曲
[2026-04-12 06:48:12] 开始更新音乐URL...
[2026-04-12 06:48:12] 备份创建成功：backups/music_data_2026-04-12_06-48-12.json
[2026-04-12 06:48:15] 更新成功：汪苏泷 - 如果爱忘了 (live) (ID: 2124385868) - 标准、无损音质
[2026-04-12 06:48:18] 更新成功：Dizzy Dizzo (蔡诗芸) - 雨过后的风景 (ID: 215382) - 标准、无损音质
[2026-04-12 06:48:18] 更新完成：成功更新 2 首歌曲
[2026-04-12 07:03:12] 开始更新音乐URL...
[2026-04-12 07:03:12] 备份创建成功：backups/music_data_2026-04-12_07-03-12.json
[2026-04-12 07:03:14] 更新成功：汪苏泷 - 如果爱忘了 (live) (ID: 2124385868) - 标准、无损音质
[2026-04-12 07:03:17] 更新成功：Dizzy Dizzo (蔡诗芸) - 雨过后的风景 (ID: 215382) - 标准、无损音质
[2026-04-12 07:03:17] 更新完成：成功更新 2 首歌曲
[2026-04-12 07:18:12] 开始更新音乐URL...
[2026-04-12 07:18:12] 备份创建成功：backups/music_data_2026-04-12_07-18-12.json
[2026-04-12 07:18:14] 更新成功：汪苏泷 - 如果爱忘了 (live) (ID: 2124385868) - 标准、无损音质
[2026-04-12 07:18:16] 更新成功：Dizzy Dizzo (蔡诗芸) - 雨过后的风景 (ID: 215382) - 标准、无损音质
[2026-04-12 07:18:17] 更新完成：成功更新 2 首歌曲
[2026-04-12 07:33:12] 开始更新音乐URL...
[2026-04-12 07:33:12] 备份创建成功：backups/music_data_2026-04-12_07-33-12.json
[2026-04-12 07:33:14] 更新成功：汪苏泷 - 如果爱忘了 (live) (ID: 2124385868) - 标准、无损音质
[2026-04-12 07:33:16] 更新成功：Dizzy Dizzo (蔡诗芸) - 雨过后的风景 (ID: 215382) - 标准、无损音质
[2026-04-12 07:33:17] 更新完成：成功更新 2 首歌曲
[2026-04-12 07:48:12] 开始更新音乐URL...
[2026-04-12 07:48:12] 备份创建成功：backups/music_data_2026-04-12_07-48-12.json
[2026-04-12 07:48:15] 更新成功：汪苏泷 - 如果爱忘了 (live) (ID: 2124385868) - 标准、无损音质
[2026-04-12 07:48:18] 更新成功：Dizzy Dizzo (蔡诗芸) - 雨过后的风景 (ID: 215382) - 标准、无损音质
[2026-04-12 07:48:19] 更新完成：成功更新 2 首歌曲
[2026-04-12 08:03:12] 开始更新音乐URL...
[2026-04-12 08:03:12] 备份创建成功：backups/music_data_2026-04-12_08-03-12.json
[2026-04-12 08:03:15] 更新成功：汪苏泷 - 如果爱忘了 (live) (ID: 2124385868) - 标准、无损音质
[2026-04-12 08:03:17] 更新成功：Dizzy Dizzo (蔡诗芸) - 雨过后的风景 (ID: 215382) - 标准、无损音质
[2026-04-12 08:03:18] 更新完成：成功更新 2 首歌曲
[2026-04-12 08:18:12] 开始更新音乐URL...
[2026-04-12 08:18:12] 备份创建成功：backups/music_data_2026-04-12_08-18-12.json
[2026-04-12 08:18:14] 更新成功：汪苏泷 - 如果爱忘了 (live) (ID: 2124385868) - 标准、无损音质
[2026-04-12 08:18:16] 更新成功：Dizzy Dizzo (蔡诗芸) - 雨过后的风景 (ID: 215382) - 标准、无损音质
[2026-04-12 08:18:17] 更新完成：成功更新 2 首歌曲
[2026-04-12 08:33:12] 开始更新音乐URL...
[2026-04-12 08:33:12] 备份创建成功：backups/music_data_2026-04-12_08-33-12.json
[2026-04-12 08:33:14] 更新成功：汪苏泷 - 如果爱忘了 (live) (ID: 2124385868) - 标准、无损音质
[2026-04-12 08:33:17] 更新成功：Dizzy Dizzo (蔡诗芸) - 雨过后的风景 (ID: 215382) - 标准、无损音质
[2026-04-12 08:33:17] 更新完成：成功更新 2 首歌曲
[2026-04-12 08:48:12] 开始更新音乐URL...
[2026-04-12 08:48:12] 备份创建成功：backups/music_data_2026-04-12_08-48-12.json
[2026-04-12 08:48:14] 更新成功：汪苏泷 - 如果爱忘了 (live) (ID: 2124385868) - 标准、无损音质
[2026-04-12 08:48:17] 更新成功：Dizzy Dizzo (蔡诗芸) - 雨过后的风景 (ID: 215382) - 标准、无损音质
[2026-04-12 08:48:18] 更新完成：成功更新 2 首歌曲
[2026-04-12 09:03:12] 开始更新音乐URL...
[2026-04-12 09:03:12] 备份创建成功：backups/music_data_2026-04-12_09-03-12.json
[2026-04-12 09:03:14] 更新成功：汪苏泷 - 如果爱忘了 (live) (ID: 2124385868) - 标准、无损音质
[2026-04-12 09:03:17] 更新成功：Dizzy Dizzo (蔡诗芸) - 雨过后的风景 (ID: 215382) - 标准、无损音质
[2026-04-12 09:03:17] 更新完成：成功更新 2 首歌曲
[2026-04-12 09:18:12] 开始更新音乐URL...
[2026-04-12 09:18:12] 备份创建成功：backups/music_data_2026-04-12_09-18-12.json
[2026-04-12 09:18:14] 更新成功：汪苏泷 - 如果爱忘了 (live) (ID: 2124385868) - 标准、无损音质
[2026-04-12 09:18:17] 更新成功：Dizzy Dizzo (蔡诗芸) - 雨过后的风景 (ID: 215382) - 标准、无损音质
[2026-04-12 09:18:17] 更新完成：成功更新 2 首歌曲
[2026-04-12 09:33:12] 开始更新音乐URL...
[2026-04-12 09:33:12] 备份创建成功：backups/music_data_2026-04-12_09-33-12.json
[2026-04-12 09:33:15] 更新成功：汪苏泷 - 如果爱忘了 (live) (ID: 2124385868) - 标准、无损音质
[2026-04-12 09:33:17] 更新成功：Dizzy Dizzo (蔡诗芸) - 雨过后的风景 (ID: 215382) - 标准、无损音质
[2026-04-12 09:33:18] 更新完成：成功更新 2 首歌曲
[2026-04-12 09:48:12] 开始更新音乐URL...
[2026-04-12 09:48:12] 备份创建成功：backups/music_data_2026-04-12_09-48-12.json
[2026-04-12 09:48:13] 更新成功：汪苏泷 - 如果爱忘了 (live) (ID: 2124385868) - 标准、无损音质
[2026-04-12 09:48:16] 更新成功：Dizzy Dizzo (蔡诗芸) - 雨过后的风景 (ID: 215382) - 标准、无损音质
[2026-04-12 09:48:16] 更新完成：成功更新 2 首歌曲
[2026-04-12 10:03:12] 开始更新音乐URL...
[2026-04-12 10:03:12] 备份创建成功：backups/music_data_2026-04-12_10-03-12.json
[2026-04-12 10:03:14] 更新成功：汪苏泷 - 如果爱忘了 (live) (ID: 2124385868) - 标准、无损音质
[2026-04-12 10:03:17] 更新成功：Dizzy Dizzo (蔡诗芸) - 雨过后的风景 (ID: 215382) - 标准、无损音质
[2026-04-12 10:03:17] 更新完成：成功更新 2 首歌曲
[2026-04-12 10:18:12] 开始更新音乐URL...
[2026-04-12 10:18:12] 备份创建成功：backups/music_data_2026-04-12_10-18-12.json
[2026-04-12 10:18:14] 更新成功：汪苏泷 - 如果爱忘了 (live) (ID: 2124385868) - 标准、无损音质
[2026-04-12 10:18:16] 更新成功：Dizzy Dizzo (蔡诗芸) - 雨过后的风景 (ID: 215382) - 标准、无损音质
[2026-04-12 10:18:17] 更新完成：成功更新 2 首歌曲
[2026-04-12 10:33:12] 开始更新音乐URL...
[2026-04-12 10:33:12] 备份创建成功：backups/music_data_2026-04-12_10-33-12.json
[2026-04-12 10:33:14] 更新成功：汪苏泷 - 如果爱忘了 (live) (ID: 2124385868) - 标准、无损音质
[2026-04-12 10:33:16] 更新成功：Dizzy Dizzo (蔡诗芸) - 雨过后的风景 (ID: 215382) - 标准、无损音质
[2026-04-12 10:33:16] 更新完成：成功更新 2 首歌曲
[2026-04-12 10:48:12] 开始更新音乐URL...
[2026-04-12 10:48:12] 备份创建成功：backups/music_data_2026-04-12_10-48-12.json
[2026-04-12 10:48:14] 更新成功：汪苏泷 - 如果爱忘了 (live) (ID: 2124385868) - 标准、无损音质
[2026-04-12 10:48:17] 更新成功：Dizzy Dizzo (蔡诗芸) - 雨过后的风景 (ID: 215382) - 标准、无损音质
[2026-04-12 10:48:17] 更新完成：成功更新 2 首歌曲
[2026-04-12 11:03:12] 开始更新音乐URL...
[2026-04-12 11:03:12] 备份创建成功：backups/music_data_2026-04-12_11-03-12.json
[2026-04-12 11:03:14] 更新成功：汪苏泷 - 如果爱忘了 (live) (ID: 2124385868) - 标准、无损音质
[2026-04-12 11:03:16] 更新成功：Dizzy Dizzo (蔡诗芸) - 雨过后的风景 (ID: 215382) - 标准、无损音质
[2026-04-12 11:03:17] 更新完成：成功更新 2 首歌曲
[2026-04-12 11:18:12] 开始更新音乐URL...
[2026-04-12 11:18:12] 备份创建成功：backups/music_data_2026-04-12_11-18-12.json
[2026-04-12 11:18:14] 更新成功：汪苏泷 - 如果爱忘了 (live) (ID: 2124385868) - 标准、无损音质
[2026-04-12 11:18:16] 更新成功：Dizzy Dizzo (蔡诗芸) - 雨过后的风景 (ID: 215382) - 标准、无损音质
[2026-04-12 11:18:17] 更新完成：成功更新 2 首歌曲
[2026-04-12 11:33:12] 开始更新音乐URL...
[2026-04-12 11:33:12] 备份创建成功：backups/music_data_2026-04-12_11-33-12.json
[2026-04-12 11:33:15] 更新成功：汪苏泷 - 如果爱忘了 (live) (ID: 2124385868) - 标准、无损音质
[2026-04-12 11:33:17] 更新成功：Dizzy Dizzo (蔡诗芸) - 雨过后的风景 (ID: 215382) - 标准、无损音质
[2026-04-12 11:33:17] 更新完成：成功更新 2 首歌曲
[2026-04-12 11:48:12] 开始更新音乐URL...
[2026-04-12 11:48:12] 备份创建成功：backups/music_data_2026-04-12_11-48-12.json
[2026-04-12 11:48:14] 更新成功：汪苏泷 - 如果爱忘了 (live) (ID: 2124385868) - 标准、无损音质
[2026-04-12 11:48:17] 更新成功：Dizzy Dizzo (蔡诗芸) - 雨过后的风景 (ID: 215382) - 标准、无损音质
[2026-04-12 11:48:17] 更新完成：成功更新 2 首歌曲
[2026-04-12 12:03:12] 开始更新音乐URL...
[2026-04-12 12:03:12] 备份创建成功：backups/music_data_2026-04-12_12-03-12.json
[2026-04-12 12:03:13] 更新成功：汪苏泷 - 如果爱忘了 (live) (ID: 2124385868) - 标准、无损音质
[2026-04-12 12:03:16] 更新成功：Dizzy Dizzo (蔡诗芸) - 雨过后的风景 (ID: 215382) - 标准、无损音质
[2026-04-12 12:03:17] 更新完成：成功更新 2 首歌曲
[2026-04-12 12:18:12] 开始更新音乐URL...
[2026-04-12 12:18:12] 备份创建成功：backups/music_data_2026-04-12_12-18-12.json
[2026-04-12 12:18:14] 更新成功：汪苏泷 - 如果爱忘了 (live) (ID: 2124385868) - 标准、无损音质
[2026-04-12 12:18:16] 更新成功：Dizzy Dizzo (蔡诗芸) - 雨过后的风景 (ID: 215382) - 标准、无损音质
[2026-04-12 12:18:16] 更新完成：成功更新 2 首歌曲
[2026-04-12 12:33:12] 开始更新音乐URL...
[2026-04-12 12:33:12] 备份创建成功：backups/music_data_2026-04-12_12-33-12.json
[2026-04-12 12:33:15] 更新成功：汪苏泷 - 如果爱忘了 (live) (ID: 2124385868) - 标准、无损音质
[2026-04-12 12:33:17] 更新成功：Dizzy Dizzo (蔡诗芸) - 雨过后的风景 (ID: 215382) - 标准、无损音质
[2026-04-12 12:33:18] 更新完成：成功更新 2 首歌曲
[2026-04-12 12:48:12] 开始更新音乐URL...
[2026-04-12 12:48:12] 备份创建成功：backups/music_data_2026-04-12_12-48-12.json
[2026-04-12 12:48:14] 更新成功：汪苏泷 - 如果爱忘了 (live) (ID: 2124385868) - 标准、无损音质
[2026-04-12 12:48:17] 更新成功：Dizzy Dizzo (蔡诗芸) - 雨过后的风景 (ID: 215382) - 标准、无损音质
[2026-04-12 12:48:17] 更新完成：成功更新 2 首歌曲
[2026-04-12 13:03:12] 开始更新音乐URL...
[2026-04-12 13:03:12] 备份创建成功：backups/music_data_2026-04-12_13-03-12.json
[2026-04-12 13:03:14] 更新成功：汪苏泷 - 如果爱忘了 (live) (ID: 2124385868) - 标准、无损音质
[2026-04-12 13:03:16] 更新成功：Dizzy Dizzo (蔡诗芸) - 雨过后的风景 (ID: 215382) - 标准、无损音质
[2026-04-12 13:03:16] 更新完成：成功更新 2 首歌曲
[2026-04-12 13:18:12] 开始更新音乐URL...
[2026-04-12 13:18:12] 备份创建成功：backups/music_data_2026-04-12_13-18-12.json
[2026-04-12 13:18:14] 更新成功：汪苏泷 - 如果爱忘了 (live) (ID: 2124385868) - 标准、无损音质
[2026-04-12 13:18:17] 更新成功：Dizzy Dizzo (蔡诗芸) - 雨过后的风景 (ID: 215382) - 标准、无损音质
[2026-04-12 13:18:18] 更新完成：成功更新 2 首歌曲
[2026-04-12 13:33:12] 开始更新音乐URL...
[2026-04-12 13:33:12] 备份创建成功：backups/music_data_2026-04-12_13-33-12.json
[2026-04-12 13:33:14] 更新成功：汪苏泷 - 如果爱忘了 (live) (ID: 2124385868) - 标准、无损音质
[2026-04-12 13:33:16] 更新成功：Dizzy Dizzo (蔡诗芸) - 雨过后的风景 (ID: 215382) - 标准、无损音质
[2026-04-12 13:33:17] 更新完成：成功更新 2 首歌曲
[2026-04-12 13:48:12] 开始更新音乐URL...
[2026-04-12 13:48:12] 备份创建成功：backups/music_data_2026-04-12_13-48-12.json
[2026-04-12 13:48:14] 更新成功：汪苏泷 - 如果爱忘了 (live) (ID: 2124385868) - 标准、无损音质
[2026-04-12 13:48:17] 更新成功：Dizzy Dizzo (蔡诗芸) - 雨过后的风景 (ID: 215382) - 标准、无损音质
[2026-04-12 13:48:17] 更新完成：成功更新 2 首歌曲
[2026-04-12 14:03:12] 开始更新音乐URL...
[2026-04-12 14:03:12] 备份创建成功：backups/music_data_2026-04-12_14-03-12.json
[2026-04-12 14:03:14] 更新成功：汪苏泷 - 如果爱忘了 (live) (ID: 2124385868) - 标准、无损音质
[2026-04-12 14:03:17] 更新成功：Dizzy Dizzo (蔡诗芸) - 雨过后的风景 (ID: 215382) - 标准、无损音质
[2026-04-12 14:03:17] 更新完成：成功更新 2 首歌曲
[2026-04-12 14:18:12] 开始更新音乐URL...
[2026-04-12 14:18:12] 备份创建成功：backups/music_data_2026-04-12_14-18-12.json
[2026-04-12 14:18:14] 更新成功：汪苏泷 - 如果爱忘了 (live) (ID: 2124385868) - 标准、无损音质
[2026-04-12 14:18:17] 更新成功：Dizzy Dizzo (蔡诗芸) - 雨过后的风景 (ID: 215382) - 标准、无损音质
[2026-04-12 14:18:17] 更新完成：成功更新 2 首歌曲
[2026-04-12 14:33:12] 开始更新音乐URL...
[2026-04-12 14:33:12] 备份创建成功：backups/music_data_2026-04-12_14-33-12.json
[2026-04-12 14:33:14] 更新成功：汪苏泷 - 如果爱忘了 (live) (ID: 2124385868) - 标准、无损音质
[2026-04-12 14:33:17] 更新成功：Dizzy Dizzo (蔡诗芸) - 雨过后的风景 (ID: 215382) - 标准、无损音质
[2026-04-12 14:33:17] 更新完成：成功更新 2 首歌曲
[2026-04-12 14:48:12] 开始更新音乐URL...
[2026-04-12 14:48:12] 备份创建成功：backups/music_data_2026-04-12_14-48-12.json
[2026-04-12 14:48:14] 更新成功：汪苏泷 - 如果爱忘了 (live) (ID: 2124385868) - 标准、无损音质
[2026-04-12 14:48:17] 更新成功：Dizzy Dizzo (蔡诗芸) - 雨过后的风景 (ID: 215382) - 标准、无损音质
[2026-04-12 14:48:17] 更新完成：成功更新 2 首歌曲
[2026-04-12 15:03:12] 开始更新音乐URL...
[2026-04-12 15:03:12] 备份创建成功：backups/music_data_2026-04-12_15-03-12.json
[2026-04-12 15:03:14] 更新成功：汪苏泷 - 如果爱忘了 (live) (ID: 2124385868) - 标准、无损音质
[2026-04-12 15:03:16] 更新成功：Dizzy Dizzo (蔡诗芸) - 雨过后的风景 (ID: 215382) - 标准、无损音质
[2026-04-12 15:03:17] 更新完成：成功更新 2 首歌曲
[2026-04-12 15:18:12] 开始更新音乐URL...
[2026-04-12 15:18:12] 备份创建成功：backups/music_data_2026-04-12_15-18-12.json
[2026-04-12 15:18:13] 更新成功：汪苏泷 - 如果爱忘了 (live) (ID: 2124385868) - 标准、无损音质
[2026-04-12 15:18:16] 更新成功：Dizzy Dizzo (蔡诗芸) - 雨过后的风景 (ID: 215382) - 标准、无损音质
[2026-04-12 15:18:16] 更新完成：成功更新 2 首歌曲
[2026-04-12 15:33:12] 开始更新音乐URL...
[2026-04-12 15:33:12] 备份创建成功：backups/music_data_2026-04-12_15-33-12.json
[2026-04-12 15:33:13] 更新成功：汪苏泷 - 如果爱忘了 (live) (ID: 2124385868) - 标准、无损音质
[2026-04-12 15:33:16] 更新成功：Dizzy Dizzo (蔡诗芸) - 雨过后的风景 (ID: 215382) - 标准、无损音质
[2026-04-12 15:33:16] 更新完成：成功更新 2 首歌曲
[2026-04-12 15:48:12] 开始更新音乐URL...
[2026-04-12 15:48:12] 备份创建成功：backups/music_data_2026-04-12_15-48-12.json
[2026-04-12 15:48:14] 更新成功：汪苏泷 - 如果爱忘了 (live) (ID: 2124385868) - 标准、无损音质
[2026-04-12 15:48:16] 更新成功：Dizzy Dizzo (蔡诗芸) - 雨过后的风景 (ID: 215382) - 标准、无损音质
[2026-04-12 15:48:16] 更新完成：成功更新 2 首歌曲
[2026-04-12 16:03:12] 开始更新音乐URL...
[2026-04-12 16:03:12] 备份创建成功：backups/music_data_2026-04-12_16-03-12.json
[2026-04-12 16:03:14] 更新成功：汪苏泷 - 如果爱忘了 (live) (ID: 2124385868) - 标准、无损音质
[2026-04-12 16:03:16] 更新成功：Dizzy Dizzo (蔡诗芸) - 雨过后的风景 (ID: 215382) - 标准、无损音质
[2026-04-12 16:03:16] 更新完成：成功更新 2 首歌曲
[2026-04-12 16:18:12] 开始更新音乐URL...
[2026-04-12 16:18:12] 备份创建成功：backups/music_data_2026-04-12_16-18-12.json
[2026-04-12 16:18:14] 更新成功：汪苏泷 - 如果爱忘了 (live) (ID: 2124385868) - 标准、无损音质
[2026-04-12 16:18:17] 更新成功：Dizzy Dizzo (蔡诗芸) - 雨过后的风景 (ID: 215382) - 标准、无损音质
[2026-04-12 16:18:17] 更新完成：成功更新 2 首歌曲
[2026-04-12 16:33:32] 开始更新音乐URL...
[2026-04-12 16:33:32] 备份创建成功：backups/music_data_2026-04-12_16-33-32.json
[2026-04-12 16:33:54] 更新成功：汪苏泷 - 如果爱忘了 (live) (ID: 2124385868) - 无损音质
[2026-04-12 16:33:57] 更新成功：Dizzy Dizzo (蔡诗芸) - 雨过后的风景 (ID: 215382) - 标准、无损音质
[2026-04-12 16:33:57] 更新完成：成功更新 2 首歌曲
[2026-04-12 16:48:12] 开始更新音乐URL...
[2026-04-12 16:48:12] 备份创建成功：backups/music_data_2026-04-12_16-48-12.json
[2026-04-12 16:48:18] 更新成功：汪苏泷 - 如果爱忘了 (live) (ID: 2124385868) - 标准、无损音质
[2026-04-12 16:48:21] 更新成功：Dizzy Dizzo (蔡诗芸) - 雨过后的风景 (ID: 215382) - 标准、无损音质
[2026-04-12 16:48:21] 更新完成：成功更新 2 首歌曲
[2026-04-12 17:03:12] 开始更新音乐URL...
[2026-04-12 17:03:12] 备份创建成功：backups/music_data_2026-04-12_17-03-12.json
[2026-04-12 17:03:16] 更新成功：汪苏泷 - 如果爱忘了 (live) (ID: 2124385868) - 标准、无损音质
[2026-04-12 17:03:20] 更新成功：Dizzy Dizzo (蔡诗芸) - 雨过后的风景 (ID: 215382) - 标准、无损音质
[2026-04-12 17:03:20] 更新完成：成功更新 2 首歌曲
[2026-04-12 17:18:12] 开始更新音乐URL...
[2026-04-12 17:18:12] 备份创建成功：backups/music_data_2026-04-12_17-18-12.json
[2026-04-12 17:18:15] 更新成功：汪苏泷 - 如果爱忘了 (live) (ID: 2124385868) - 标准、无损音质
[2026-04-12 17:18:17] 更新成功：Dizzy Dizzo (蔡诗芸) - 雨过后的风景 (ID: 215382) - 标准、无损音质
[2026-04-12 17:18:18] 更新完成：成功更新 2 首歌曲
[2026-04-12 17:33:12] 开始更新音乐URL...
[2026-04-12 17:33:12] 备份创建成功：backups/music_data_2026-04-12_17-33-12.json
[2026-04-12 17:33:14] 更新成功：汪苏泷 - 如果爱忘了 (live) (ID: 2124385868) - 标准、无损音质
[2026-04-12 17:33:16] 更新成功：Dizzy Dizzo (蔡诗芸) - 雨过后的风景 (ID: 215382) - 标准、无损音质
[2026-04-12 17:33:17] 更新完成：成功更新 2 首歌曲
[2026-04-12 17:48:12] 开始更新音乐URL...
[2026-04-12 17:48:12] 备份创建成功：backups/music_data_2026-04-12_17-48-12.json
[2026-04-12 17:48:14] 更新成功：汪苏泷 - 如果爱忘了 (live) (ID: 2124385868) - 标准、无损音质
[2026-04-12 17:48:16] 更新成功：Dizzy Dizzo (蔡诗芸) - 雨过后的风景 (ID: 215382) - 标准、无损音质
[2026-04-12 17:48:17] 更新完成：成功更新 2 首歌曲
[2026-04-12 18:03:12] 开始更新音乐URL...
[2026-04-12 18:03:12] 备份创建成功：backups/music_data_2026-04-12_18-03-12.json
[2026-04-12 18:03:16] 更新成功：汪苏泷 - 如果爱忘了 (live) (ID: 2124385868) - 标准、无损音质
[2026-04-12 18:03:18] 更新成功：Dizzy Dizzo (蔡诗芸) - 雨过后的风景 (ID: 215382) - 标准、无损音质
[2026-04-12 18:03:19] 更新完成：成功更新 2 首歌曲
[2026-04-12 18:18:12] 开始更新音乐URL...
[2026-04-12 18:18:12] 备份创建成功：backups/music_data_2026-04-12_18-18-12.json
[2026-04-12 18:18:14] 更新成功：汪苏泷 - 如果爱忘了 (live) (ID: 2124385868) - 标准、无损音质
[2026-04-12 18:18:17] 更新成功：Dizzy Dizzo (蔡诗芸) - 雨过后的风景 (ID: 215382) - 标准、无损音质
[2026-04-12 18:18:17] 更新完成：成功更新 2 首歌曲
[2026-04-12 18:33:12] 开始更新音乐URL...
[2026-04-12 18:33:12] 备份创建成功：backups/music_data_2026-04-12_18-33-12.json
[2026-04-12 18:33:15] 更新成功：汪苏泷 - 如果爱忘了 (live) (ID: 2124385868) - 标准、无损音质
[2026-04-12 18:33:17] 更新成功：Dizzy Dizzo (蔡诗芸) - 雨过后的风景 (ID: 215382) - 标准、无损音质
[2026-04-12 18:33:18] 更新完成：成功更新 2 首歌曲
[2026-04-12 18:48:12] 开始更新音乐URL...
[2026-04-12 18:48:12] 备份创建成功：backups/music_data_2026-04-12_18-48-12.json
[2026-04-12 18:48:14] 更新成功：汪苏泷 - 如果爱忘了 (live) (ID: 2124385868) - 标准、无损音质
[2026-04-12 18:48:17] 更新成功：Dizzy Dizzo (蔡诗芸) - 雨过后的风景 (ID: 215382) - 标准、无损音质
[2026-04-12 18:48:17] 更新完成：成功更新 2 首歌曲
[2026-04-12 19:03:12] 开始更新音乐URL...
[2026-04-12 19:03:12] 备份创建成功：backups/music_data_2026-04-12_19-03-12.json
[2026-04-12 19:03:15] 更新成功：汪苏泷 - 如果爱忘了 (live) (ID: 2124385868) - 标准、无损音质
[2026-04-12 19:03:17] 更新成功：Dizzy Dizzo (蔡诗芸) - 雨过后的风景 (ID: 215382) - 标准、无损音质
[2026-04-12 19:03:18] 更新完成：成功更新 2 首歌曲
[2026-04-12 19:18:12] 开始更新音乐URL...
[2026-04-12 19:18:12] 备份创建成功：backups/music_data_2026-04-12_19-18-12.json
[2026-04-12 19:18:15] 更新成功：汪苏泷 - 如果爱忘了 (live) (ID: 2124385868) - 标准、无损音质
[2026-04-12 19:18:18] 更新成功：Dizzy Dizzo (蔡诗芸) - 雨过后的风景 (ID: 215382) - 标准、无损音质
[2026-04-12 19:18:18] 更新完成：成功更新 2 首歌曲
[2026-04-12 19:33:12] 开始更新音乐URL...
[2026-04-12 19:33:12] 备份创建成功：backups/music_data_2026-04-12_19-33-12.json
[2026-04-12 19:33:18] 更新成功：汪苏泷 - 如果爱忘了 (live) (ID: 2124385868) - 标准、无损音质
[2026-04-12 19:33:22] 更新成功：Dizzy Dizzo (蔡诗芸) - 雨过后的风景 (ID: 215382) - 标准、无损音质
[2026-04-12 19:33:22] 更新完成：成功更新 2 首歌曲
[2026-04-12 19:48:12] 开始更新音乐URL...
[2026-04-12 19:48:12] 备份创建成功：backups/music_data_2026-04-12_19-48-12.json
[2026-04-12 19:48:15] 更新成功：汪苏泷 - 如果爱忘了 (live) (ID: 2124385868) - 标准、无损音质
[2026-04-12 19:48:17] 更新成功：Dizzy Dizzo (蔡诗芸) - 雨过后的风景 (ID: 215382) - 标准、无损音质
[2026-04-12 19:48:17] 更新完成：成功更新 2 首歌曲
[2026-04-12 20:03:12] 开始更新音乐URL...
[2026-04-12 20:03:12] 备份创建成功：backups/music_data_2026-04-12_20-03-12.json
[2026-04-12 20:03:16] 更新成功：汪苏泷 - 如果爱忘了 (live) (ID: 2124385868) - 标准、无损音质
[2026-04-12 20:03:18] 更新成功：Dizzy Dizzo (蔡诗芸) - 雨过后的风景 (ID: 215382) - 标准、无损音质
[2026-04-12 20:03:19] 更新完成：成功更新 2 首歌曲
[2026-04-12 20:18:12] 开始更新音乐URL...
[2026-04-12 20:18:12] 备份创建成功：backups/music_data_2026-04-12_20-18-12.json
[2026-04-12 20:18:15] 更新成功：汪苏泷 - 如果爱忘了 (live) (ID: 2124385868) - 标准、无损音质
[2026-04-12 20:18:17] 更新成功：Dizzy Dizzo (蔡诗芸) - 雨过后的风景 (ID: 215382) - 标准、无损音质
[2026-04-12 20:18:17] 更新完成：成功更新 2 首歌曲
[2026-04-12 20:33:12] 开始更新音乐URL...
[2026-04-12 20:33:12] 备份创建成功：backups/music_data_2026-04-12_20-33-12.json
[2026-04-12 20:33:15] 更新成功：汪苏泷 - 如果爱忘了 (live) (ID: 2124385868) - 标准、无损音质
[2026-04-12 20:33:18] 更新成功：Dizzy Dizzo (蔡诗芸) - 雨过后的风景 (ID: 215382) - 标准、无损音质
[2026-04-12 20:33:18] 更新完成：成功更新 2 首歌曲
[2026-04-12 20:48:12] 开始更新音乐URL...
[2026-04-12 20:48:12] 备份创建成功：backups/music_data_2026-04-12_20-48-12.json
[2026-04-12 20:48:19] 更新成功：汪苏泷 - 如果爱忘了 (live) (ID: 2124385868) - 无损音质
[2026-04-12 20:48:21] 更新成功：Dizzy Dizzo (蔡诗芸) - 雨过后的风景 (ID: 215382) - 标准、无损音质
[2026-04-12 20:48:22] 更新完成：成功更新 2 首歌曲
[2026-04-12 21:03:12] 开始更新音乐URL...
[2026-04-12 21:03:12] 备份创建成功：backups/music_data_2026-04-12_21-03-12.json
[2026-04-12 21:03:15] 更新成功：汪苏泷 - 如果爱忘了 (live) (ID: 2124385868) - 标准、无损音质
[2026-04-12 21:03:18] 更新成功：Dizzy Dizzo (蔡诗芸) - 雨过后的风景 (ID: 215382) - 标准、无损音质
[2026-04-12 21:03:19] 更新完成：成功更新 2 首歌曲
[2026-04-12 21:18:12] 开始更新音乐URL...
[2026-04-12 21:18:12] 备份创建成功：backups/music_data_2026-04-12_21-18-12.json
[2026-04-12 21:18:15] 更新成功：汪苏泷 - 如果爱忘了 (live) (ID: 2124385868) - 标准、无损音质
[2026-04-12 21:18:18] 更新成功：Dizzy Dizzo (蔡诗芸) - 雨过后的风景 (ID: 215382) - 标准、无损音质
[2026-04-12 21:18:19] 更新完成：成功更新 2 首歌曲
[2026-04-12 21:33:12] 开始更新音乐URL...
[2026-04-12 21:33:12] 备份创建成功：backups/music_data_2026-04-12_21-33-12.json
[2026-04-12 21:33:17] 更新成功：汪苏泷 - 如果爱忘了 (live) (ID: 2124385868) - 标准、无损音质
[2026-04-12 21:33:19] 更新成功：Dizzy Dizzo (蔡诗芸) - 雨过后的风景 (ID: 215382) - 标准、无损音质
[2026-04-12 21:33:19] 更新完成：成功更新 2 首歌曲
[2026-04-12 21:48:12] 开始更新音乐URL...
[2026-04-12 21:48:12] 备份创建成功：backups/music_data_2026-04-12_21-48-12.json
[2026-04-12 21:48:17] 更新成功：汪苏泷 - 如果爱忘了 (live) (ID: 2124385868) - 标准、无损音质
[2026-04-12 21:48:19] 更新成功：Dizzy Dizzo (蔡诗芸) - 雨过后的风景 (ID: 215382) - 标准、无损音质
[2026-04-12 21:48:20] 更新完成：成功更新 2 首歌曲
[2026-04-12 22:03:12] 开始更新音乐URL...
[2026-04-12 22:03:12] 备份创建成功：backups/music_data_2026-04-12_22-03-12.json
[2026-04-12 22:03:14] 更新成功：汪苏泷 - 如果爱忘了 (live) (ID: 2124385868) - 标准、无损音质
[2026-04-12 22:03:17] 更新成功：Dizzy Dizzo (蔡诗芸) - 雨过后的风景 (ID: 215382) - 标准、无损音质
[2026-04-12 22:03:17] 更新完成：成功更新 2 首歌曲
[2026-04-12 22:18:12] 开始更新音乐URL...
[2026-04-12 22:18:12] 备份创建成功：backups/music_data_2026-04-12_22-18-12.json
[2026-04-12 22:18:16] 更新成功：汪苏泷 - 如果爱忘了 (live) (ID: 2124385868) - 标准、无损音质
[2026-04-12 22:18:18] 更新成功：Dizzy Dizzo (蔡诗芸) - 雨过后的风景 (ID: 215382) - 标准、无损音质
[2026-04-12 22:18:19] 更新完成：成功更新 2 首歌曲
[2026-04-12 22:33:12] 开始更新音乐URL...
[2026-04-12 22:33:12] 备份创建成功：backups/music_data_2026-04-12_22-33-12.json
[2026-04-12 22:33:15] 更新成功：汪苏泷 - 如果爱忘了 (live) (ID: 2124385868) - 标准、无损音质
[2026-04-12 22:33:17] 更新成功：Dizzy Dizzo (蔡诗芸) - 雨过后的风景 (ID: 215382) - 标准、无损音质
[2026-04-12 22:33:18] 更新完成：成功更新 2 首歌曲
[2026-04-12 22:48:12] 开始更新音乐URL...
[2026-04-12 22:48:12] 备份创建成功：backups/music_data_2026-04-12_22-48-12.json
[2026-04-12 22:48:14] 更新成功：汪苏泷 - 如果爱忘了 (live) (ID: 2124385868) - 标准、无损音质
[2026-04-12 22:48:17] 更新成功：Dizzy Dizzo (蔡诗芸) - 雨过后的风景 (ID: 215382) - 标准、无损音质
[2026-04-12 22:48:17] 更新完成：成功更新 2 首歌曲
[2026-04-12 23:03:12] 开始更新音乐URL...
[2026-04-12 23:03:12] 备份创建成功：backups/music_data_2026-04-12_23-03-12.json
[2026-04-12 23:03:15] 更新成功：汪苏泷 - 如果爱忘了 (live) (ID: 2124385868) - 标准、无损音质
[2026-04-12 23:03:17] 更新成功：Dizzy Dizzo (蔡诗芸) - 雨过后的风景 (ID: 215382) - 标准、无损音质
[2026-04-12 23:03:18] 更新完成：成功更新 2 首歌曲
[2026-04-12 23:18:12] 开始更新音乐URL...
[2026-04-12 23:18:12] 备份创建成功：backups/music_data_2026-04-12_23-18-12.json
[2026-04-12 23:18:15] 更新成功：汪苏泷 - 如果爱忘了 (live) (ID: 2124385868) - 标准、无损音质
[2026-04-12 23:18:17] 更新成功：Dizzy Dizzo (蔡诗芸) - 雨过后的风景 (ID: 215382) - 标准、无损音质
[2026-04-12 23:18:18] 更新完成：成功更新 2 首歌曲
[2026-04-12 23:33:12] 开始更新音乐URL...
[2026-04-12 23:33:12] 备份创建成功：backups/music_data_2026-04-12_23-33-12.json
[2026-04-12 23:33:16] 更新成功：汪苏泷 - 如果爱忘了 (live) (ID: 2124385868) - 标准、无损音质
[2026-04-12 23:33:18] 更新成功：Dizzy Dizzo (蔡诗芸) - 雨过后的风景 (ID: 215382) - 标准、无损音质
[2026-04-12 23:33:18] 更新完成：成功更新 2 首歌曲
[2026-04-12 23:48:12] 开始更新音乐URL...
[2026-04-12 23:48:12] 备份创建成功：backups/music_data_2026-04-12_23-48-12.json
[2026-04-12 23:48:15] 更新成功：汪苏泷 - 如果爱忘了 (live) (ID: 2124385868) - 标准、无损音质
[2026-04-12 23:48:17] 更新成功：Dizzy Dizzo (蔡诗芸) - 雨过后的风景 (ID: 215382) - 标准、无损音质
[2026-04-12 23:48:18] 更新完成：成功更新 2 首歌曲
[2026-04-13 00:03:12] 开始更新音乐URL...
[2026-04-13 00:03:12] 备份创建成功：backups/music_data_2026-04-13_00-03-12.json
[2026-04-13 00:03:14] 更新成功：汪苏泷 - 如果爱忘了 (live) (ID: 2124385868) - 标准、无损音质
[2026-04-13 00:03:17] 更新成功：Dizzy Dizzo (蔡诗芸) - 雨过后的风景 (ID: 215382) - 标准、无损音质
[2026-04-13 00:03:17] 更新完成：成功更新 2 首歌曲
[2026-04-13 00:18:12] 开始更新音乐URL...
[2026-04-13 00:18:12] 备份创建成功：backups/music_data_2026-04-13_00-18-12.json
[2026-04-13 00:18:14] 更新成功：汪苏泷 - 如果爱忘了 (live) (ID: 2124385868) - 标准、无损音质
[2026-04-13 00:18:17] 更新成功：Dizzy Dizzo (蔡诗芸) - 雨过后的风景 (ID: 215382) - 标准、无损音质
[2026-04-13 00:18:17] 更新完成：成功更新 2 首歌曲
[2026-04-13 00:33:12] 开始更新音乐URL...
[2026-04-13 00:33:12] 备份创建成功：backups/music_data_2026-04-13_00-33-12.json
[2026-04-13 00:33:15] 更新成功：汪苏泷 - 如果爱忘了 (live) (ID: 2124385868) - 标准、无损音质
[2026-04-13 00:33:18] 更新成功：Dizzy Dizzo (蔡诗芸) - 雨过后的风景 (ID: 215382) - 标准、无损音质
[2026-04-13 00:33:18] 更新完成：成功更新 2 首歌曲
[2026-04-13 00:48:12] 开始更新音乐URL...
[2026-04-13 00:48:12] 备份创建成功：backups/music_data_2026-04-13_00-48-12.json
[2026-04-13 00:48:15] 更新成功：汪苏泷 - 如果爱忘了 (live) (ID: 2124385868) - 标准、无损音质
[2026-04-13 00:48:17] 更新成功：Dizzy Dizzo (蔡诗芸) - 雨过后的风景 (ID: 215382) - 标准、无损音质
[2026-04-13 00:48:18] 更新完成：成功更新 2 首歌曲
[2026-04-13 01:03:12] 开始更新音乐URL...
[2026-04-13 01:03:12] 备份创建成功：backups/music_data_2026-04-13_01-03-12.json
[2026-04-13 01:03:16] 更新成功：汪苏泷 - 如果爱忘了 (live) (ID: 2124385868) - 标准、无损音质
[2026-04-13 01:03:18] 更新成功：Dizzy Dizzo (蔡诗芸) - 雨过后的风景 (ID: 215382) - 标准、无损音质
[2026-04-13 01:03:18] 更新完成：成功更新 2 首歌曲
[2026-04-13 01:18:12] 开始更新音乐URL...
[2026-04-13 01:18:12] 备份创建成功：backups/music_data_2026-04-13_01-18-12.json
[2026-04-13 01:18:15] 更新成功：汪苏泷 - 如果爱忘了 (live) (ID: 2124385868) - 标准、无损音质
[2026-04-13 01:18:17] 更新成功：Dizzy Dizzo (蔡诗芸) - 雨过后的风景 (ID: 215382) - 标准、无损音质
[2026-04-13 01:18:18] 更新完成：成功更新 2 首歌曲
[2026-04-13 01:33:12] 开始更新音乐URL...
[2026-04-13 01:33:12] 备份创建成功：backups/music_data_2026-04-13_01-33-12.json
[2026-04-13 01:33:14] 更新成功：汪苏泷 - 如果爱忘了 (live) (ID: 2124385868) - 标准、无损音质
[2026-04-13 01:33:17] 更新成功：Dizzy Dizzo (蔡诗芸) - 雨过后的风景 (ID: 215382) - 标准、无损音质
[2026-04-13 01:33:17] 更新完成：成功更新 2 首歌曲
[2026-04-13 01:48:12] 开始更新音乐URL...
[2026-04-13 01:48:12] 备份创建成功：backups/music_data_2026-04-13_01-48-12.json
[2026-04-13 01:48:14] 更新成功：汪苏泷 - 如果爱忘了 (live) (ID: 2124385868) - 标准、无损音质
[2026-04-13 01:48:17] 更新成功：Dizzy Dizzo (蔡诗芸) - 雨过后的风景 (ID: 215382) - 标准、无损音质
[2026-04-13 01:48:17] 更新完成：成功更新 2 首歌曲
[2026-04-13 02:03:12] 开始更新音乐URL...
[2026-04-13 02:03:12] 备份创建成功：backups/music_data_2026-04-13_02-03-12.json
[2026-04-13 02:03:23] 更新失败：汪苏泷 - 如果爱忘了 (live) (ID: 2124385868) - 所有音质获取失败
[2026-04-13 02:03:30] 更新成功：Dizzy Dizzo (蔡诗芸) - 雨过后的风景 (ID: 215382) - 标准、无损音质
[2026-04-13 02:03:31] 更新完成：成功更新 1 首歌曲，1 首歌曲更新失败
[2026-04-13 02:18:12] 开始更新音乐URL...
[2026-04-13 02:18:12] 备份创建成功：backups/music_data_2026-04-13_02-18-12.json
[2026-04-13 02:18:14] 更新成功：汪苏泷 - 如果爱忘了 (live) (ID: 2124385868) - 标准、无损音质
[2026-04-13 02:18:16] 更新成功：Dizzy Dizzo (蔡诗芸) - 雨过后的风景 (ID: 215382) - 标准、无损音质
[2026-04-13 02:18:17] 更新完成：成功更新 2 首歌曲
[2026-04-13 02:33:12] 开始更新音乐URL...
[2026-04-13 02:33:12] 备份创建成功：backups/music_data_2026-04-13_02-33-12.json
[2026-04-13 02:33:14] 更新成功：汪苏泷 - 如果爱忘了 (live) (ID: 2124385868) - 标准、无损音质
[2026-04-13 02:33:16] 更新成功：Dizzy Dizzo (蔡诗芸) - 雨过后的风景 (ID: 215382) - 标准、无损音质
[2026-04-13 02:33:17] 更新完成：成功更新 2 首歌曲
[2026-04-13 02:48:12] 开始更新音乐URL...
[2026-04-13 02:48:12] 备份创建成功：backups/music_data_2026-04-13_02-48-12.json
[2026-04-13 02:48:14] 更新成功：汪苏泷 - 如果爱忘了 (live) (ID: 2124385868) - 标准、无损音质
[2026-04-13 02:48:16] 更新成功：Dizzy Dizzo (蔡诗芸) - 雨过后的风景 (ID: 215382) - 标准、无损音质
[2026-04-13 02:48:16] 更新完成：成功更新 2 首歌曲
[2026-04-13 03:03:12] 开始更新音乐URL...
[2026-04-13 03:03:12] 备份创建成功：backups/music_data_2026-04-13_03-03-12.json
[2026-04-13 03:03:15] 更新成功：汪苏泷 - 如果爱忘了 (live) (ID: 2124385868) - 标准、无损音质
[2026-04-13 03:03:19] 更新成功：Dizzy Dizzo (蔡诗芸) - 雨过后的风景 (ID: 215382) - 标准、无损音质
[2026-04-13 03:03:19] 更新完成：成功更新 2 首歌曲
[2026-04-13 03:18:12] 开始更新音乐URL...
[2026-04-13 03:18:12] 备份创建成功：backups/music_data_2026-04-13_03-18-12.json
[2026-04-13 03:18:14] 更新成功：汪苏泷 - 如果爱忘了 (live) (ID: 2124385868) - 标准、无损音质
[2026-04-13 03:18:16] 更新成功：Dizzy Dizzo (蔡诗芸) - 雨过后的风景 (ID: 215382) - 标准、无损音质
[2026-04-13 03:18:16] 更新完成：成功更新 2 首歌曲
[2026-04-13 03:33:12] 开始更新音乐URL...
[2026-04-13 03:33:12] 备份创建成功：backups/music_data_2026-04-13_03-33-12.json
[2026-04-13 03:33:14] 更新成功：汪苏泷 - 如果爱忘了 (live) (ID: 2124385868) - 标准、无损音质
[2026-04-13 03:33:16] 更新成功：Dizzy Dizzo (蔡诗芸) - 雨过后的风景 (ID: 215382) - 标准、无损音质
[2026-04-13 03:33:17] 更新完成：成功更新 2 首歌曲
[2026-04-13 03:48:12] 开始更新音乐URL...
[2026-04-13 03:48:12] 备份创建成功：backups/music_data_2026-04-13_03-48-12.json
[2026-04-13 03:48:14] 更新成功：汪苏泷 - 如果爱忘了 (live) (ID: 2124385868) - 标准、无损音质
[2026-04-13 03:48:17] 更新成功：Dizzy Dizzo (蔡诗芸) - 雨过后的风景 (ID: 215382) - 标准、无损音质
[2026-04-13 03:48:17] 更新完成：成功更新 2 首歌曲
[2026-04-13 04:03:12] 开始更新音乐URL...
[2026-04-13 04:03:12] 备份创建成功：backups/music_data_2026-04-13_04-03-12.json
[2026-04-13 04:03:14] 更新成功：汪苏泷 - 如果爱忘了 (live) (ID: 2124385868) - 标准、无损音质
[2026-04-13 04:03:16] 更新成功：Dizzy Dizzo (蔡诗芸) - 雨过后的风景 (ID: 215382) - 标准、无损音质
[2026-04-13 04:03:17] 更新完成：成功更新 2 首歌曲
[2026-04-13 04:18:12] 开始更新音乐URL...
[2026-04-13 04:18:12] 备份创建成功：backups/music_data_2026-04-13_04-18-12.json
[2026-04-13 04:18:14] 更新成功：汪苏泷 - 如果爱忘了 (live) (ID: 2124385868) - 标准、无损音质
[2026-04-13 04:18:16] 更新成功：Dizzy Dizzo (蔡诗芸) - 雨过后的风景 (ID: 215382) - 标准、无损音质
[2026-04-13 04:18:17] 更新完成：成功更新 2 首歌曲
[2026-04-13 04:33:12] 开始更新音乐URL...
[2026-04-13 04:33:12] 备份创建成功：backups/music_data_2026-04-13_04-33-12.json
[2026-04-13 04:33:14] 更新成功：汪苏泷 - 如果爱忘了 (live) (ID: 2124385868) - 标准、无损音质
[2026-04-13 04:33:16] 更新成功：Dizzy Dizzo (蔡诗芸) - 雨过后的风景 (ID: 215382) - 标准、无损音质
[2026-04-13 04:33:16] 更新完成：成功更新 2 首歌曲
[2026-04-13 04:48:12] 开始更新音乐URL...
[2026-04-13 04:48:12] 备份创建成功：backups/music_data_2026-04-13_04-48-12.json
[2026-04-13 04:48:15] 更新成功：汪苏泷 - 如果爱忘了 (live) (ID: 2124385868) - 标准、无损音质
[2026-04-13 04:48:18] 更新成功：Dizzy Dizzo (蔡诗芸) - 雨过后的风景 (ID: 215382) - 标准、无损音质
[2026-04-13 04:48:18] 更新完成：成功更新 2 首歌曲
[2026-04-13 05:03:12] 开始更新音乐URL...
[2026-04-13 05:03:12] 备份创建成功：backups/music_data_2026-04-13_05-03-12.json
[2026-04-13 05:03:14] 更新成功：汪苏泷 - 如果爱忘了 (live) (ID: 2124385868) - 标准、无损音质
[2026-04-13 05:03:16] 更新成功：Dizzy Dizzo (蔡诗芸) - 雨过后的风景 (ID: 215382) - 标准、无损音质
[2026-04-13 05:03:16] 更新完成：成功更新 2 首歌曲
[2026-04-13 05:18:12] 开始更新音乐URL...
[2026-04-13 05:18:12] 备份创建成功：backups/music_data_2026-04-13_05-18-12.json
[2026-04-13 05:18:14] 更新成功：汪苏泷 - 如果爱忘了 (live) (ID: 2124385868) - 标准、无损音质
[2026-04-13 05:18:16] 更新成功：Dizzy Dizzo (蔡诗芸) - 雨过后的风景 (ID: 215382) - 标准、无损音质
[2026-04-13 05:18:17] 更新完成：成功更新 2 首歌曲
[2026-04-13 05:33:12] 开始更新音乐URL...
[2026-04-13 05:33:12] 备份创建成功：backups/music_data_2026-04-13_05-33-12.json
[2026-04-13 05:33:14] 更新成功：汪苏泷 - 如果爱忘了 (live) (ID: 2124385868) - 标准、无损音质
[2026-04-13 05:33:16] 更新成功：Dizzy Dizzo (蔡诗芸) - 雨过后的风景 (ID: 215382) - 标准、无损音质
[2026-04-13 05:33:16] 更新完成：成功更新 2 首歌曲
[2026-04-13 05:48:12] 开始更新音乐URL...
[2026-04-13 05:48:12] 备份创建成功：backups/music_data_2026-04-13_05-48-12.json
[2026-04-13 05:48:14] 更新成功：汪苏泷 - 如果爱忘了 (live) (ID: 2124385868) - 标准、无损音质
[2026-04-13 05:48:16] 更新成功：Dizzy Dizzo (蔡诗芸) - 雨过后的风景 (ID: 215382) - 标准、无损音质
[2026-04-13 05:48:17] 更新完成：成功更新 2 首歌曲
[2026-04-13 06:03:12] 开始更新音乐URL...
[2026-04-13 06:03:12] 备份创建成功：backups/music_data_2026-04-13_06-03-12.json
[2026-04-13 06:03:14] 更新成功：汪苏泷 - 如果爱忘了 (live) (ID: 2124385868) - 标准、无损音质
[2026-04-13 06:03:16] 更新成功：Dizzy Dizzo (蔡诗芸) - 雨过后的风景 (ID: 215382) - 标准、无损音质
[2026-04-13 06:03:17] 更新完成：成功更新 2 首歌曲
[2026-04-13 06:18:12] 开始更新音乐URL...
[2026-04-13 06:18:12] 备份创建成功：backups/music_data_2026-04-13_06-18-12.json
[2026-04-13 06:18:14] 更新成功：汪苏泷 - 如果爱忘了 (live) (ID: 2124385868) - 标准、无损音质
[2026-04-13 06:18:16] 更新成功：Dizzy Dizzo (蔡诗芸) - 雨过后的风景 (ID: 215382) - 标准、无损音质
[2026-04-13 06:18:17] 更新完成：成功更新 2 首歌曲
[2026-04-13 06:33:12] 开始更新音乐URL...
[2026-04-13 06:33:12] 备份创建成功：backups/music_data_2026-04-13_06-33-12.json
[2026-04-13 06:33:14] 更新成功：汪苏泷 - 如果爱忘了 (live) (ID: 2124385868) - 标准、无损音质
[2026-04-13 06:33:17] 更新成功：Dizzy Dizzo (蔡诗芸) - 雨过后的风景 (ID: 215382) - 标准、无损音质
[2026-04-13 06:33:18] 更新完成：成功更新 2 首歌曲
[2026-04-13 06:48:12] 开始更新音乐URL...
[2026-04-13 06:48:12] 备份创建成功：backups/music_data_2026-04-13_06-48-12.json
[2026-04-13 06:48:15] 更新成功：汪苏泷 - 如果爱忘了 (live) (ID: 2124385868) - 标准、无损音质
[2026-04-13 06:48:17] 更新成功：Dizzy Dizzo (蔡诗芸) - 雨过后的风景 (ID: 215382) - 标准、无损音质
[2026-04-13 06:48:18] 更新完成：成功更新 2 首歌曲
[2026-04-13 07:03:12] 开始更新音乐URL...
[2026-04-13 07:03:12] 备份创建成功：backups/music_data_2026-04-13_07-03-12.json
[2026-04-13 07:03:14] 更新成功：汪苏泷 - 如果爱忘了 (live) (ID: 2124385868) - 标准、无损音质
[2026-04-13 07:03:17] 更新成功：Dizzy Dizzo (蔡诗芸) - 雨过后的风景 (ID: 215382) - 标准、无损音质
[2026-04-13 07:03:17] 更新完成：成功更新 2 首歌曲
[2026-04-13 07:18:12] 开始更新音乐URL...
[2026-04-13 07:18:12] 备份创建成功：backups/music_data_2026-04-13_07-18-12.json
[2026-04-13 07:18:14] 更新成功：汪苏泷 - 如果爱忘了 (live) (ID: 2124385868) - 标准、无损音质
[2026-04-13 07:18:17] 更新成功：Dizzy Dizzo (蔡诗芸) - 雨过后的风景 (ID: 215382) - 标准、无损音质
[2026-04-13 07:18:17] 更新完成：成功更新 2 首歌曲
[2026-04-13 07:33:12] 开始更新音乐URL...
[2026-04-13 07:33:12] 备份创建成功：backups/music_data_2026-04-13_07-33-12.json
[2026-04-13 07:33:14] 更新成功：汪苏泷 - 如果爱忘了 (live) (ID: 2124385868) - 标准、无损音质
[2026-04-13 07:33:17] 更新成功：Dizzy Dizzo (蔡诗芸) - 雨过后的风景 (ID: 215382) - 标准、无损音质
[2026-04-13 07:33:17] 更新完成：成功更新 2 首歌曲
[2026-04-13 07:48:12] 开始更新音乐URL...
[2026-04-13 07:48:12] 备份创建成功：backups/music_data_2026-04-13_07-48-12.json
[2026-04-13 07:48:14] 更新成功：汪苏泷 - 如果爱忘了 (live) (ID: 2124385868) - 标准、无损音质
[2026-04-13 07:48:16] 更新成功：Dizzy Dizzo (蔡诗芸) - 雨过后的风景 (ID: 215382) - 标准、无损音质
[2026-04-13 07:48:17] 更新完成：成功更新 2 首歌曲
[2026-04-13 08:03:17] 开始更新音乐URL...
[2026-04-13 08:03:17] 备份创建成功：backups/music_data_2026-04-13_08-03-17.json
[2026-04-13 08:03:22] 更新成功：汪苏泷 - 如果爱忘了 (live) (ID: 2124385868) - 标准、无损音质
[2026-04-13 08:03:25] 更新成功：Dizzy Dizzo (蔡诗芸) - 雨过后的风景 (ID: 215382) - 标准、无损音质
[2026-04-13 08:03:25] 更新完成：成功更新 2 首歌曲
[2026-04-13 08:18:12] 开始更新音乐URL...
[2026-04-13 08:18:12] 备份创建成功：backups/music_data_2026-04-13_08-18-12.json
[2026-04-13 08:18:15] 更新成功：汪苏泷 - 如果爱忘了 (live) (ID: 2124385868) - 标准、无损音质
[2026-04-13 08:18:17] 更新成功：Dizzy Dizzo (蔡诗芸) - 雨过后的风景 (ID: 215382) - 标准、无损音质
[2026-04-13 08:18:18] 更新完成：成功更新 2 首歌曲
[2026-04-13 08:33:12] 开始更新音乐URL...
[2026-04-13 08:33:12] 备份创建成功：backups/music_data_2026-04-13_08-33-12.json
[2026-04-13 08:33:15] 更新成功：汪苏泷 - 如果爱忘了 (live) (ID: 2124385868) - 标准、无损音质
[2026-04-13 08:33:18] 更新成功：Dizzy Dizzo (蔡诗芸) - 雨过后的风景 (ID: 215382) - 标准、无损音质
[2026-04-13 08:33:19] 更新完成：成功更新 2 首歌曲
[2026-04-13 08:48:12] 开始更新音乐URL...
[2026-04-13 08:48:12] 备份创建成功：backups/music_data_2026-04-13_08-48-12.json
[2026-04-13 08:48:15] 更新成功：汪苏泷 - 如果爱忘了 (live) (ID: 2124385868) - 标准、无损音质
[2026-04-13 08:48:17] 更新成功：Dizzy Dizzo (蔡诗芸) - 雨过后的风景 (ID: 215382) - 标准、无损音质
[2026-04-13 08:48:18] 更新完成：成功更新 2 首歌曲
[2026-04-13 09:03:12] 开始更新音乐URL...
[2026-04-13 09:03:12] 备份创建成功：backups/music_data_2026-04-13_09-03-12.json
[2026-04-13 09:03:15] 更新成功：汪苏泷 - 如果爱忘了 (live) (ID: 2124385868) - 标准、无损音质
[2026-04-13 09:03:17] 更新成功：Dizzy Dizzo (蔡诗芸) - 雨过后的风景 (ID: 215382) - 标准、无损音质
[2026-04-13 09:03:18] 更新完成：成功更新 2 首歌曲
[2026-04-13 09:18:12] 开始更新音乐URL...
[2026-04-13 09:18:12] 备份创建成功：backups/music_data_2026-04-13_09-18-12.json
[2026-04-13 09:18:14] 更新成功：汪苏泷 - 如果爱忘了 (live) (ID: 2124385868) - 标准、无损音质
[2026-04-13 09:18:16] 更新成功：Dizzy Dizzo (蔡诗芸) - 雨过后的风景 (ID: 215382) - 标准、无损音质
[2026-04-13 09:18:17] 更新完成：成功更新 2 首歌曲
[2026-04-13 09:33:12] 开始更新音乐URL...
[2026-04-13 09:33:12] 备份创建成功：backups/music_data_2026-04-13_09-33-12.json
[2026-04-13 09:33:42] 更新失败：汪苏泷 - 如果爱忘了 (live) (ID: 2124385868) - 所有音质获取失败
[2026-04-13 09:34:03] 更新成功：Dizzy Dizzo (蔡诗芸) - 雨过后的风景 (ID: 215382) - 标准音质
[2026-04-13 09:34:04] 更新完成：成功更新 1 首歌曲，1 首歌曲更新失败
[2026-04-13 09:48:12] 开始更新音乐URL...
[2026-04-13 09:48:12] 备份创建成功：backups/music_data_2026-04-13_09-48-12.json
[2026-04-13 09:48:14] 更新成功：汪苏泷 - 如果爱忘了 (live) (ID: 2124385868) - 标准、无损音质
[2026-04-13 09:48:17] 更新成功：Dizzy Dizzo (蔡诗芸) - 雨过后的风景 (ID: 215382) - 标准、无损音质
[2026-04-13 09:48:17] 更新完成：成功更新 2 首歌曲
[2026-04-13 10:03:12] 开始更新音乐URL...
[2026-04-13 10:03:12] 备份创建成功：backups/music_data_2026-04-13_10-03-12.json
[2026-04-13 10:03:16] 更新成功：汪苏泷 - 如果爱忘了 (live) (ID: 2124385868) - 标准、无损音质
[2026-04-13 10:03:18] 更新成功：Dizzy Dizzo (蔡诗芸) - 雨过后的风景 (ID: 215382) - 标准、无损音质
[2026-04-13 10:03:19] 更新完成：成功更新 2 首歌曲
[2026-04-13 10:18:12] 开始更新音乐URL...
[2026-04-13 10:18:12] 备份创建成功：backups/music_data_2026-04-13_10-18-12.json
[2026-04-13 10:18:16] 更新成功：汪苏泷 - 如果爱忘了 (live) (ID: 2124385868) - 标准、无损音质
[2026-04-13 10:18:18] 更新成功：Dizzy Dizzo (蔡诗芸) - 雨过后的风景 (ID: 215382) - 标准、无损音质
[2026-04-13 10:18:19] 更新完成：成功更新 2 首歌曲
[2026-04-13 10:33:12] 开始更新音乐URL...
[2026-04-13 10:33:12] 备份创建成功：backups/music_data_2026-04-13_10-33-12.json
[2026-04-13 10:33:15] 更新成功：汪苏泷 - 如果爱忘了 (live) (ID: 2124385868) - 标准、无损音质
[2026-04-13 10:33:17] 更新成功：Dizzy Dizzo (蔡诗芸) - 雨过后的风景 (ID: 215382) - 标准、无损音质
[2026-04-13 10:33:18] 更新完成：成功更新 2 首歌曲
[2026-04-13 10:48:12] 开始更新音乐URL...
[2026-04-13 10:48:12] 备份创建成功：backups/music_data_2026-04-13_10-48-12.json
[2026-04-13 10:48:14] 更新成功：汪苏泷 - 如果爱忘了 (live) (ID: 2124385868) - 标准、无损音质
[2026-04-13 10:48:17] 更新成功：Dizzy Dizzo (蔡诗芸) - 雨过后的风景 (ID: 215382) - 标准、无损音质
[2026-04-13 10:48:17] 更新完成：成功更新 2 首歌曲
[2026-04-13 11:03:12] 开始更新音乐URL...
[2026-04-13 11:03:12] 备份创建成功：backups/music_data_2026-04-13_11-03-12.json
[2026-04-13 11:03:15] 更新成功：汪苏泷 - 如果爱忘了 (live) (ID: 2124385868) - 标准、无损音质
[2026-04-13 11:03:17] 更新成功：Dizzy Dizzo (蔡诗芸) - 雨过后的风景 (ID: 215382) - 标准、无损音质
[2026-04-13 11:03:18] 更新完成：成功更新 2 首歌曲
[2026-04-13 11:18:12] 开始更新音乐URL...
[2026-04-13 11:18:12] 备份创建成功：backups/music_data_2026-04-13_11-18-12.json
[2026-04-13 11:18:15] 更新成功：汪苏泷 - 如果爱忘了 (live) (ID: 2124385868) - 标准、无损音质
[2026-04-13 11:18:17] 更新成功：Dizzy Dizzo (蔡诗芸) - 雨过后的风景 (ID: 215382) - 标准、无损音质
[2026-04-13 11:18:18] 更新完成：成功更新 2 首歌曲
[2026-04-13 11:33:12] 开始更新音乐URL...
[2026-04-13 11:33:12] 备份创建成功：backups/music_data_2026-04-13_11-33-12.json
[2026-04-13 11:33:15] 更新成功：汪苏泷 - 如果爱忘了 (live) (ID: 2124385868) - 标准、无损音质
[2026-04-13 11:33:18] 更新成功：Dizzy Dizzo (蔡诗芸) - 雨过后的风景 (ID: 215382) - 标准、无损音质
[2026-04-13 11:33:18] 更新完成：成功更新 2 首歌曲
[2026-04-13 11:48:12] 开始更新音乐URL...
[2026-04-13 11:48:12] 备份创建成功：backups/music_data_2026-04-13_11-48-12.json
[2026-04-13 11:48:14] 更新成功：汪苏泷 - 如果爱忘了 (live) (ID: 2124385868) - 标准、无损音质
[2026-04-13 11:48:17] 更新成功：Dizzy Dizzo (蔡诗芸) - 雨过后的风景 (ID: 215382) - 标准、无损音质
[2026-04-13 11:48:17] 更新完成：成功更新 2 首歌曲
[2026-04-13 12:03:12] 开始更新音乐URL...
[2026-04-13 12:03:12] 备份创建成功：backups/music_data_2026-04-13_12-03-12.json
[2026-04-13 12:03:14] 更新成功：汪苏泷 - 如果爱忘了 (live) (ID: 2124385868) - 标准、无损音质
[2026-04-13 12:03:17] 更新成功：Dizzy Dizzo (蔡诗芸) - 雨过后的风景 (ID: 215382) - 标准、无损音质
[2026-04-13 12:03:17] 更新完成：成功更新 2 首歌曲
[2026-04-13 12:18:12] 开始更新音乐URL...
[2026-04-13 12:18:12] 备份创建成功：backups/music_data_2026-04-13_12-18-12.json
[2026-04-13 12:18:14] 更新成功：汪苏泷 - 如果爱忘了 (live) (ID: 2124385868) - 标准、无损音质
[2026-04-13 12:18:17] 更新成功：Dizzy Dizzo (蔡诗芸) - 雨过后的风景 (ID: 215382) - 标准、无损音质
[2026-04-13 12:18:17] 更新完成：成功更新 2 首歌曲
[2026-04-13 12:33:12] 开始更新音乐URL...
[2026-04-13 12:33:12] 备份创建成功：backups/music_data_2026-04-13_12-33-12.json
[2026-04-13 12:33:16] 更新成功：汪苏泷 - 如果爱忘了 (live) (ID: 2124385868) - 标准、无损音质
[2026-04-13 12:33:19] 更新成功：Dizzy Dizzo (蔡诗芸) - 雨过后的风景 (ID: 215382) - 标准、无损音质
[2026-04-13 12:33:19] 更新完成：成功更新 2 首歌曲
[2026-04-13 12:48:12] 开始更新音乐URL...
[2026-04-13 12:48:12] 备份创建成功：backups/music_data_2026-04-13_12-48-12.json
[2026-04-13 12:48:14] 更新成功：汪苏泷 - 如果爱忘了 (live) (ID: 2124385868) - 标准、无损音质
[2026-04-13 12:48:17] 更新成功：Dizzy Dizzo (蔡诗芸) - 雨过后的风景 (ID: 215382) - 标准、无损音质
[2026-04-13 12:48:17] 更新完成：成功更新 2 首歌曲
[2026-04-13 13:03:12] 开始更新音乐URL...
[2026-04-13 13:03:12] 备份创建成功：backups/music_data_2026-04-13_13-03-12.json
[2026-04-13 13:03:15] 更新成功：汪苏泷 - 如果爱忘了 (live) (ID: 2124385868) - 标准、无损音质
[2026-04-13 13:03:18] 更新成功：Dizzy Dizzo (蔡诗芸) - 雨过后的风景 (ID: 215382) - 标准、无损音质
[2026-04-13 13:03:18] 更新完成：成功更新 2 首歌曲
[2026-04-13 13:18:12] 开始更新音乐URL...
[2026-04-13 13:18:12] 备份创建成功：backups/music_data_2026-04-13_13-18-12.json
[2026-04-13 13:18:15] 更新成功：汪苏泷 - 如果爱忘了 (live) (ID: 2124385868) - 标准、无损音质
[2026-04-13 13:18:18] 更新成功：Dizzy Dizzo (蔡诗芸) - 雨过后的风景 (ID: 215382) - 标准、无损音质
[2026-04-13 13:18:18] 更新完成：成功更新 2 首歌曲
[2026-04-13 13:33:12] 开始更新音乐URL...
[2026-04-13 13:33:12] 备份创建成功：backups/music_data_2026-04-13_13-33-12.json
[2026-04-13 13:33:15] 更新成功：汪苏泷 - 如果爱忘了 (live) (ID: 2124385868) - 标准、无损音质
[2026-04-13 13:33:17] 更新成功：Dizzy Dizzo (蔡诗芸) - 雨过后的风景 (ID: 215382) - 标准、无损音质
[2026-04-13 13:33:18] 更新完成：成功更新 2 首歌曲
[2026-04-13 13:48:12] 开始更新音乐URL...
[2026-04-13 13:48:12] 备份创建成功：backups/music_data_2026-04-13_13-48-12.json
[2026-04-13 13:48:15] 更新成功：汪苏泷 - 如果爱忘了 (live) (ID: 2124385868) - 标准、无损音质
[2026-04-13 13:48:17] 更新成功：Dizzy Dizzo (蔡诗芸) - 雨过后的风景 (ID: 215382) - 标准、无损音质
[2026-04-13 13:48:17] 更新完成：成功更新 2 首歌曲
[2026-04-13 14:03:12] 开始更新音乐URL...
[2026-04-13 14:03:12] 备份创建成功：backups/music_data_2026-04-13_14-03-12.json
[2026-04-13 14:03:16] 更新成功：汪苏泷 - 如果爱忘了 (live) (ID: 2124385868) - 标准、无损音质
[2026-04-13 14:03:20] 更新成功：Dizzy Dizzo (蔡诗芸) - 雨过后的风景 (ID: 215382) - 标准、无损音质
[2026-04-13 14:03:21] 更新完成：成功更新 2 首歌曲
[2026-04-13 14:18:12] 开始更新音乐URL...
[2026-04-13 14:18:12] 备份创建成功：backups/music_data_2026-04-13_14-18-12.json
[2026-04-13 14:18:14] 更新成功：汪苏泷 - 如果爱忘了 (live) (ID: 2124385868) - 标准、无损音质
[2026-04-13 14:18:17] 更新成功：Dizzy Dizzo (蔡诗芸) - 雨过后的风景 (ID: 215382) - 标准、无损音质
[2026-04-13 14:18:17] 更新完成：成功更新 2 首歌曲
[2026-04-13 14:33:12] 开始更新音乐URL...
[2026-04-13 14:33:12] 备份创建成功：backups/music_data_2026-04-13_14-33-12.json
[2026-04-13 14:33:15] 更新成功：汪苏泷 - 如果爱忘了 (live) (ID: 2124385868) - 标准、无损音质
[2026-04-13 14:33:17] 更新成功：Dizzy Dizzo (蔡诗芸) - 雨过后的风景 (ID: 215382) - 标准、无损音质
[2026-04-13 14:33:18] 更新完成：成功更新 2 首歌曲
[2026-04-13 14:48:12] 开始更新音乐URL...
[2026-04-13 14:48:12] 备份创建成功：backups/music_data_2026-04-13_14-48-12.json
[2026-04-13 14:48:17] 更新成功：汪苏泷 - 如果爱忘了 (live) (ID: 2124385868) - 标准、无损音质
[2026-04-13 14:48:19] 更新成功：Dizzy Dizzo (蔡诗芸) - 雨过后的风景 (ID: 215382) - 标准、无损音质
[2026-04-13 14:48:20] 更新完成：成功更新 2 首歌曲
[2026-04-13 15:03:12] 开始更新音乐URL...
[2026-04-13 15:03:12] 备份创建成功：backups/music_data_2026-04-13_15-03-12.json
[2026-04-13 15:03:18] 更新成功：汪苏泷 - 如果爱忘了 (live) (ID: 2124385868) - 标准、无损音质
[2026-04-13 15:03:23] 更新成功：Dizzy Dizzo (蔡诗芸) - 雨过后的风景 (ID: 215382) - 标准、无损音质
[2026-04-13 15:03:24] 更新完成：成功更新 2 首歌曲
[2026-04-13 15:18:12] 开始更新音乐URL...
[2026-04-13 15:18:12] 备份创建成功：backups/music_data_2026-04-13_15-18-12.json
[2026-04-13 15:18:14] 更新成功：汪苏泷 - 如果爱忘了 (live) (ID: 2124385868) - 标准、无损音质
[2026-04-13 15:18:16] 更新成功：Dizzy Dizzo (蔡诗芸) - 雨过后的风景 (ID: 215382) - 标准、无损音质
[2026-04-13 15:18:17] 更新完成：成功更新 2 首歌曲
[2026-04-13 15:33:12] 开始更新音乐URL...
[2026-04-13 15:33:12] 备份创建成功：backups/music_data_2026-04-13_15-33-12.json
[2026-04-13 15:33:17] 更新成功：汪苏泷 - 如果爱忘了 (live) (ID: 2124385868) - 标准、无损音质
[2026-04-13 15:33:20] 更新成功：Dizzy Dizzo (蔡诗芸) - 雨过后的风景 (ID: 215382) - 标准、无损音质
[2026-04-13 15:33:21] 更新完成：成功更新 2 首歌曲
[2026-04-13 15:48:12] 开始更新音乐URL...
[2026-04-13 15:48:12] 备份创建成功：backups/music_data_2026-04-13_15-48-12.json
[2026-04-13 15:48:16] 更新成功：汪苏泷 - 如果爱忘了 (live) (ID: 2124385868) - 标准、无损音质
[2026-04-13 15:48:18] 更新成功：Dizzy Dizzo (蔡诗芸) - 雨过后的风景 (ID: 215382) - 标准、无损音质
[2026-04-13 15:48:18] 更新完成：成功更新 2 首歌曲
[2026-04-13 16:03:12] 开始更新音乐URL...
[2026-04-13 16:03:12] 备份创建成功：backups/music_data_2026-04-13_16-03-12.json
[2026-04-13 16:03:15] 更新成功：汪苏泷 - 如果爱忘了 (live) (ID: 2124385868) - 标准、无损音质
[2026-04-13 16:03:17] 更新成功：Dizzy Dizzo (蔡诗芸) - 雨过后的风景 (ID: 215382) - 标准、无损音质
[2026-04-13 16:03:17] 更新完成：成功更新 2 首歌曲
[2026-04-13 16:18:12] 开始更新音乐URL...
[2026-04-13 16:18:12] 备份创建成功：backups/music_data_2026-04-13_16-18-12.json
[2026-04-13 16:18:16] 更新成功：汪苏泷 - 如果爱忘了 (live) (ID: 2124385868) - 标准、无损音质
[2026-04-13 16:18:20] 更新成功：Dizzy Dizzo (蔡诗芸) - 雨过后的风景 (ID: 215382) - 标准、无损音质
[2026-04-13 16:18:20] 更新完成：成功更新 2 首歌曲
[2026-04-13 16:33:12] 开始更新音乐URL...
[2026-04-13 16:33:12] 备份创建成功：backups/music_data_2026-04-13_16-33-12.json
[2026-04-13 16:33:15] 更新成功：汪苏泷 - 如果爱忘了 (live) (ID: 2124385868) - 标准、无损音质
[2026-04-13 16:33:18] 更新成功：Dizzy Dizzo (蔡诗芸) - 雨过后的风景 (ID: 215382) - 标准、无损音质
[2026-04-13 16:33:19] 更新完成：成功更新 2 首歌曲
[2026-04-13 16:48:12] 开始更新音乐URL...
[2026-04-13 16:48:12] 备份创建成功：backups/music_data_2026-04-13_16-48-12.json
[2026-04-13 16:48:14] 更新成功：汪苏泷 - 如果爱忘了 (live) (ID: 2124385868) - 标准、无损音质
[2026-04-13 16:48:16] 更新成功：Dizzy Dizzo (蔡诗芸) - 雨过后的风景 (ID: 215382) - 标准、无损音质
[2026-04-13 16:48:17] 更新完成：成功更新 2 首歌曲
[2026-04-13 17:03:12] 开始更新音乐URL...
[2026-04-13 17:03:12] 备份创建成功：backups/music_data_2026-04-13_17-03-12.json
[2026-04-13 17:03:14] 更新成功：汪苏泷 - 如果爱忘了 (live) (ID: 2124385868) - 标准、无损音质
[2026-04-13 17:03:17] 更新成功：Dizzy Dizzo (蔡诗芸) - 雨过后的风景 (ID: 215382) - 标准、无损音质
[2026-04-13 17:03:17] 更新完成：成功更新 2 首歌曲
[2026-04-13 17:18:12] 开始更新音乐URL...
[2026-04-13 17:18:12] 备份创建成功：backups/music_data_2026-04-13_17-18-12.json
[2026-04-13 17:18:16] 更新成功：汪苏泷 - 如果爱忘了 (live) (ID: 2124385868) - 标准、无损音质
[2026-04-13 17:18:19] 更新成功：Dizzy Dizzo (蔡诗芸) - 雨过后的风景 (ID: 215382) - 标准、无损音质
[2026-04-13 17:18:19] 更新完成：成功更新 2 首歌曲
[2026-04-13 17:33:12] 开始更新音乐URL...
[2026-04-13 17:33:12] 备份创建成功：backups/music_data_2026-04-13_17-33-12.json
[2026-04-13 17:33:15] 更新成功：汪苏泷 - 如果爱忘了 (live) (ID: 2124385868) - 标准、无损音质
[2026-04-13 17:33:18] 更新成功：Dizzy Dizzo (蔡诗芸) - 雨过后的风景 (ID: 215382) - 标准、无损音质
[2026-04-13 17:33:19] 更新完成：成功更新 2 首歌曲
[2026-04-13 17:48:12] 开始更新音乐URL...
[2026-04-13 17:48:12] 备份创建成功：backups/music_data_2026-04-13_17-48-12.json
[2026-04-13 17:48:14] 更新成功：汪苏泷 - 如果爱忘了 (live) (ID: 2124385868) - 标准、无损音质
[2026-04-13 17:48:17] 更新成功：Dizzy Dizzo (蔡诗芸) - 雨过后的风景 (ID: 215382) - 标准、无损音质
[2026-04-13 17:48:17] 更新完成：成功更新 2 首歌曲
[2026-04-13 18:03:12] 开始更新音乐URL...
[2026-04-13 18:03:12] 备份创建成功：backups/music_data_2026-04-13_18-03-12.json
[2026-04-13 18:03:15] 更新成功：汪苏泷 - 如果爱忘了 (live) (ID: 2124385868) - 标准、无损音质
[2026-04-13 18:03:17] 更新成功：Dizzy Dizzo (蔡诗芸) - 雨过后的风景 (ID: 215382) - 标准、无损音质
[2026-04-13 18:03:17] 更新完成：成功更新 2 首歌曲
[2026-04-13 18:18:12] 开始更新音乐URL...
[2026-04-13 18:18:12] 备份创建成功：backups/music_data_2026-04-13_18-18-12.json
[2026-04-13 18:18:15] 更新成功：汪苏泷 - 如果爱忘了 (live) (ID: 2124385868) - 标准、无损音质
[2026-04-13 18:18:17] 更新成功：Dizzy Dizzo (蔡诗芸) - 雨过后的风景 (ID: 215382) - 标准、无损音质
[2026-04-13 18:18:18] 更新完成：成功更新 2 首歌曲
[2026-04-13 18:33:12] 开始更新音乐URL...
[2026-04-13 18:33:12] 备份创建成功：backups/music_data_2026-04-13_18-33-12.json
[2026-04-13 18:33:16] 更新成功：汪苏泷 - 如果爱忘了 (live) (ID: 2124385868) - 标准、无损音质
[2026-04-13 18:33:18] 更新成功：Dizzy Dizzo (蔡诗芸) - 雨过后的风景 (ID: 215382) - 标准、无损音质
[2026-04-13 18:33:18] 更新完成：成功更新 2 首歌曲
[2026-04-13 18:48:12] 开始更新音乐URL...
[2026-04-13 18:48:12] 备份创建成功：backups/music_data_2026-04-13_18-48-12.json
[2026-04-13 18:48:14] 更新成功：汪苏泷 - 如果爱忘了 (live) (ID: 2124385868) - 标准、无损音质
[2026-04-13 18:48:17] 更新成功：Dizzy Dizzo (蔡诗芸) - 雨过后的风景 (ID: 215382) - 标准、无损音质
[2026-04-13 18:48:17] 更新完成：成功更新 2 首歌曲
[2026-04-13 19:03:12] 开始更新音乐URL...
[2026-04-13 19:03:12] 备份创建成功：backups/music_data_2026-04-13_19-03-12.json
[2026-04-13 19:03:16] 更新成功：汪苏泷 - 如果爱忘了 (live) (ID: 2124385868) - 标准、无损音质
[2026-04-13 19:03:18] 更新成功：Dizzy Dizzo (蔡诗芸) - 雨过后的风景 (ID: 215382) - 标准、无损音质
[2026-04-13 19:03:19] 更新完成：成功更新 2 首歌曲
[2026-04-13 19:18:12] 开始更新音乐URL...
[2026-04-13 19:18:12] 备份创建成功：backups/music_data_2026-04-13_19-18-12.json
[2026-04-13 19:18:15] 更新成功：汪苏泷 - 如果爱忘了 (live) (ID: 2124385868) - 标准、无损音质
[2026-04-13 19:18:17] 更新成功：Dizzy Dizzo (蔡诗芸) - 雨过后的风景 (ID: 215382) - 标准、无损音质
[2026-04-13 19:18:18] 更新完成：成功更新 2 首歌曲
[2026-04-13 19:33:12] 开始更新音乐URL...
[2026-04-13 19:33:12] 备份创建成功：backups/music_data_2026-04-13_19-33-12.json
[2026-04-13 19:33:14] 更新成功：汪苏泷 - 如果爱忘了 (live) (ID: 2124385868) - 标准、无损音质
[2026-04-13 19:33:16] 更新成功：Dizzy Dizzo (蔡诗芸) - 雨过后的风景 (ID: 215382) - 标准、无损音质
[2026-04-13 19:33:17] 更新完成：成功更新 2 首歌曲
[2026-04-13 19:48:12] 开始更新音乐URL...
[2026-04-13 19:48:12] 备份创建成功：backups/music_data_2026-04-13_19-48-12.json
[2026-04-13 19:48:15] 更新成功：汪苏泷 - 如果爱忘了 (live) (ID: 2124385868) - 标准、无损音质
[2026-04-13 19:48:18] 更新成功：Dizzy Dizzo (蔡诗芸) - 雨过后的风景 (ID: 215382) - 标准、无损音质
[2026-04-13 19:48:18] 更新完成：成功更新 2 首歌曲
[2026-04-13 20:03:12] 开始更新音乐URL...
[2026-04-13 20:03:12] 备份创建成功：backups/music_data_2026-04-13_20-03-12.json
[2026-04-13 20:03:14] 更新成功：汪苏泷 - 如果爱忘了 (live) (ID: 2124385868) - 标准、无损音质
[2026-04-13 20:03:16] 更新成功：Dizzy Dizzo (蔡诗芸) - 雨过后的风景 (ID: 215382) - 标准、无损音质
[2026-04-13 20:03:17] 更新完成：成功更新 2 首歌曲
[2026-04-13 20:18:12] 开始更新音乐URL...
[2026-04-13 20:18:12] 备份创建成功：backups/music_data_2026-04-13_20-18-12.json
[2026-04-13 20:18:14] 更新成功：汪苏泷 - 如果爱忘了 (live) (ID: 2124385868) - 标准、无损音质
[2026-04-13 20:18:17] 更新成功：Dizzy Dizzo (蔡诗芸) - 雨过后的风景 (ID: 215382) - 标准、无损音质
[2026-04-13 20:18:18] 更新完成：成功更新 2 首歌曲
[2026-04-13 20:33:12] 开始更新音乐URL...
[2026-04-13 20:33:12] 备份创建成功：backups/music_data_2026-04-13_20-33-12.json
[2026-04-13 20:33:15] 更新成功：汪苏泷 - 如果爱忘了 (live) (ID: 2124385868) - 标准、无损音质
[2026-04-13 20:33:17] 更新成功：Dizzy Dizzo (蔡诗芸) - 雨过后的风景 (ID: 215382) - 标准、无损音质
[2026-04-13 20:33:18] 更新完成：成功更新 2 首歌曲
[2026-04-13 20:48:12] 开始更新音乐URL...
[2026-04-13 20:48:12] 备份创建成功：backups/music_data_2026-04-13_20-48-12.json
[2026-04-13 20:48:16] 更新成功：汪苏泷 - 如果爱忘了 (live) (ID: 2124385868) - 标准、无损音质
[2026-04-13 20:48:18] 更新成功：Dizzy Dizzo (蔡诗芸) - 雨过后的风景 (ID: 215382) - 标准、无损音质
[2026-04-13 20:48:18] 更新完成：成功更新 2 首歌曲
[2026-04-13 21:03:12] 开始更新音乐URL...
[2026-04-13 21:03:12] 备份创建成功：backups/music_data_2026-04-13_21-03-12.json
[2026-04-13 21:03:15] 更新成功：汪苏泷 - 如果爱忘了 (live) (ID: 2124385868) - 标准、无损音质
[2026-04-13 21:03:17] 更新成功：Dizzy Dizzo (蔡诗芸) - 雨过后的风景 (ID: 215382) - 标准、无损音质
[2026-04-13 21:03:18] 更新完成：成功更新 2 首歌曲
[2026-04-13 21:18:12] 开始更新音乐URL...
[2026-04-13 21:18:12] 备份创建成功：backups/music_data_2026-04-13_21-18-12.json
[2026-04-13 21:18:16] 更新成功：汪苏泷 - 如果爱忘了 (live) (ID: 2124385868) - 标准、无损音质
[2026-04-13 21:18:18] 更新成功：Dizzy Dizzo (蔡诗芸) - 雨过后的风景 (ID: 215382) - 标准、无损音质
[2026-04-13 21:18:18] 更新完成：成功更新 2 首歌曲
[2026-04-13 21:33:12] 开始更新音乐URL...
[2026-04-13 21:33:12] 备份创建成功：backups/music_data_2026-04-13_21-33-12.json
[2026-04-13 21:33:16] 更新成功：汪苏泷 - 如果爱忘了 (live) (ID: 2124385868) - 标准、无损音质
[2026-04-13 21:33:18] 更新成功：Dizzy Dizzo (蔡诗芸) - 雨过后的风景 (ID: 215382) - 标准、无损音质
[2026-04-13 21:33:19] 更新完成：成功更新 2 首歌曲
[2026-04-13 21:48:12] 开始更新音乐URL...
[2026-04-13 21:48:12] 备份创建成功：backups/music_data_2026-04-13_21-48-12.json
[2026-04-13 21:48:16] 更新成功：汪苏泷 - 如果爱忘了 (live) (ID: 2124385868) - 标准、无损音质
[2026-04-13 21:48:18] 更新成功：Dizzy Dizzo (蔡诗芸) - 雨过后的风景 (ID: 215382) - 标准、无损音质
[2026-04-13 21:48:19] 更新完成：成功更新 2 首歌曲
[2026-04-13 22:03:12] 开始更新音乐URL...
[2026-04-13 22:03:12] 备份创建成功：backups/music_data_2026-04-13_22-03-12.json
[2026-04-13 22:03:23] 更新成功：汪苏泷 - 如果爱忘了 (live) (ID: 2124385868) - 无损音质
[2026-04-13 22:03:26] 更新成功：Dizzy Dizzo (蔡诗芸) - 雨过后的风景 (ID: 215382) - 标准、无损音质
[2026-04-13 22:03:27] 更新完成：成功更新 2 首歌曲
[2026-04-13 22:18:12] 开始更新音乐URL...
[2026-04-13 22:18:12] 备份创建成功：backups/music_data_2026-04-13_22-18-12.json
[2026-04-13 22:18:18] 更新成功：汪苏泷 - 如果爱忘了 (live) (ID: 2124385868) - 标准、无损音质
[2026-04-13 22:18:23] 更新成功：Dizzy Dizzo (蔡诗芸) - 雨过后的风景 (ID: 215382) - 标准、无损音质
[2026-04-13 22:18:24] 更新完成：成功更新 2 首歌曲
[2026-04-13 22:33:12] 开始更新音乐URL...
[2026-04-13 22:33:12] 备份创建成功：backups/music_data_2026-04-13_22-33-12.json
[2026-04-13 22:33:18] 更新成功：汪苏泷 - 如果爱忘了 (live) (ID: 2124385868) - 标准、无损音质
[2026-04-13 22:33:24] 更新成功：Dizzy Dizzo (蔡诗芸) - 雨过后的风景 (ID: 215382) - 标准、无损音质
[2026-04-13 22:33:24] 更新完成：成功更新 2 首歌曲
[2026-04-13 22:48:12] 开始更新音乐URL...
[2026-04-13 22:48:12] 备份创建成功：backups/music_data_2026-04-13_22-48-12.json
[2026-04-13 22:48:15] 更新成功：汪苏泷 - 如果爱忘了 (live) (ID: 2124385868) - 标准、无损音质
[2026-04-13 22:48:17] 更新成功：Dizzy Dizzo (蔡诗芸) - 雨过后的风景 (ID: 215382) - 标准、无损音质
[2026-04-13 22:48:17] 更新完成：成功更新 2 首歌曲
[2026-04-13 23:03:12] 开始更新音乐URL...
[2026-04-13 23:03:12] 备份创建成功：backups/music_data_2026-04-13_23-03-12.json
[2026-04-13 23:03:14] 更新成功：汪苏泷 - 如果爱忘了 (live) (ID: 2124385868) - 标准、无损音质
[2026-04-13 23:03:17] 更新成功：Dizzy Dizzo (蔡诗芸) - 雨过后的风景 (ID: 215382) - 标准、无损音质
[2026-04-13 23:03:18] 更新完成：成功更新 2 首歌曲
[2026-04-13 23:18:12] 开始更新音乐URL...
[2026-04-13 23:18:12] 备份创建成功：backups/music_data_2026-04-13_23-18-12.json
[2026-04-13 23:18:14] 更新成功：汪苏泷 - 如果爱忘了 (live) (ID: 2124385868) - 标准、无损音质
[2026-04-13 23:18:17] 更新成功：Dizzy Dizzo (蔡诗芸) - 雨过后的风景 (ID: 215382) - 标准、无损音质
[2026-04-13 23:18:17] 更新完成：成功更新 2 首歌曲
[2026-04-13 23:33:12] 开始更新音乐URL...
[2026-04-13 23:33:12] 备份创建成功：backups/music_data_2026-04-13_23-33-12.json
[2026-04-13 23:33:14] 更新成功：汪苏泷 - 如果爱忘了 (live) (ID: 2124385868) - 标准、无损音质
[2026-04-13 23:33:17] 更新成功：Dizzy Dizzo (蔡诗芸) - 雨过后的风景 (ID: 215382) - 标准、无损音质
[2026-04-13 23:33:17] 更新完成：成功更新 2 首歌曲
[2026-04-13 23:48:12] 开始更新音乐URL...
[2026-04-13 23:48:12] 备份创建成功：backups/music_data_2026-04-13_23-48-12.json
[2026-04-13 23:48:16] 更新成功：汪苏泷 - 如果爱忘了 (live) (ID: 2124385868) - 标准、无损音质
[2026-04-13 23:48:19] 更新成功：Dizzy Dizzo (蔡诗芸) - 雨过后的风景 (ID: 215382) - 标准、无损音质
[2026-04-13 23:48:19] 更新完成：成功更新 2 首歌曲
[2026-04-14 00:03:12] 开始更新音乐URL...
[2026-04-14 00:03:12] 备份创建成功：backups/music_data_2026-04-14_00-03-12.json
[2026-04-14 00:03:14] 更新成功：汪苏泷 - 如果爱忘了 (live) (ID: 2124385868) - 标准、无损音质
[2026-04-14 00:03:17] 更新成功：Dizzy Dizzo (蔡诗芸) - 雨过后的风景 (ID: 215382) - 标准、无损音质
[2026-04-14 00:03:17] 更新完成：成功更新 2 首歌曲
[2026-04-14 00:18:12] 开始更新音乐URL...
[2026-04-14 00:18:12] 备份创建成功：backups/music_data_2026-04-14_00-18-12.json
[2026-04-14 00:18:17] 更新成功：汪苏泷 - 如果爱忘了 (live) (ID: 2124385868) - 标准、无损音质
[2026-04-14 00:18:20] 更新成功：Dizzy Dizzo (蔡诗芸) - 雨过后的风景 (ID: 215382) - 标准、无损音质
[2026-04-14 00:18:20] 更新完成：成功更新 2 首歌曲
[2026-04-14 00:33:12] 开始更新音乐URL...
[2026-04-14 00:33:12] 备份创建成功：backups/music_data_2026-04-14_00-33-12.json
[2026-04-14 00:33:16] 更新成功：汪苏泷 - 如果爱忘了 (live) (ID: 2124385868) - 标准、无损音质
[2026-04-14 00:33:21] 更新成功：Dizzy Dizzo (蔡诗芸) - 雨过后的风景 (ID: 215382) - 标准、无损音质
[2026-04-14 00:33:21] 更新完成：成功更新 2 首歌曲
[2026-04-14 00:48:12] 开始更新音乐URL...
[2026-04-14 00:48:12] 备份创建成功：backups/music_data_2026-04-14_00-48-12.json
[2026-04-14 00:48:15] 更新成功：汪苏泷 - 如果爱忘了 (live) (ID: 2124385868) - 标准、无损音质
[2026-04-14 00:48:17] 更新成功：Dizzy Dizzo (蔡诗芸) - 雨过后的风景 (ID: 215382) - 标准、无损音质
[2026-04-14 00:48:18] 更新完成：成功更新 2 首歌曲
[2026-04-14 01:03:12] 开始更新音乐URL...
[2026-04-14 01:03:12] 备份创建成功：backups/music_data_2026-04-14_01-03-12.json
[2026-04-14 01:03:15] 更新成功：汪苏泷 - 如果爱忘了 (live) (ID: 2124385868) - 标准、无损音质
[2026-04-14 01:03:17] 更新成功：Dizzy Dizzo (蔡诗芸) - 雨过后的风景 (ID: 215382) - 标准、无损音质
[2026-04-14 01:03:18] 更新完成：成功更新 2 首歌曲
[2026-04-14 01:18:12] 开始更新音乐URL...
[2026-04-14 01:18:12] 备份创建成功：backups/music_data_2026-04-14_01-18-12.json
[2026-04-14 01:18:14] 更新成功：汪苏泷 - 如果爱忘了 (live) (ID: 2124385868) - 标准、无损音质
[2026-04-14 01:18:17] 更新成功：Dizzy Dizzo (蔡诗芸) - 雨过后的风景 (ID: 215382) - 标准、无损音质
[2026-04-14 01:18:17] 更新完成：成功更新 2 首歌曲
[2026-04-14 01:33:12] 开始更新音乐URL...
[2026-04-14 01:33:12] 备份创建成功：backups/music_data_2026-04-14_01-33-12.json
[2026-04-14 01:33:15] 更新成功：汪苏泷 - 如果爱忘了 (live) (ID: 2124385868) - 标准、无损音质
[2026-04-14 01:33:17] 更新成功：Dizzy Dizzo (蔡诗芸) - 雨过后的风景 (ID: 215382) - 标准、无损音质
[2026-04-14 01:33:17] 更新完成：成功更新 2 首歌曲
[2026-04-14 01:48:12] 开始更新音乐URL...
[2026-04-14 01:48:12] 备份创建成功：backups/music_data_2026-04-14_01-48-12.json
[2026-04-14 01:48:14] 更新成功：汪苏泷 - 如果爱忘了 (live) (ID: 2124385868) - 标准、无损音质
[2026-04-14 01:48:17] 更新成功：Dizzy Dizzo (蔡诗芸) - 雨过后的风景 (ID: 215382) - 标准、无损音质
[2026-04-14 01:48:17] 更新完成：成功更新 2 首歌曲
[2026-04-14 02:03:12] 开始更新音乐URL...
[2026-04-14 02:03:12] 备份创建成功：backups/music_data_2026-04-14_02-03-12.json
[2026-04-14 02:03:16] 更新成功：汪苏泷 - 如果爱忘了 (live) (ID: 2124385868) - 标准、无损音质
[2026-04-14 02:03:19] 更新成功：Dizzy Dizzo (蔡诗芸) - 雨过后的风景 (ID: 215382) - 标准、无损音质
[2026-04-14 02:03:19] 更新完成：成功更新 2 首歌曲
[2026-04-14 02:18:12] 开始更新音乐URL...
[2026-04-14 02:18:12] 备份创建成功：backups/music_data_2026-04-14_02-18-12.json
[2026-04-14 02:18:15] 更新成功：汪苏泷 - 如果爱忘了 (live) (ID: 2124385868) - 标准、无损音质
[2026-04-14 02:18:17] 更新成功：Dizzy Dizzo (蔡诗芸) - 雨过后的风景 (ID: 215382) - 标准、无损音质
[2026-04-14 02:18:18] 更新完成：成功更新 2 首歌曲
[2026-04-14 02:33:12] 开始更新音乐URL...
[2026-04-14 02:33:12] 备份创建成功：backups/music_data_2026-04-14_02-33-12.json
[2026-04-14 02:33:15] 更新成功：汪苏泷 - 如果爱忘了 (live) (ID: 2124385868) - 标准、无损音质
[2026-04-14 02:33:18] 更新成功：Dizzy Dizzo (蔡诗芸) - 雨过后的风景 (ID: 215382) - 标准、无损音质
[2026-04-14 02:33:18] 更新完成：成功更新 2 首歌曲
[2026-04-14 02:48:12] 开始更新音乐URL...
[2026-04-14 02:48:12] 备份创建成功：backups/music_data_2026-04-14_02-48-12.json
[2026-04-14 02:48:14] 更新成功：汪苏泷 - 如果爱忘了 (live) (ID: 2124385868) - 标准、无损音质
[2026-04-14 02:48:17] 更新成功：Dizzy Dizzo (蔡诗芸) - 雨过后的风景 (ID: 215382) - 标准、无损音质
[2026-04-14 02:48:17] 更新完成：成功更新 2 首歌曲
[2026-04-14 03:03:12] 开始更新音乐URL...
[2026-04-14 03:03:12] 备份创建成功：backups/music_data_2026-04-14_03-03-12.json
[2026-04-14 03:03:15] 更新成功：汪苏泷 - 如果爱忘了 (live) (ID: 2124385868) - 标准、无损音质
[2026-04-14 03:03:17] 更新成功：Dizzy Dizzo (蔡诗芸) - 雨过后的风景 (ID: 215382) - 标准、无损音质
[2026-04-14 03:03:17] 更新完成：成功更新 2 首歌曲
[2026-04-14 03:18:12] 开始更新音乐URL...
[2026-04-14 03:18:12] 备份创建成功：backups/music_data_2026-04-14_03-18-12.json
[2026-04-14 03:18:18] 更新成功：汪苏泷 - 如果爱忘了 (live) (ID: 2124385868) - 标准、无损音质
[2026-04-14 03:18:21] 更新成功：Dizzy Dizzo (蔡诗芸) - 雨过后的风景 (ID: 215382) - 标准、无损音质
[2026-04-14 03:18:21] 更新完成：成功更新 2 首歌曲
[2026-04-14 03:33:12] 开始更新音乐URL...
[2026-04-14 03:33:12] 备份创建成功：backups/music_data_2026-04-14_03-33-12.json
[2026-04-14 03:33:14] 更新成功：汪苏泷 - 如果爱忘了 (live) (ID: 2124385868) - 标准、无损音质
[2026-04-14 03:33:16] 更新成功：Dizzy Dizzo (蔡诗芸) - 雨过后的风景 (ID: 215382) - 标准、无损音质
[2026-04-14 03:33:17] 更新完成：成功更新 2 首歌曲
[2026-04-14 03:48:12] 开始更新音乐URL...
[2026-04-14 03:48:12] 备份创建成功：backups/music_data_2026-04-14_03-48-12.json
[2026-04-14 03:48:16] 更新成功：汪苏泷 - 如果爱忘了 (live) (ID: 2124385868) - 标准、无损音质
[2026-04-14 03:48:18] 更新成功：Dizzy Dizzo (蔡诗芸) - 雨过后的风景 (ID: 215382) - 标准、无损音质
[2026-04-14 03:48:19] 更新完成：成功更新 2 首歌曲
[2026-04-14 04:03:12] 开始更新音乐URL...
[2026-04-14 04:03:12] 备份创建成功：backups/music_data_2026-04-14_04-03-12.json
[2026-04-14 04:03:15] 更新成功：汪苏泷 - 如果爱忘了 (live) (ID: 2124385868) - 标准、无损音质
[2026-04-14 04:03:17] 更新成功：Dizzy Dizzo (蔡诗芸) - 雨过后的风景 (ID: 215382) - 标准、无损音质
[2026-04-14 04:03:18] 更新完成：成功更新 2 首歌曲
[2026-04-14 04:18:12] 开始更新音乐URL...
[2026-04-14 04:18:12] 备份创建成功：backups/music_data_2026-04-14_04-18-12.json
[2026-04-14 04:18:15] 更新成功：汪苏泷 - 如果爱忘了 (live) (ID: 2124385868) - 标准、无损音质
[2026-04-14 04:18:17] 更新成功：Dizzy Dizzo (蔡诗芸) - 雨过后的风景 (ID: 215382) - 标准、无损音质
[2026-04-14 04:18:18] 更新完成：成功更新 2 首歌曲
[2026-04-14 04:33:12] 开始更新音乐URL...
[2026-04-14 04:33:12] 备份创建成功：backups/music_data_2026-04-14_04-33-12.json
[2026-04-14 04:33:14] 更新成功：汪苏泷 - 如果爱忘了 (live) (ID: 2124385868) - 标准、无损音质
[2026-04-14 04:33:17] 更新成功：Dizzy Dizzo (蔡诗芸) - 雨过后的风景 (ID: 215382) - 标准、无损音质
[2026-04-14 04:33:17] 更新完成：成功更新 2 首歌曲
[2026-04-14 04:48:12] 开始更新音乐URL...
[2026-04-14 04:48:12] 备份创建成功：backups/music_data_2026-04-14_04-48-12.json
[2026-04-14 04:48:15] 更新成功：汪苏泷 - 如果爱忘了 (live) (ID: 2124385868) - 标准、无损音质
[2026-04-14 04:48:17] 更新成功：Dizzy Dizzo (蔡诗芸) - 雨过后的风景 (ID: 215382) - 标准、无损音质
[2026-04-14 04:48:18] 更新完成：成功更新 2 首歌曲
[2026-04-14 05:03:12] 开始更新音乐URL...
[2026-04-14 05:03:12] 备份创建成功：backups/music_data_2026-04-14_05-03-12.json
[2026-04-14 05:03:14] 更新成功：汪苏泷 - 如果爱忘了 (live) (ID: 2124385868) - 标准、无损音质
[2026-04-14 05:03:17] 更新成功：Dizzy Dizzo (蔡诗芸) - 雨过后的风景 (ID: 215382) - 标准、无损音质
[2026-04-14 05:03:17] 更新完成：成功更新 2 首歌曲
[2026-04-14 05:18:12] 开始更新音乐URL...
[2026-04-14 05:18:12] 备份创建成功：backups/music_data_2026-04-14_05-18-12.json
[2026-04-14 05:18:15] 更新成功：汪苏泷 - 如果爱忘了 (live) (ID: 2124385868) - 标准、无损音质
[2026-04-14 05:18:17] 更新成功：Dizzy Dizzo (蔡诗芸) - 雨过后的风景 (ID: 215382) - 标准、无损音质
[2026-04-14 05:18:18] 更新完成：成功更新 2 首歌曲
[2026-04-14 05:33:12] 开始更新音乐URL...
[2026-04-14 05:33:12] 备份创建成功：backups/music_data_2026-04-14_05-33-12.json
[2026-04-14 05:33:15] 更新成功：汪苏泷 - 如果爱忘了 (live) (ID: 2124385868) - 标准、无损音质
[2026-04-14 05:33:17] 更新成功：Dizzy Dizzo (蔡诗芸) - 雨过后的风景 (ID: 215382) - 标准、无损音质
[2026-04-14 05:33:18] 更新完成：成功更新 2 首歌曲
[2026-04-14 05:48:12] 开始更新音乐URL...
[2026-04-14 05:48:12] 备份创建成功：backups/music_data_2026-04-14_05-48-12.json
[2026-04-14 05:48:16] 更新成功：汪苏泷 - 如果爱忘了 (live) (ID: 2124385868) - 标准、无损音质
[2026-04-14 05:48:18] 更新成功：Dizzy Dizzo (蔡诗芸) - 雨过后的风景 (ID: 215382) - 标准、无损音质
[2026-04-14 05:48:18] 更新完成：成功更新 2 首歌曲
[2026-04-14 06:03:12] 开始更新音乐URL...
[2026-04-14 06:03:12] 备份创建成功：backups/music_data_2026-04-14_06-03-12.json
[2026-04-14 06:03:15] 更新成功：汪苏泷 - 如果爱忘了 (live) (ID: 2124385868) - 标准、无损音质
[2026-04-14 06:03:17] 更新成功：Dizzy Dizzo (蔡诗芸) - 雨过后的风景 (ID: 215382) - 标准、无损音质
[2026-04-14 06:03:17] 更新完成：成功更新 2 首歌曲
[2026-04-14 06:18:12] 开始更新音乐URL...
[2026-04-14 06:18:12] 备份创建成功：backups/music_data_2026-04-14_06-18-12.json
[2026-04-14 06:18:15] 更新成功：汪苏泷 - 如果爱忘了 (live) (ID: 2124385868) - 标准、无损音质
[2026-04-14 06:18:17] 更新成功：Dizzy Dizzo (蔡诗芸) - 雨过后的风景 (ID: 215382) - 标准、无损音质
[2026-04-14 06:18:18] 更新完成：成功更新 2 首歌曲
[2026-04-14 06:33:12] 开始更新音乐URL...
[2026-04-14 06:33:12] 备份创建成功：backups/music_data_2026-04-14_06-33-12.json
[2026-04-14 06:33:15] 更新成功：汪苏泷 - 如果爱忘了 (live) (ID: 2124385868) - 标准、无损音质
[2026-04-14 06:33:17] 更新成功：Dizzy Dizzo (蔡诗芸) - 雨过后的风景 (ID: 215382) - 标准、无损音质
[2026-04-14 06:33:18] 更新完成：成功更新 2 首歌曲
[2026-04-14 06:48:12] 开始更新音乐URL...
[2026-04-14 06:48:12] 备份创建成功：backups/music_data_2026-04-14_06-48-12.json
[2026-04-14 06:48:14] 更新成功：汪苏泷 - 如果爱忘了 (live) (ID: 2124385868) - 标准、无损音质
[2026-04-14 06:48:17] 更新成功：Dizzy Dizzo (蔡诗芸) - 雨过后的风景 (ID: 215382) - 标准、无损音质
[2026-04-14 06:48:18] 更新完成：成功更新 2 首歌曲
[2026-04-14 07:03:12] 开始更新音乐URL...
[2026-04-14 07:03:12] 备份创建成功：backups/music_data_2026-04-14_07-03-12.json
[2026-04-14 07:03:14] 更新成功：汪苏泷 - 如果爱忘了 (live) (ID: 2124385868) - 标准、无损音质
[2026-04-14 07:03:17] 更新成功：Dizzy Dizzo (蔡诗芸) - 雨过后的风景 (ID: 215382) - 标准、无损音质
[2026-04-14 07:03:17] 更新完成：成功更新 2 首歌曲
[2026-04-14 07:18:12] 开始更新音乐URL...
[2026-04-14 07:18:12] 备份创建成功：backups/music_data_2026-04-14_07-18-12.json
[2026-04-14 07:18:14] 更新成功：汪苏泷 - 如果爱忘了 (live) (ID: 2124385868) - 标准、无损音质
[2026-04-14 07:18:16] 更新成功：Dizzy Dizzo (蔡诗芸) - 雨过后的风景 (ID: 215382) - 标准、无损音质
[2026-04-14 07:18:17] 更新完成：成功更新 2 首歌曲
[2026-04-14 07:33:12] 开始更新音乐URL...
[2026-04-14 07:33:12] 备份创建成功：backups/music_data_2026-04-14_07-33-12.json
[2026-04-14 07:33:14] 更新成功：汪苏泷 - 如果爱忘了 (live) (ID: 2124385868) - 标准、无损音质
[2026-04-14 07:33:16] 更新成功：Dizzy Dizzo (蔡诗芸) - 雨过后的风景 (ID: 215382) - 标准、无损音质
[2026-04-14 07:33:17] 更新完成：成功更新 2 首歌曲
[2026-04-14 07:48:12] 开始更新音乐URL...
[2026-04-14 07:48:12] 备份创建成功：backups/music_data_2026-04-14_07-48-12.json
[2026-04-14 07:48:14] 更新成功：汪苏泷 - 如果爱忘了 (live) (ID: 2124385868) - 标准、无损音质
[2026-04-14 07:48:17] 更新成功：Dizzy Dizzo (蔡诗芸) - 雨过后的风景 (ID: 215382) - 标准、无损音质
[2026-04-14 07:48:17] 更新完成：成功更新 2 首歌曲
[2026-04-14 08:03:12] 开始更新音乐URL...
[2026-04-14 08:03:12] 备份创建成功：backups/music_data_2026-04-14_08-03-12.json
[2026-04-14 08:03:15] 更新成功：汪苏泷 - 如果爱忘了 (live) (ID: 2124385868) - 标准、无损音质
[2026-04-14 08:03:17] 更新成功：Dizzy Dizzo (蔡诗芸) - 雨过后的风景 (ID: 215382) - 标准、无损音质
[2026-04-14 08:03:18] 更新完成：成功更新 2 首歌曲
[2026-04-14 08:18:12] 开始更新音乐URL...
[2026-04-14 08:18:12] 备份创建成功：backups/music_data_2026-04-14_08-18-12.json
[2026-04-14 08:18:15] 更新成功：汪苏泷 - 如果爱忘了 (live) (ID: 2124385868) - 标准、无损音质
[2026-04-14 08:18:18] 更新成功：Dizzy Dizzo (蔡诗芸) - 雨过后的风景 (ID: 215382) - 标准、无损音质
[2026-04-14 08:18:19] 更新完成：成功更新 2 首歌曲
[2026-04-14 08:33:12] 开始更新音乐URL...
[2026-04-14 08:33:12] 备份创建成功：backups/music_data_2026-04-14_08-33-12.json
[2026-04-14 08:33:16] 更新成功：汪苏泷 - 如果爱忘了 (live) (ID: 2124385868) - 标准、无损音质
[2026-04-14 08:33:18] 更新成功：Dizzy Dizzo (蔡诗芸) - 雨过后的风景 (ID: 215382) - 标准、无损音质
[2026-04-14 08:33:18] 更新完成：成功更新 2 首歌曲
[2026-04-14 08:48:12] 开始更新音乐URL...
[2026-04-14 08:48:12] 备份创建成功：backups/music_data_2026-04-14_08-48-12.json
[2026-04-14 08:48:14] 更新成功：汪苏泷 - 如果爱忘了 (live) (ID: 2124385868) - 标准、无损音质
[2026-04-14 08:48:16] 更新成功：Dizzy Dizzo (蔡诗芸) - 雨过后的风景 (ID: 215382) - 标准、无损音质
[2026-04-14 08:48:17] 更新完成：成功更新 2 首歌曲
[2026-04-14 09:03:12] 开始更新音乐URL...
[2026-04-14 09:03:12] 备份创建成功：backups/music_data_2026-04-14_09-03-12.json
[2026-04-14 09:03:15] 更新成功：汪苏泷 - 如果爱忘了 (live) (ID: 2124385868) - 标准、无损音质
[2026-04-14 09:03:17] 更新成功：Dizzy Dizzo (蔡诗芸) - 雨过后的风景 (ID: 215382) - 标准、无损音质
[2026-04-14 09:03:18] 更新完成：成功更新 2 首歌曲
[2026-04-14 09:18:12] 开始更新音乐URL...
[2026-04-14 09:18:12] 备份创建成功：backups/music_data_2026-04-14_09-18-12.json
[2026-04-14 09:18:15] 更新成功：汪苏泷 - 如果爱忘了 (live) (ID: 2124385868) - 标准、无损音质
[2026-04-14 09:18:18] 更新成功：Dizzy Dizzo (蔡诗芸) - 雨过后的风景 (ID: 215382) - 标准、无损音质
[2026-04-14 09:18:18] 更新完成：成功更新 2 首歌曲
[2026-04-14 09:33:12] 开始更新音乐URL...
[2026-04-14 09:33:12] 备份创建成功：backups/music_data_2026-04-14_09-33-12.json
[2026-04-14 09:33:14] 更新成功：汪苏泷 - 如果爱忘了 (live) (ID: 2124385868) - 标准、无损音质
[2026-04-14 09:33:16] 更新成功：Dizzy Dizzo (蔡诗芸) - 雨过后的风景 (ID: 215382) - 标准、无损音质
[2026-04-14 09:33:17] 更新完成：成功更新 2 首歌曲
[2026-04-14 09:48:12] 开始更新音乐URL...
[2026-04-14 09:48:12] 备份创建成功：backups/music_data_2026-04-14_09-48-12.json
[2026-04-14 09:48:17] 更新成功：汪苏泷 - 如果爱忘了 (live) (ID: 2124385868) - 标准、无损音质
[2026-04-14 09:48:19] 更新成功：Dizzy Dizzo (蔡诗芸) - 雨过后的风景 (ID: 215382) - 标准、无损音质
[2026-04-14 09:48:20] 更新完成：成功更新 2 首歌曲
[2026-04-14 10:03:12] 开始更新音乐URL...
[2026-04-14 10:03:12] 备份创建成功：backups/music_data_2026-04-14_10-03-12.json
[2026-04-14 10:03:14] 更新成功：汪苏泷 - 如果爱忘了 (live) (ID: 2124385868) - 标准、无损音质
[2026-04-14 10:03:17] 更新成功：Dizzy Dizzo (蔡诗芸) - 雨过后的风景 (ID: 215382) - 标准、无损音质
[2026-04-14 10:03:18] 更新完成：成功更新 2 首歌曲
[2026-04-14 10:18:12] 开始更新音乐URL...
[2026-04-14 10:18:12] 备份创建成功：backups/music_data_2026-04-14_10-18-12.json
[2026-04-14 10:18:15] 更新成功：汪苏泷 - 如果爱忘了 (live) (ID: 2124385868) - 标准、无损音质
[2026-04-14 10:18:18] 更新成功：Dizzy Dizzo (蔡诗芸) - 雨过后的风景 (ID: 215382) - 标准、无损音质
[2026-04-14 10:18:19] 更新完成：成功更新 2 首歌曲
[2026-04-14 10:33:12] 开始更新音乐URL...
[2026-04-14 10:33:12] 备份创建成功：backups/music_data_2026-04-14_10-33-12.json
[2026-04-14 10:33:16] 更新成功：汪苏泷 - 如果爱忘了 (live) (ID: 2124385868) - 标准、无损音质
[2026-04-14 10:33:19] 更新成功：Dizzy Dizzo (蔡诗芸) - 雨过后的风景 (ID: 215382) - 标准、无损音质
[2026-04-14 10:33:19] 更新完成：成功更新 2 首歌曲
[2026-04-14 10:48:12] 开始更新音乐URL...
[2026-04-14 10:48:12] 备份创建成功：backups/music_data_2026-04-14_10-48-12.json
[2026-04-14 10:48:14] 更新成功：汪苏泷 - 如果爱忘了 (live) (ID: 2124385868) - 标准、无损音质
[2026-04-14 10:48:17] 更新成功：Dizzy Dizzo (蔡诗芸) - 雨过后的风景 (ID: 215382) - 标准、无损音质
[2026-04-14 10:48:17] 更新完成：成功更新 2 首歌曲
[2026-04-14 11:03:12] 开始更新音乐URL...
[2026-04-14 11:03:12] 备份创建成功：backups/music_data_2026-04-14_11-03-12.json
[2026-04-14 11:03:15] 更新成功：汪苏泷 - 如果爱忘了 (live) (ID: 2124385868) - 标准、无损音质
[2026-04-14 11:03:17] 更新成功：Dizzy Dizzo (蔡诗芸) - 雨过后的风景 (ID: 215382) - 标准、无损音质
[2026-04-14 11:03:18] 更新完成：成功更新 2 首歌曲
[2026-04-14 11:18:12] 开始更新音乐URL...
[2026-04-14 11:18:12] 备份创建成功：backups/music_data_2026-04-14_11-18-12.json
[2026-04-14 11:18:14] 更新成功：汪苏泷 - 如果爱忘了 (live) (ID: 2124385868) - 标准、无损音质
[2026-04-14 11:18:17] 更新成功：Dizzy Dizzo (蔡诗芸) - 雨过后的风景 (ID: 215382) - 标准、无损音质
[2026-04-14 11:18:17] 更新完成：成功更新 2 首歌曲
[2026-04-14 11:33:12] 开始更新音乐URL...
[2026-04-14 11:33:12] 备份创建成功：backups/music_data_2026-04-14_11-33-12.json
[2026-04-14 11:33:16] 更新成功：汪苏泷 - 如果爱忘了 (live) (ID: 2124385868) - 标准、无损音质
[2026-04-14 11:33:19] 更新成功：Dizzy Dizzo (蔡诗芸) - 雨过后的风景 (ID: 215382) - 标准、无损音质
[2026-04-14 11:33:19] 更新完成：成功更新 2 首歌曲
[2026-04-14 11:48:12] 开始更新音乐URL...
[2026-04-14 11:48:12] 备份创建成功：backups/music_data_2026-04-14_11-48-12.json
[2026-04-14 11:48:15] 更新成功：汪苏泷 - 如果爱忘了 (live) (ID: 2124385868) - 标准、无损音质
[2026-04-14 11:48:17] 更新成功：Dizzy Dizzo (蔡诗芸) - 雨过后的风景 (ID: 215382) - 标准、无损音质
[2026-04-14 11:48:18] 更新完成：成功更新 2 首歌曲
[2026-04-14 12:03:12] 开始更新音乐URL...
[2026-04-14 12:03:12] 备份创建成功：backups/music_data_2026-04-14_12-03-12.json
[2026-04-14 12:03:16] 更新成功：汪苏泷 - 如果爱忘了 (live) (ID: 2124385868) - 标准、无损音质
[2026-04-14 12:03:18] 更新成功：Dizzy Dizzo (蔡诗芸) - 雨过后的风景 (ID: 215382) - 标准、无损音质
[2026-04-14 12:03:19] 更新完成：成功更新 2 首歌曲
[2026-04-14 12:18:12] 开始更新音乐URL...
[2026-04-14 12:18:12] 备份创建成功：backups/music_data_2026-04-14_12-18-12.json
[2026-04-14 12:18:14] 更新成功：汪苏泷 - 如果爱忘了 (live) (ID: 2124385868) - 标准、无损音质
[2026-04-14 12:18:16] 更新成功：Dizzy Dizzo (蔡诗芸) - 雨过后的风景 (ID: 215382) - 标准、无损音质
[2026-04-14 12:18:17] 更新完成：成功更新 2 首歌曲
[2026-04-14 12:33:12] 开始更新音乐URL...
[2026-04-14 12:33:12] 备份创建成功：backups/music_data_2026-04-14_12-33-12.json
[2026-04-14 12:33:15] 更新成功：汪苏泷 - 如果爱忘了 (live) (ID: 2124385868) - 标准、无损音质
[2026-04-14 12:33:17] 更新成功：Dizzy Dizzo (蔡诗芸) - 雨过后的风景 (ID: 215382) - 标准、无损音质
[2026-04-14 12:33:18] 更新完成：成功更新 2 首歌曲
[2026-04-14 12:48:12] 开始更新音乐URL...
[2026-04-14 12:48:12] 备份创建成功：backups/music_data_2026-04-14_12-48-12.json
[2026-04-14 12:48:14] 更新成功：汪苏泷 - 如果爱忘了 (live) (ID: 2124385868) - 标准、无损音质
[2026-04-14 12:48:17] 更新成功：Dizzy Dizzo (蔡诗芸) - 雨过后的风景 (ID: 215382) - 标准、无损音质
[2026-04-14 12:48:17] 更新完成：成功更新 2 首歌曲
[2026-04-14 13:03:12] 开始更新音乐URL...
[2026-04-14 13:03:12] 备份创建成功：backups/music_data_2026-04-14_13-03-12.json
[2026-04-14 13:03:16] 更新成功：汪苏泷 - 如果爱忘了 (live) (ID: 2124385868) - 标准、无损音质
[2026-04-14 13:03:19] 更新成功：Dizzy Dizzo (蔡诗芸) - 雨过后的风景 (ID: 215382) - 标准、无损音质
[2026-04-14 13:03:20] 更新完成：成功更新 2 首歌曲
[2026-04-14 13:18:12] 开始更新音乐URL...
[2026-04-14 13:18:12] 备份创建成功：backups/music_data_2026-04-14_13-18-12.json
[2026-04-14 13:18:15] 更新成功：汪苏泷 - 如果爱忘了 (live) (ID: 2124385868) - 标准、无损音质
[2026-04-14 13:18:18] 更新成功：Dizzy Dizzo (蔡诗芸) - 雨过后的风景 (ID: 215382) - 标准、无损音质
[2026-04-14 13:18:18] 更新完成：成功更新 2 首歌曲
[2026-04-14 13:33:12] 开始更新音乐URL...
[2026-04-14 13:33:12] 备份创建成功：backups/music_data_2026-04-14_13-33-12.json
[2026-04-14 13:33:16] 更新成功：汪苏泷 - 如果爱忘了 (live) (ID: 2124385868) - 标准、无损音质
[2026-04-14 13:33:19] 更新成功：Dizzy Dizzo (蔡诗芸) - 雨过后的风景 (ID: 215382) - 标准、无损音质
[2026-04-14 13:33:19] 更新完成：成功更新 2 首歌曲
[2026-04-14 13:48:12] 开始更新音乐URL...
[2026-04-14 13:48:12] 备份创建成功：backups/music_data_2026-04-14_13-48-12.json
[2026-04-14 13:48:15] 更新成功：汪苏泷 - 如果爱忘了 (live) (ID: 2124385868) - 标准、无损音质
[2026-04-14 13:48:17] 更新成功：Dizzy Dizzo (蔡诗芸) - 雨过后的风景 (ID: 215382) - 标准、无损音质
[2026-04-14 13:48:18] 更新完成：成功更新 2 首歌曲
[2026-04-14 14:03:12] 开始更新音乐URL...
[2026-04-14 14:03:12] 备份创建成功：backups/music_data_2026-04-14_14-03-12.json
[2026-04-14 14:03:15] 更新成功：汪苏泷 - 如果爱忘了 (live) (ID: 2124385868) - 标准、无损音质
[2026-04-14 14:03:17] 更新成功：Dizzy Dizzo (蔡诗芸) - 雨过后的风景 (ID: 215382) - 标准、无损音质
[2026-04-14 14:03:18] 更新完成：成功更新 2 首歌曲
[2026-04-14 14:18:12] 开始更新音乐URL...
[2026-04-14 14:18:12] 备份创建成功：backups/music_data_2026-04-14_14-18-12.json
[2026-04-14 14:18:15] 更新成功：汪苏泷 - 如果爱忘了 (live) (ID: 2124385868) - 标准、无损音质
[2026-04-14 14:18:18] 更新成功：Dizzy Dizzo (蔡诗芸) - 雨过后的风景 (ID: 215382) - 标准、无损音质
[2026-04-14 14:18:18] 更新完成：成功更新 2 首歌曲
[2026-04-14 14:33:12] 开始更新音乐URL...
[2026-04-14 14:33:12] 备份创建成功：backups/music_data_2026-04-14_14-33-12.json
[2026-04-14 14:33:15] 更新成功：汪苏泷 - 如果爱忘了 (live) (ID: 2124385868) - 标准、无损音质
[2026-04-14 14:33:17] 更新成功：Dizzy Dizzo (蔡诗芸) - 雨过后的风景 (ID: 215382) - 标准、无损音质
[2026-04-14 14:33:17] 更新完成：成功更新 2 首歌曲
[2026-04-14 14:48:12] 开始更新音乐URL...
[2026-04-14 14:48:12] 备份创建成功：backups/music_data_2026-04-14_14-48-12.json
[2026-04-14 14:48:15] 更新成功：汪苏泷 - 如果爱忘了 (live) (ID: 2124385868) - 标准、无损音质
[2026-04-14 14:48:17] 更新成功：Dizzy Dizzo (蔡诗芸) - 雨过后的风景 (ID: 215382) - 标准、无损音质
[2026-04-14 14:48:18] 更新完成：成功更新 2 首歌曲
[2026-04-14 15:03:12] 开始更新音乐URL...
[2026-04-14 15:03:12] 备份创建成功：backups/music_data_2026-04-14_15-03-12.json
[2026-04-14 15:03:15] 更新成功：汪苏泷 - 如果爱忘了 (live) (ID: 2124385868) - 标准、无损音质
[2026-04-14 15:03:17] 更新成功：Dizzy Dizzo (蔡诗芸) - 雨过后的风景 (ID: 215382) - 标准、无损音质
[2026-04-14 15:03:17] 更新完成：成功更新 2 首歌曲
[2026-04-14 15:18:12] 开始更新音乐URL...
[2026-04-14 15:18:12] 备份创建成功：backups/music_data_2026-04-14_15-18-12.json
[2026-04-14 15:18:15] 更新成功：汪苏泷 - 如果爱忘了 (live) (ID: 2124385868) - 标准、无损音质
[2026-04-14 15:18:17] 更新成功：Dizzy Dizzo (蔡诗芸) - 雨过后的风景 (ID: 215382) - 标准、无损音质
[2026-04-14 15:18:18] 更新完成：成功更新 2 首歌曲
[2026-04-14 15:33:13] 开始更新音乐URL...
[2026-04-14 15:33:13] 备份创建成功：backups/music_data_2026-04-14_15-33-13.json
[2026-04-14 15:33:16] 更新成功：汪苏泷 - 如果爱忘了 (live) (ID: 2124385868) - 标准、无损音质
[2026-04-14 15:33:18] 更新成功：Dizzy Dizzo (蔡诗芸) - 雨过后的风景 (ID: 215382) - 标准、无损音质
[2026-04-14 15:33:19] 更新完成：成功更新 2 首歌曲
[2026-04-14 15:48:12] 开始更新音乐URL...
[2026-04-14 15:48:12] 备份创建成功：backups/music_data_2026-04-14_15-48-12.json
[2026-04-14 15:48:14] 更新成功：汪苏泷 - 如果爱忘了 (live) (ID: 2124385868) - 标准、无损音质
[2026-04-14 15:48:17] 更新成功：Dizzy Dizzo (蔡诗芸) - 雨过后的风景 (ID: 215382) - 标准、无损音质
[2026-04-14 15:48:17] 更新完成：成功更新 2 首歌曲
[2026-04-14 16:03:12] 开始更新音乐URL...
[2026-04-14 16:03:12] 备份创建成功：backups/music_data_2026-04-14_16-03-12.json
[2026-04-14 16:03:14] 更新成功：汪苏泷 - 如果爱忘了 (live) (ID: 2124385868) - 标准、无损音质
[2026-04-14 16:03:17] 更新成功：Dizzy Dizzo (蔡诗芸) - 雨过后的风景 (ID: 215382) - 标准、无损音质
[2026-04-14 16:03:17] 更新完成：成功更新 2 首歌曲
[2026-04-14 16:18:12] 开始更新音乐URL...
[2026-04-14 16:18:12] 备份创建成功：backups/music_data_2026-04-14_16-18-12.json
[2026-04-14 16:18:14] 更新成功：汪苏泷 - 如果爱忘了 (live) (ID: 2124385868) - 标准、无损音质
[2026-04-14 16:18:17] 更新成功：Dizzy Dizzo (蔡诗芸) - 雨过后的风景 (ID: 215382) - 标准、无损音质
[2026-04-14 16:18:17] 更新完成：成功更新 2 首歌曲
[2026-04-14 16:33:12] 开始更新音乐URL...
[2026-04-14 16:33:12] 备份创建成功：backups/music_data_2026-04-14_16-33-12.json
[2026-04-14 16:33:14] 更新成功：汪苏泷 - 如果爱忘了 (live) (ID: 2124385868) - 标准、无损音质
[2026-04-14 16:33:23] 更新成功：Dizzy Dizzo (蔡诗芸) - 雨过后的风景 (ID: 215382) - 无损音质
[2026-04-14 16:33:23] 更新完成：成功更新 2 首歌曲
[2026-04-14 16:48:12] 开始更新音乐URL...
[2026-04-14 16:48:12] 备份创建成功：backups/music_data_2026-04-14_16-48-12.json
[2026-04-14 16:48:15] 更新成功：汪苏泷 - 如果爱忘了 (live) (ID: 2124385868) - 标准、无损音质
[2026-04-14 16:48:17] 更新成功：Dizzy Dizzo (蔡诗芸) - 雨过后的风景 (ID: 215382) - 标准、无损音质
[2026-04-14 16:48:18] 更新完成：成功更新 2 首歌曲
[2026-04-14 17:03:12] 开始更新音乐URL...
[2026-04-14 17:03:12] 备份创建成功：backups/music_data_2026-04-14_17-03-12.json
[2026-04-14 17:03:15] 更新成功：汪苏泷 - 如果爱忘了 (live) (ID: 2124385868) - 标准、无损音质
[2026-04-14 17:03:18] 更新成功：Dizzy Dizzo (蔡诗芸) - 雨过后的风景 (ID: 215382) - 标准、无损音质
[2026-04-14 17:03:18] 更新完成：成功更新 2 首歌曲
[2026-04-14 17:18:12] 开始更新音乐URL...
[2026-04-14 17:18:12] 备份创建成功：backups/music_data_2026-04-14_17-18-12.json
[2026-04-14 17:18:14] 更新成功：汪苏泷 - 如果爱忘了 (live) (ID: 2124385868) - 标准、无损音质
[2026-04-14 17:18:17] 更新成功：Dizzy Dizzo (蔡诗芸) - 雨过后的风景 (ID: 215382) - 标准、无损音质
[2026-04-14 17:18:17] 更新完成：成功更新 2 首歌曲
[2026-04-14 17:33:12] 开始更新音乐URL...
[2026-04-14 17:33:12] 备份创建成功：backups/music_data_2026-04-14_17-33-12.json
[2026-04-14 17:33:14] 更新成功：汪苏泷 - 如果爱忘了 (live) (ID: 2124385868) - 标准、无损音质
[2026-04-14 17:33:17] 更新成功：Dizzy Dizzo (蔡诗芸) - 雨过后的风景 (ID: 215382) - 标准、无损音质
[2026-04-14 17:33:17] 更新完成：成功更新 2 首歌曲
[2026-04-14 17:48:12] 开始更新音乐URL...
[2026-04-14 17:48:12] 备份创建成功：backups/music_data_2026-04-14_17-48-12.json
[2026-04-14 17:48:14] 更新成功：汪苏泷 - 如果爱忘了 (live) (ID: 2124385868) - 标准、无损音质
[2026-04-14 17:48:17] 更新成功：Dizzy Dizzo (蔡诗芸) - 雨过后的风景 (ID: 215382) - 标准、无损音质
[2026-04-14 17:48:18] 更新完成：成功更新 2 首歌曲
[2026-04-14 18:03:12] 开始更新音乐URL...
[2026-04-14 18:03:12] 备份创建成功：backups/music_data_2026-04-14_18-03-12.json
[2026-04-14 18:03:14] 更新成功：汪苏泷 - 如果爱忘了 (live) (ID: 2124385868) - 标准、无损音质
[2026-04-14 18:03:17] 更新成功：Dizzy Dizzo (蔡诗芸) - 雨过后的风景 (ID: 215382) - 标准、无损音质
[2026-04-14 18:03:17] 更新完成：成功更新 2 首歌曲
[2026-04-14 18:18:12] 开始更新音乐URL...
[2026-04-14 18:18:12] 备份创建成功：backups/music_data_2026-04-14_18-18-12.json
[2026-04-14 18:18:15] 更新成功：汪苏泷 - 如果爱忘了 (live) (ID: 2124385868) - 标准、无损音质
[2026-04-14 18:18:17] 更新成功：Dizzy Dizzo (蔡诗芸) - 雨过后的风景 (ID: 215382) - 标准、无损音质
[2026-04-14 18:18:18] 更新完成：成功更新 2 首歌曲
[2026-04-14 18:33:12] 开始更新音乐URL...
[2026-04-14 18:33:12] 备份创建成功：backups/music_data_2026-04-14_18-33-12.json
[2026-04-14 18:33:16] 更新成功：汪苏泷 - 如果爱忘了 (live) (ID: 2124385868) - 标准、无损音质
[2026-04-14 18:33:19] 更新成功：Dizzy Dizzo (蔡诗芸) - 雨过后的风景 (ID: 215382) - 标准、无损音质
[2026-04-14 18:33:20] 更新完成：成功更新 2 首歌曲
[2026-04-14 18:48:12] 开始更新音乐URL...
[2026-04-14 18:48:12] 备份创建成功：backups/music_data_2026-04-14_18-48-12.json
[2026-04-14 18:48:18] 更新成功：汪苏泷 - 如果爱忘了 (live) (ID: 2124385868) - 标准、无损音质
[2026-04-14 18:48:21] 更新成功：Dizzy Dizzo (蔡诗芸) - 雨过后的风景 (ID: 215382) - 标准、无损音质
[2026-04-14 18:48:22] 更新完成：成功更新 2 首歌曲
[2026-04-14 19:03:12] 开始更新音乐URL...
[2026-04-14 19:03:12] 备份创建成功：backups/music_data_2026-04-14_19-03-12.json
[2026-04-14 19:03:14] 更新成功：汪苏泷 - 如果爱忘了 (live) (ID: 2124385868) - 标准、无损音质
[2026-04-14 19:03:17] 更新成功：Dizzy Dizzo (蔡诗芸) - 雨过后的风景 (ID: 215382) - 标准、无损音质
[2026-04-14 19:03:18] 更新完成：成功更新 2 首歌曲
[2026-04-14 19:18:12] 开始更新音乐URL...
[2026-04-14 19:18:12] 备份创建成功：backups/music_data_2026-04-14_19-18-12.json
[2026-04-14 19:18:16] 更新成功：汪苏泷 - 如果爱忘了 (live) (ID: 2124385868) - 标准、无损音质
[2026-04-14 19:18:18] 更新成功：Dizzy Dizzo (蔡诗芸) - 雨过后的风景 (ID: 215382) - 标准、无损音质
[2026-04-14 19:18:19] 更新完成：成功更新 2 首歌曲
[2026-04-14 19:33:12] 开始更新音乐URL...
[2026-04-14 19:33:12] 备份创建成功：backups/music_data_2026-04-14_19-33-12.json
[2026-04-14 19:33:15] 更新成功：汪苏泷 - 如果爱忘了 (live) (ID: 2124385868) - 标准、无损音质
[2026-04-14 19:33:18] 更新成功：Dizzy Dizzo (蔡诗芸) - 雨过后的风景 (ID: 215382) - 标准、无损音质
[2026-04-14 19:33:18] 更新完成：成功更新 2 首歌曲
[2026-04-14 19:48:12] 开始更新音乐URL...
[2026-04-14 19:48:12] 备份创建成功：backups/music_data_2026-04-14_19-48-12.json
[2026-04-14 19:48:15] 更新成功：汪苏泷 - 如果爱忘了 (live) (ID: 2124385868) - 标准、无损音质
[2026-04-14 19:48:17] 更新成功：Dizzy Dizzo (蔡诗芸) - 雨过后的风景 (ID: 215382) - 标准、无损音质
[2026-04-14 19:48:17] 更新完成：成功更新 2 首歌曲
[2026-04-14 20:03:12] 开始更新音乐URL...
[2026-04-14 20:03:12] 备份创建成功：backups/music_data_2026-04-14_20-03-12.json
[2026-04-14 20:03:15] 更新成功：汪苏泷 - 如果爱忘了 (live) (ID: 2124385868) - 标准、无损音质
[2026-04-14 20:03:17] 更新成功：Dizzy Dizzo (蔡诗芸) - 雨过后的风景 (ID: 215382) - 标准、无损音质
[2026-04-14 20:03:18] 更新完成：成功更新 2 首歌曲
[2026-04-14 20:18:12] 开始更新音乐URL...
[2026-04-14 20:18:12] 备份创建成功：backups/music_data_2026-04-14_20-18-12.json
[2026-04-14 20:18:20] 更新成功：汪苏泷 - 如果爱忘了 (live) (ID: 2124385868) - 标准、无损音质
[2026-04-14 20:18:24] 更新成功：Dizzy Dizzo (蔡诗芸) - 雨过后的风景 (ID: 215382) - 标准、无损音质
[2026-04-14 20:18:24] 更新完成：成功更新 2 首歌曲
[2026-04-14 20:33:12] 开始更新音乐URL...
[2026-04-14 20:33:12] 备份创建成功：backups/music_data_2026-04-14_20-33-12.json
[2026-04-14 20:33:14] 更新成功：汪苏泷 - 如果爱忘了 (live) (ID: 2124385868) - 标准、无损音质
[2026-04-14 20:33:17] 更新成功：Dizzy Dizzo (蔡诗芸) - 雨过后的风景 (ID: 215382) - 标准、无损音质
[2026-04-14 20:33:17] 更新完成：成功更新 2 首歌曲
[2026-04-14 20:48:12] 开始更新音乐URL...
[2026-04-14 20:48:12] 备份创建成功：backups/music_data_2026-04-14_20-48-12.json
[2026-04-14 20:48:15] 更新成功：汪苏泷 - 如果爱忘了 (live) (ID: 2124385868) - 标准、无损音质
[2026-04-14 20:48:18] 更新成功：Dizzy Dizzo (蔡诗芸) - 雨过后的风景 (ID: 215382) - 标准、无损音质
[2026-04-14 20:48:18] 更新完成：成功更新 2 首歌曲
[2026-04-14 21:03:12] 开始更新音乐URL...
[2026-04-14 21:03:12] 备份创建成功：backups/music_data_2026-04-14_21-03-12.json
[2026-04-14 21:03:15] 更新成功：汪苏泷 - 如果爱忘了 (live) (ID: 2124385868) - 标准、无损音质
[2026-04-14 21:03:17] 更新成功：Dizzy Dizzo (蔡诗芸) - 雨过后的风景 (ID: 215382) - 标准、无损音质
[2026-04-14 21:03:17] 更新完成：成功更新 2 首歌曲
[2026-04-14 21:18:12] 开始更新音乐URL...
[2026-04-14 21:18:12] 备份创建成功：backups/music_data_2026-04-14_21-18-12.json
[2026-04-14 21:18:16] 更新成功：汪苏泷 - 如果爱忘了 (live) (ID: 2124385868) - 标准、无损音质
[2026-04-14 21:18:20] 更新成功：Dizzy Dizzo (蔡诗芸) - 雨过后的风景 (ID: 215382) - 标准、无损音质
[2026-04-14 21:18:21] 更新完成：成功更新 2 首歌曲
[2026-04-14 21:33:12] 开始更新音乐URL...
[2026-04-14 21:33:12] 备份创建成功：backups/music_data_2026-04-14_21-33-12.json
[2026-04-14 21:33:17] 更新成功：汪苏泷 - 如果爱忘了 (live) (ID: 2124385868) - 标准、无损音质
[2026-04-14 21:33:20] 更新成功：Dizzy Dizzo (蔡诗芸) - 雨过后的风景 (ID: 215382) - 标准、无损音质
[2026-04-14 21:33:20] 更新完成：成功更新 2 首歌曲
[2026-04-14 21:48:12] 开始更新音乐URL...
[2026-04-14 21:48:12] 备份创建成功：backups/music_data_2026-04-14_21-48-12.json
[2026-04-14 21:48:15] 更新成功：汪苏泷 - 如果爱忘了 (live) (ID: 2124385868) - 标准、无损音质
[2026-04-14 21:48:18] 更新成功：Dizzy Dizzo (蔡诗芸) - 雨过后的风景 (ID: 215382) - 标准、无损音质
[2026-04-14 21:48:18] 更新完成：成功更新 2 首歌曲
[2026-04-14 22:03:12] 开始更新音乐URL...
[2026-04-14 22:03:12] 备份创建成功：backups/music_data_2026-04-14_22-03-12.json
[2026-04-14 22:03:18] 更新成功：汪苏泷 - 如果爱忘了 (live) (ID: 2124385868) - 标准、无损音质
[2026-04-14 22:03:21] 更新成功：Dizzy Dizzo (蔡诗芸) - 雨过后的风景 (ID: 215382) - 标准、无损音质
[2026-04-14 22:03:21] 更新完成：成功更新 2 首歌曲
[2026-04-14 22:18:12] 开始更新音乐URL...
[2026-04-14 22:18:12] 备份创建成功：backups/music_data_2026-04-14_22-18-12.json
[2026-04-14 22:18:14] 更新成功：汪苏泷 - 如果爱忘了 (live) (ID: 2124385868) - 标准、无损音质
[2026-04-14 22:18:17] 更新成功：Dizzy Dizzo (蔡诗芸) - 雨过后的风景 (ID: 215382) - 标准、无损音质
[2026-04-14 22:18:17] 更新完成：成功更新 2 首歌曲
[2026-04-14 22:33:12] 开始更新音乐URL...
[2026-04-14 22:33:12] 备份创建成功：backups/music_data_2026-04-14_22-33-12.json
[2026-04-14 22:33:15] 更新成功：汪苏泷 - 如果爱忘了 (live) (ID: 2124385868) - 标准、无损音质
[2026-04-14 22:33:17] 更新成功：Dizzy Dizzo (蔡诗芸) - 雨过后的风景 (ID: 215382) - 标准、无损音质
[2026-04-14 22:33:17] 更新完成：成功更新 2 首歌曲
[2026-04-14 22:48:12] 开始更新音乐URL...
[2026-04-14 22:48:12] 备份创建成功：backups/music_data_2026-04-14_22-48-12.json
[2026-04-14 22:48:17] 更新成功：汪苏泷 - 如果爱忘了 (live) (ID: 2124385868) - 标准、无损音质
[2026-04-14 22:48:19] 更新成功：Dizzy Dizzo (蔡诗芸) - 雨过后的风景 (ID: 215382) - 标准、无损音质
[2026-04-14 22:48:20] 更新完成：成功更新 2 首歌曲
[2026-04-14 23:03:12] 开始更新音乐URL...
[2026-04-14 23:03:12] 备份创建成功：backups/music_data_2026-04-14_23-03-12.json
[2026-04-14 23:03:17] 更新成功：汪苏泷 - 如果爱忘了 (live) (ID: 2124385868) - 标准、无损音质
[2026-04-14 23:03:19] 更新成功：Dizzy Dizzo (蔡诗芸) - 雨过后的风景 (ID: 215382) - 标准、无损音质
[2026-04-14 23:03:19] 更新完成：成功更新 2 首歌曲
[2026-04-14 23:18:12] 开始更新音乐URL...
[2026-04-14 23:18:12] 备份创建成功：backups/music_data_2026-04-14_23-18-12.json
[2026-04-14 23:18:16] 更新成功：汪苏泷 - 如果爱忘了 (live) (ID: 2124385868) - 标准、无损音质
[2026-04-14 23:18:19] 更新成功：Dizzy Dizzo (蔡诗芸) - 雨过后的风景 (ID: 215382) - 标准、无损音质
[2026-04-14 23:18:19] 更新完成：成功更新 2 首歌曲
[2026-04-14 23:33:12] 开始更新音乐URL...
[2026-04-14 23:33:12] 备份创建成功：backups/music_data_2026-04-14_23-33-12.json
[2026-04-14 23:33:15] 更新成功：汪苏泷 - 如果爱忘了 (live) (ID: 2124385868) - 标准、无损音质
[2026-04-14 23:33:18] 更新成功：Dizzy Dizzo (蔡诗芸) - 雨过后的风景 (ID: 215382) - 标准、无损音质
[2026-04-14 23:33:18] 更新完成：成功更新 2 首歌曲
[2026-04-14 23:48:12] 开始更新音乐URL...
[2026-04-14 23:48:12] 备份创建成功：backups/music_data_2026-04-14_23-48-12.json
[2026-04-14 23:48:15] 更新成功：汪苏泷 - 如果爱忘了 (live) (ID: 2124385868) - 标准、无损音质
[2026-04-14 23:48:18] 更新成功：Dizzy Dizzo (蔡诗芸) - 雨过后的风景 (ID: 215382) - 标准、无损音质
[2026-04-14 23:48:19] 更新完成：成功更新 2 首歌曲
[2026-04-15 00:03:12] 开始更新音乐URL...
[2026-04-15 00:03:12] 备份创建成功：backups/music_data_2026-04-15_00-03-12.json
[2026-04-15 00:03:14] 更新成功：汪苏泷 - 如果爱忘了 (live) (ID: 2124385868) - 标准、无损音质
[2026-04-15 00:03:17] 更新成功：Dizzy Dizzo (蔡诗芸) - 雨过后的风景 (ID: 215382) - 标准、无损音质
[2026-04-15 00:03:18] 更新完成：成功更新 2 首歌曲
[2026-04-15 00:18:12] 开始更新音乐URL...
[2026-04-15 00:18:12] 备份创建成功：backups/music_data_2026-04-15_00-18-12.json
[2026-04-15 00:18:15] 更新成功：汪苏泷 - 如果爱忘了 (live) (ID: 2124385868) - 标准、无损音质
[2026-04-15 00:18:17] 更新成功：Dizzy Dizzo (蔡诗芸) - 雨过后的风景 (ID: 215382) - 标准、无损音质
[2026-04-15 00:18:18] 更新完成：成功更新 2 首歌曲
[2026-04-15 00:33:12] 开始更新音乐URL...
[2026-04-15 00:33:12] 备份创建成功：backups/music_data_2026-04-15_00-33-12.json
[2026-04-15 00:33:18] 更新成功：汪苏泷 - 如果爱忘了 (live) (ID: 2124385868) - 无损音质
[2026-04-15 00:33:21] 更新成功：Dizzy Dizzo (蔡诗芸) - 雨过后的风景 (ID: 215382) - 标准、无损音质
[2026-04-15 00:33:21] 更新完成：成功更新 2 首歌曲
[2026-04-15 00:48:12] 开始更新音乐URL...
[2026-04-15 00:48:12] 备份创建成功：backups/music_data_2026-04-15_00-48-12.json
[2026-04-15 00:48:14] 更新成功：汪苏泷 - 如果爱忘了 (live) (ID: 2124385868) - 标准、无损音质
[2026-04-15 00:48:17] 更新成功：Dizzy Dizzo (蔡诗芸) - 雨过后的风景 (ID: 215382) - 标准、无损音质
[2026-04-15 00:48:17] 更新完成：成功更新 2 首歌曲
[2026-04-15 01:03:12] 开始更新音乐URL...
[2026-04-15 01:03:12] 备份创建成功：backups/music_data_2026-04-15_01-03-12.json
[2026-04-15 01:03:15] 更新成功：汪苏泷 - 如果爱忘了 (live) (ID: 2124385868) - 标准、无损音质
[2026-04-15 01:03:17] 更新成功：Dizzy Dizzo (蔡诗芸) - 雨过后的风景 (ID: 215382) - 标准、无损音质
[2026-04-15 01:03:18] 更新完成：成功更新 2 首歌曲
[2026-04-15 01:18:12] 开始更新音乐URL...
[2026-04-15 01:18:12] 备份创建成功：backups/music_data_2026-04-15_01-18-12.json
[2026-04-15 01:18:15] 更新成功：汪苏泷 - 如果爱忘了 (live) (ID: 2124385868) - 标准、无损音质
[2026-04-15 01:18:17] 更新成功：Dizzy Dizzo (蔡诗芸) - 雨过后的风景 (ID: 215382) - 标准、无损音质
[2026-04-15 01:18:18] 更新完成：成功更新 2 首歌曲
[2026-04-15 01:33:12] 开始更新音乐URL...
[2026-04-15 01:33:12] 备份创建成功：backups/music_data_2026-04-15_01-33-12.json
[2026-04-15 01:33:15] 更新成功：汪苏泷 - 如果爱忘了 (live) (ID: 2124385868) - 标准、无损音质
[2026-04-15 01:33:17] 更新成功：Dizzy Dizzo (蔡诗芸) - 雨过后的风景 (ID: 215382) - 标准、无损音质
[2026-04-15 01:33:17] 更新完成：成功更新 2 首歌曲
[2026-04-15 01:48:12] 开始更新音乐URL...
[2026-04-15 01:48:12] 备份创建成功：backups/music_data_2026-04-15_01-48-12.json
[2026-04-15 01:48:14] 更新成功：汪苏泷 - 如果爱忘了 (live) (ID: 2124385868) - 标准、无损音质
[2026-04-15 01:48:16] 更新成功：Dizzy Dizzo (蔡诗芸) - 雨过后的风景 (ID: 215382) - 标准、无损音质
[2026-04-15 01:48:17] 更新完成：成功更新 2 首歌曲
[2026-04-15 02:03:12] 开始更新音乐URL...
[2026-04-15 02:03:12] 备份创建成功：backups/music_data_2026-04-15_02-03-12.json
[2026-04-15 02:03:19] 更新成功：汪苏泷 - 如果爱忘了 (live) (ID: 2124385868) - 无损音质
[2026-04-15 02:03:21] 更新成功：Dizzy Dizzo (蔡诗芸) - 雨过后的风景 (ID: 215382) - 标准、无损音质
[2026-04-15 02:03:22] 更新完成：成功更新 2 首歌曲
[2026-04-15 02:18:12] 开始更新音乐URL...
[2026-04-15 02:18:12] 备份创建成功：backups/music_data_2026-04-15_02-18-12.json
[2026-04-15 02:18:14] 更新成功：汪苏泷 - 如果爱忘了 (live) (ID: 2124385868) - 标准、无损音质
[2026-04-15 02:18:17] 更新成功：Dizzy Dizzo (蔡诗芸) - 雨过后的风景 (ID: 215382) - 标准、无损音质
[2026-04-15 02:18:17] 更新完成：成功更新 2 首歌曲
[2026-04-15 02:33:12] 开始更新音乐URL...
[2026-04-15 02:33:12] 备份创建成功：backups/music_data_2026-04-15_02-33-12.json
[2026-04-15 02:33:14] 更新成功：汪苏泷 - 如果爱忘了 (live) (ID: 2124385868) - 标准、无损音质
[2026-04-15 02:33:16] 更新成功：Dizzy Dizzo (蔡诗芸) - 雨过后的风景 (ID: 215382) - 标准、无损音质
[2026-04-15 02:33:17] 更新完成：成功更新 2 首歌曲
[2026-04-15 02:48:12] 开始更新音乐URL...
[2026-04-15 02:48:12] 备份创建成功：backups/music_data_2026-04-15_02-48-12.json
[2026-04-15 02:48:14] 更新成功：汪苏泷 - 如果爱忘了 (live) (ID: 2124385868) - 标准、无损音质
[2026-04-15 02:48:17] 更新成功：Dizzy Dizzo (蔡诗芸) - 雨过后的风景 (ID: 215382) - 标准、无损音质
[2026-04-15 02:48:17] 更新完成：成功更新 2 首歌曲
[2026-04-15 03:03:12] 开始更新音乐URL...
[2026-04-15 03:03:12] 备份创建成功：backups/music_data_2026-04-15_03-03-12.json
[2026-04-15 03:03:14] 更新成功：汪苏泷 - 如果爱忘了 (live) (ID: 2124385868) - 标准、无损音质
[2026-04-15 03:03:16] 更新成功：Dizzy Dizzo (蔡诗芸) - 雨过后的风景 (ID: 215382) - 标准、无损音质
[2026-04-15 03:03:17] 更新完成：成功更新 2 首歌曲
[2026-04-15 03:18:12] 开始更新音乐URL...
[2026-04-15 03:18:12] 备份创建成功：backups/music_data_2026-04-15_03-18-12.json
[2026-04-15 03:18:14] 更新成功：汪苏泷 - 如果爱忘了 (live) (ID: 2124385868) - 标准、无损音质
[2026-04-15 03:18:17] 更新成功：Dizzy Dizzo (蔡诗芸) - 雨过后的风景 (ID: 215382) - 标准、无损音质
[2026-04-15 03:18:17] 更新完成：成功更新 2 首歌曲
[2026-04-15 03:33:12] 开始更新音乐URL...
[2026-04-15 03:33:12] 备份创建成功：backups/music_data_2026-04-15_03-33-12.json
[2026-04-15 03:33:14] 更新成功：汪苏泷 - 如果爱忘了 (live) (ID: 2124385868) - 标准、无损音质
[2026-04-15 03:33:17] 更新成功：Dizzy Dizzo (蔡诗芸) - 雨过后的风景 (ID: 215382) - 标准、无损音质
[2026-04-15 03:33:17] 更新完成：成功更新 2 首歌曲
[2026-04-15 03:48:12] 开始更新音乐URL...
[2026-04-15 03:48:12] 备份创建成功：backups/music_data_2026-04-15_03-48-12.json
[2026-04-15 03:48:15] 更新成功：汪苏泷 - 如果爱忘了 (live) (ID: 2124385868) - 标准、无损音质
[2026-04-15 03:48:18] 更新成功：Dizzy Dizzo (蔡诗芸) - 雨过后的风景 (ID: 215382) - 标准、无损音质
[2026-04-15 03:48:19] 更新完成：成功更新 2 首歌曲
[2026-04-15 04:03:12] 开始更新音乐URL...
[2026-04-15 04:03:12] 备份创建成功：backups/music_data_2026-04-15_04-03-12.json
[2026-04-15 04:03:14] 更新成功：汪苏泷 - 如果爱忘了 (live) (ID: 2124385868) - 标准、无损音质
[2026-04-15 04:03:16] 更新成功：Dizzy Dizzo (蔡诗芸) - 雨过后的风景 (ID: 215382) - 标准、无损音质
[2026-04-15 04:03:17] 更新完成：成功更新 2 首歌曲
[2026-04-15 04:18:12] 开始更新音乐URL...
[2026-04-15 04:18:12] 备份创建成功：backups/music_data_2026-04-15_04-18-12.json
[2026-04-15 04:18:14] 更新成功：汪苏泷 - 如果爱忘了 (live) (ID: 2124385868) - 标准、无损音质
[2026-04-15 04:18:17] 更新成功：Dizzy Dizzo (蔡诗芸) - 雨过后的风景 (ID: 215382) - 标准、无损音质
[2026-04-15 04:18:17] 更新完成：成功更新 2 首歌曲
[2026-04-15 04:33:12] 开始更新音乐URL...
[2026-04-15 04:33:12] 备份创建成功：backups/music_data_2026-04-15_04-33-12.json
[2026-04-15 04:33:14] 更新成功：汪苏泷 - 如果爱忘了 (live) (ID: 2124385868) - 标准、无损音质
[2026-04-15 04:33:16] 更新成功：Dizzy Dizzo (蔡诗芸) - 雨过后的风景 (ID: 215382) - 标准、无损音质
[2026-04-15 04:33:17] 更新完成：成功更新 2 首歌曲
[2026-04-15 04:48:12] 开始更新音乐URL...
[2026-04-15 04:48:12] 备份创建成功：backups/music_data_2026-04-15_04-48-12.json
[2026-04-15 04:48:14] 更新成功：汪苏泷 - 如果爱忘了 (live) (ID: 2124385868) - 标准、无损音质
[2026-04-15 04:48:16] 更新成功：Dizzy Dizzo (蔡诗芸) - 雨过后的风景 (ID: 215382) - 标准、无损音质
[2026-04-15 04:48:17] 更新完成：成功更新 2 首歌曲
[2026-04-15 05:03:12] 开始更新音乐URL...
[2026-04-15 05:03:12] 备份创建成功：backups/music_data_2026-04-15_05-03-12.json
[2026-04-15 05:03:14] 更新成功：汪苏泷 - 如果爱忘了 (live) (ID: 2124385868) - 标准、无损音质
[2026-04-15 05:03:16] 更新成功：Dizzy Dizzo (蔡诗芸) - 雨过后的风景 (ID: 215382) - 标准、无损音质
[2026-04-15 05:03:17] 更新完成：成功更新 2 首歌曲
[2026-04-15 05:18:12] 开始更新音乐URL...
[2026-04-15 05:18:12] 备份创建成功：backups/music_data_2026-04-15_05-18-12.json
[2026-04-15 05:18:14] 更新成功：汪苏泷 - 如果爱忘了 (live) (ID: 2124385868) - 标准、无损音质
[2026-04-15 05:18:16] 更新成功：Dizzy Dizzo (蔡诗芸) - 雨过后的风景 (ID: 215382) - 标准、无损音质
[2026-04-15 05:18:16] 更新完成：成功更新 2 首歌曲
[2026-04-15 05:33:12] 开始更新音乐URL...
[2026-04-15 05:33:12] 备份创建成功：backups/music_data_2026-04-15_05-33-12.json
[2026-04-15 05:33:14] 更新成功：汪苏泷 - 如果爱忘了 (live) (ID: 2124385868) - 标准、无损音质
[2026-04-15 05:33:17] 更新成功：Dizzy Dizzo (蔡诗芸) - 雨过后的风景 (ID: 215382) - 标准、无损音质
[2026-04-15 05:33:18] 更新完成：成功更新 2 首歌曲
[2026-04-15 05:48:12] 开始更新音乐URL...
[2026-04-15 05:48:12] 备份创建成功：backups/music_data_2026-04-15_05-48-12.json
[2026-04-15 05:48:14] 更新成功：汪苏泷 - 如果爱忘了 (live) (ID: 2124385868) - 标准、无损音质
[2026-04-15 05:48:17] 更新成功：Dizzy Dizzo (蔡诗芸) - 雨过后的风景 (ID: 215382) - 标准、无损音质
[2026-04-15 05:48:17] 更新完成：成功更新 2 首歌曲
[2026-04-15 06:03:12] 开始更新音乐URL...
[2026-04-15 06:03:12] 备份创建成功：backups/music_data_2026-04-15_06-03-12.json
[2026-04-15 06:03:14] 更新成功：汪苏泷 - 如果爱忘了 (live) (ID: 2124385868) - 标准、无损音质
[2026-04-15 06:03:16] 更新成功：Dizzy Dizzo (蔡诗芸) - 雨过后的风景 (ID: 215382) - 标准、无损音质
[2026-04-15 06:03:17] 更新完成：成功更新 2 首歌曲
[2026-04-15 06:18:12] 开始更新音乐URL...
[2026-04-15 06:18:12] 备份创建成功：backups/music_data_2026-04-15_06-18-12.json
[2026-04-15 06:18:14] 更新成功：汪苏泷 - 如果爱忘了 (live) (ID: 2124385868) - 标准、无损音质
[2026-04-15 06:18:16] 更新成功：Dizzy Dizzo (蔡诗芸) - 雨过后的风景 (ID: 215382) - 标准、无损音质
[2026-04-15 06:18:17] 更新完成：成功更新 2 首歌曲
[2026-04-15 06:33:12] 开始更新音乐URL...
[2026-04-15 06:33:12] 备份创建成功：backups/music_data_2026-04-15_06-33-12.json
[2026-04-15 06:33:14] 更新成功：汪苏泷 - 如果爱忘了 (live) (ID: 2124385868) - 标准、无损音质
[2026-04-15 06:33:16] 更新成功：Dizzy Dizzo (蔡诗芸) - 雨过后的风景 (ID: 215382) - 标准、无损音质
[2026-04-15 06:33:17] 更新完成：成功更新 2 首歌曲
[2026-04-15 06:48:12] 开始更新音乐URL...
[2026-04-15 06:48:12] 备份创建成功：backups/music_data_2026-04-15_06-48-12.json
[2026-04-15 06:48:13] 更新成功：汪苏泷 - 如果爱忘了 (live) (ID: 2124385868) - 标准、无损音质
[2026-04-15 06:48:16] 更新成功：Dizzy Dizzo (蔡诗芸) - 雨过后的风景 (ID: 215382) - 标准、无损音质
[2026-04-15 06:48:17] 更新完成：成功更新 2 首歌曲
[2026-04-15 07:03:12] 开始更新音乐URL...
[2026-04-15 07:03:12] 备份创建成功：backups/music_data_2026-04-15_07-03-12.json
[2026-04-15 07:03:14] 更新成功：汪苏泷 - 如果爱忘了 (live) (ID: 2124385868) - 标准、无损音质
[2026-04-15 07:03:17] 更新成功：Dizzy Dizzo (蔡诗芸) - 雨过后的风景 (ID: 215382) - 标准、无损音质
[2026-04-15 07:03:17] 更新完成：成功更新 2 首歌曲
[2026-04-15 07:18:12] 开始更新音乐URL...
[2026-04-15 07:18:12] 备份创建成功：backups/music_data_2026-04-15_07-18-12.json
[2026-04-15 07:18:14] 更新成功：汪苏泷 - 如果爱忘了 (live) (ID: 2124385868) - 标准、无损音质
[2026-04-15 07:18:16] 更新成功：Dizzy Dizzo (蔡诗芸) - 雨过后的风景 (ID: 215382) - 标准、无损音质
[2026-04-15 07:18:16] 更新完成：成功更新 2 首歌曲
[2026-04-15 07:33:12] 开始更新音乐URL...
[2026-04-15 07:33:12] 备份创建成功：backups/music_data_2026-04-15_07-33-12.json
[2026-04-15 07:33:14] 更新成功：汪苏泷 - 如果爱忘了 (live) (ID: 2124385868) - 标准、无损音质
[2026-04-15 07:33:17] 更新成功：Dizzy Dizzo (蔡诗芸) - 雨过后的风景 (ID: 215382) - 标准、无损音质
[2026-04-15 07:33:17] 更新完成：成功更新 2 首歌曲
[2026-04-15 07:48:12] 开始更新音乐URL...
[2026-04-15 07:48:12] 备份创建成功：backups/music_data_2026-04-15_07-48-12.json
[2026-04-15 07:48:15] 更新成功：汪苏泷 - 如果爱忘了 (live) (ID: 2124385868) - 标准、无损音质
[2026-04-15 07:48:17] 更新成功：Dizzy Dizzo (蔡诗芸) - 雨过后的风景 (ID: 215382) - 标准、无损音质
[2026-04-15 07:48:18] 更新完成：成功更新 2 首歌曲
[2026-04-15 08:03:12] 开始更新音乐URL...
[2026-04-15 08:03:12] 备份创建成功：backups/music_data_2026-04-15_08-03-12.json
[2026-04-15 08:03:14] 更新成功：汪苏泷 - 如果爱忘了 (live) (ID: 2124385868) - 标准、无损音质
[2026-04-15 08:03:17] 更新成功：Dizzy Dizzo (蔡诗芸) - 雨过后的风景 (ID: 215382) - 标准、无损音质
[2026-04-15 08:03:17] 更新完成：成功更新 2 首歌曲
[2026-04-15 08:18:12] 开始更新音乐URL...
[2026-04-15 08:18:12] 备份创建成功：backups/music_data_2026-04-15_08-18-12.json
[2026-04-15 08:18:14] 更新成功：汪苏泷 - 如果爱忘了 (live) (ID: 2124385868) - 标准、无损音质
[2026-04-15 08:18:16] 更新成功：Dizzy Dizzo (蔡诗芸) - 雨过后的风景 (ID: 215382) - 标准、无损音质
[2026-04-15 08:18:17] 更新完成：成功更新 2 首歌曲
[2026-04-15 08:33:12] 开始更新音乐URL...
[2026-04-15 08:33:12] 备份创建成功：backups/music_data_2026-04-15_08-33-12.json
[2026-04-15 08:33:14] 更新成功：汪苏泷 - 如果爱忘了 (live) (ID: 2124385868) - 标准、无损音质
[2026-04-15 08:33:16] 更新成功：Dizzy Dizzo (蔡诗芸) - 雨过后的风景 (ID: 215382) - 标准、无损音质
[2026-04-15 08:33:17] 更新完成：成功更新 2 首歌曲
[2026-04-15 08:48:12] 开始更新音乐URL...
[2026-04-15 08:48:12] 备份创建成功：backups/music_data_2026-04-15_08-48-12.json
[2026-04-15 08:48:14] 更新成功：汪苏泷 - 如果爱忘了 (live) (ID: 2124385868) - 标准、无损音质
[2026-04-15 08:48:16] 更新成功：Dizzy Dizzo (蔡诗芸) - 雨过后的风景 (ID: 215382) - 标准、无损音质
[2026-04-15 08:48:16] 更新完成：成功更新 2 首歌曲
[2026-04-15 09:03:12] 开始更新音乐URL...
[2026-04-15 09:03:12] 备份创建成功：backups/music_data_2026-04-15_09-03-12.json
[2026-04-15 09:03:14] 更新成功：汪苏泷 - 如果爱忘了 (live) (ID: 2124385868) - 标准、无损音质
[2026-04-15 09:03:16] 更新成功：Dizzy Dizzo (蔡诗芸) - 雨过后的风景 (ID: 215382) - 标准、无损音质
[2026-04-15 09:03:17] 更新完成：成功更新 2 首歌曲
[2026-04-15 09:18:12] 开始更新音乐URL...
[2026-04-15 09:18:12] 备份创建成功：backups/music_data_2026-04-15_09-18-12.json
[2026-04-15 09:18:14] 更新成功：汪苏泷 - 如果爱忘了 (live) (ID: 2124385868) - 标准、无损音质
[2026-04-15 09:18:17] 更新成功：Dizzy Dizzo (蔡诗芸) - 雨过后的风景 (ID: 215382) - 标准、无损音质
[2026-04-15 09:18:17] 更新完成：成功更新 2 首歌曲
[2026-04-15 09:33:12] 开始更新音乐URL...
[2026-04-15 09:33:12] 备份创建成功：backups/music_data_2026-04-15_09-33-12.json
[2026-04-15 09:33:14] 更新成功：汪苏泷 - 如果爱忘了 (live) (ID: 2124385868) - 标准、无损音质
[2026-04-15 09:33:17] 更新成功：Dizzy Dizzo (蔡诗芸) - 雨过后的风景 (ID: 215382) - 标准、无损音质
[2026-04-15 09:33:17] 更新完成：成功更新 2 首歌曲
[2026-04-15 09:48:12] 开始更新音乐URL...
[2026-04-15 09:48:12] 备份创建成功：backups/music_data_2026-04-15_09-48-12.json
[2026-04-15 09:48:14] 更新成功：汪苏泷 - 如果爱忘了 (live) (ID: 2124385868) - 标准、无损音质
[2026-04-15 09:48:17] 更新成功：Dizzy Dizzo (蔡诗芸) - 雨过后的风景 (ID: 215382) - 标准、无损音质
[2026-04-15 09:48:18] 更新完成：成功更新 2 首歌曲
[2026-04-15 10:03:12] 开始更新音乐URL...
[2026-04-15 10:03:12] 备份创建成功：backups/music_data_2026-04-15_10-03-12.json
[2026-04-15 10:03:14] 更新成功：汪苏泷 - 如果爱忘了 (live) (ID: 2124385868) - 标准、无损音质
[2026-04-15 10:03:16] 更新成功：Dizzy Dizzo (蔡诗芸) - 雨过后的风景 (ID: 215382) - 标准、无损音质
[2026-04-15 10:03:17] 更新完成：成功更新 2 首歌曲
[2026-04-15 10:18:12] 开始更新音乐URL...
[2026-04-15 10:18:12] 备份创建成功：backups/music_data_2026-04-15_10-18-12.json
[2026-04-15 10:18:14] 更新成功：汪苏泷 - 如果爱忘了 (live) (ID: 2124385868) - 标准、无损音质
[2026-04-15 10:18:17] 更新成功：Dizzy Dizzo (蔡诗芸) - 雨过后的风景 (ID: 215382) - 标准、无损音质
[2026-04-15 10:18:17] 更新完成：成功更新 2 首歌曲
[2026-04-15 10:33:12] 开始更新音乐URL...
[2026-04-15 10:33:12] 备份创建成功：backups/music_data_2026-04-15_10-33-12.json
[2026-04-15 10:33:14] 更新成功：汪苏泷 - 如果爱忘了 (live) (ID: 2124385868) - 标准、无损音质
[2026-04-15 10:33:16] 更新成功：Dizzy Dizzo (蔡诗芸) - 雨过后的风景 (ID: 215382) - 标准、无损音质
[2026-04-15 10:33:17] 更新完成：成功更新 2 首歌曲
[2026-04-15 10:48:12] 开始更新音乐URL...
[2026-04-15 10:48:12] 备份创建成功：backups/music_data_2026-04-15_10-48-12.json
[2026-04-15 10:48:14] 更新成功：汪苏泷 - 如果爱忘了 (live) (ID: 2124385868) - 标准、无损音质
[2026-04-15 10:48:16] 更新成功：Dizzy Dizzo (蔡诗芸) - 雨过后的风景 (ID: 215382) - 标准、无损音质
[2026-04-15 10:48:17] 更新完成：成功更新 2 首歌曲
[2026-04-15 11:03:12] 开始更新音乐URL...
[2026-04-15 11:03:12] 备份创建成功：backups/music_data_2026-04-15_11-03-12.json
[2026-04-15 11:03:14] 更新成功：汪苏泷 - 如果爱忘了 (live) (ID: 2124385868) - 标准、无损音质
[2026-04-15 11:03:16] 更新成功：Dizzy Dizzo (蔡诗芸) - 雨过后的风景 (ID: 215382) - 标准、无损音质
[2026-04-15 11:03:17] 更新完成：成功更新 2 首歌曲
[2026-04-15 11:18:12] 开始更新音乐URL...
[2026-04-15 11:18:12] 备份创建成功：backups/music_data_2026-04-15_11-18-12.json
[2026-04-15 11:18:14] 更新成功：汪苏泷 - 如果爱忘了 (live) (ID: 2124385868) - 标准、无损音质
[2026-04-15 11:18:17] 更新成功：Dizzy Dizzo (蔡诗芸) - 雨过后的风景 (ID: 215382) - 标准、无损音质
[2026-04-15 11:18:17] 更新完成：成功更新 2 首歌曲
[2026-04-15 11:33:12] 开始更新音乐URL...
[2026-04-15 11:33:12] 备份创建成功：backups/music_data_2026-04-15_11-33-12.json
[2026-04-15 11:33:14] 更新成功：汪苏泷 - 如果爱忘了 (live) (ID: 2124385868) - 标准、无损音质
[2026-04-15 11:33:16] 更新成功：Dizzy Dizzo (蔡诗芸) - 雨过后的风景 (ID: 215382) - 标准、无损音质
[2026-04-15 11:33:17] 更新完成：成功更新 2 首歌曲
[2026-04-15 11:48:12] 开始更新音乐URL...
[2026-04-15 11:48:12] 备份创建成功：backups/music_data_2026-04-15_11-48-12.json
[2026-04-15 11:48:16] 更新成功：汪苏泷 - 如果爱忘了 (live) (ID: 2124385868) - 标准、无损音质
[2026-04-15 11:48:19] 更新成功：Dizzy Dizzo (蔡诗芸) - 雨过后的风景 (ID: 215382) - 标准、无损音质
[2026-04-15 11:48:19] 更新完成：成功更新 2 首歌曲
[2026-04-15 12:03:12] 开始更新音乐URL...
[2026-04-15 12:03:12] 备份创建成功：backups/music_data_2026-04-15_12-03-12.json
[2026-04-15 12:03:14] 更新成功：汪苏泷 - 如果爱忘了 (live) (ID: 2124385868) - 标准、无损音质
[2026-04-15 12:03:16] 更新成功：Dizzy Dizzo (蔡诗芸) - 雨过后的风景 (ID: 215382) - 标准、无损音质
[2026-04-15 12:03:17] 更新完成：成功更新 2 首歌曲
[2026-04-15 12:18:12] 开始更新音乐URL...
[2026-04-15 12:18:12] 备份创建成功：backups/music_data_2026-04-15_12-18-12.json
[2026-04-15 12:18:13] 更新成功：汪苏泷 - 如果爱忘了 (live) (ID: 2124385868) - 标准、无损音质
[2026-04-15 12:18:16] 更新成功：Dizzy Dizzo (蔡诗芸) - 雨过后的风景 (ID: 215382) - 标准、无损音质
[2026-04-15 12:18:16] 更新完成：成功更新 2 首歌曲
[2026-04-15 12:33:12] 开始更新音乐URL...
[2026-04-15 12:33:12] 备份创建成功：backups/music_data_2026-04-15_12-33-12.json
[2026-04-15 12:33:14] 更新成功：汪苏泷 - 如果爱忘了 (live) (ID: 2124385868) - 标准、无损音质
[2026-04-15 12:33:17] 更新成功：Dizzy Dizzo (蔡诗芸) - 雨过后的风景 (ID: 215382) - 标准、无损音质
[2026-04-15 12:33:17] 更新完成：成功更新 2 首歌曲
[2026-04-15 12:48:12] 开始更新音乐URL...
[2026-04-15 12:48:12] 备份创建成功：backups/music_data_2026-04-15_12-48-12.json
[2026-04-15 12:48:14] 更新成功：汪苏泷 - 如果爱忘了 (live) (ID: 2124385868) - 标准、无损音质
[2026-04-15 12:48:16] 更新成功：Dizzy Dizzo (蔡诗芸) - 雨过后的风景 (ID: 215382) - 标准、无损音质
[2026-04-15 12:48:17] 更新完成：成功更新 2 首歌曲
[2026-04-15 13:03:12] 开始更新音乐URL...
[2026-04-15 13:03:12] 备份创建成功：backups/music_data_2026-04-15_13-03-12.json
[2026-04-15 13:03:14] 更新成功：汪苏泷 - 如果爱忘了 (live) (ID: 2124385868) - 标准、无损音质
[2026-04-15 13:03:16] 更新成功：Dizzy Dizzo (蔡诗芸) - 雨过后的风景 (ID: 215382) - 标准、无损音质
[2026-04-15 13:03:17] 更新完成：成功更新 2 首歌曲
[2026-04-15 13:18:12] 开始更新音乐URL...
[2026-04-15 13:18:12] 备份创建成功：backups/music_data_2026-04-15_13-18-12.json
[2026-04-15 13:18:13] 更新成功：汪苏泷 - 如果爱忘了 (live) (ID: 2124385868) - 标准、无损音质
[2026-04-15 13:18:16] 更新成功：Dizzy Dizzo (蔡诗芸) - 雨过后的风景 (ID: 215382) - 标准、无损音质
[2026-04-15 13:18:16] 更新完成：成功更新 2 首歌曲
[2026-04-15 13:33:12] 开始更新音乐URL...
[2026-04-15 13:33:12] 备份创建成功：backups/music_data_2026-04-15_13-33-12.json
[2026-04-15 13:33:14] 更新成功：汪苏泷 - 如果爱忘了 (live) (ID: 2124385868) - 标准、无损音质
[2026-04-15 13:33:16] 更新成功：Dizzy Dizzo (蔡诗芸) - 雨过后的风景 (ID: 215382) - 标准、无损音质
[2026-04-15 13:33:17] 更新完成：成功更新 2 首歌曲
[2026-04-15 13:48:12] 开始更新音乐URL...
[2026-04-15 13:48:12] 备份创建成功：backups/music_data_2026-04-15_13-48-12.json
[2026-04-15 13:48:14] 更新成功：汪苏泷 - 如果爱忘了 (live) (ID: 2124385868) - 标准、无损音质
[2026-04-15 13:48:16] 更新成功：Dizzy Dizzo (蔡诗芸) - 雨过后的风景 (ID: 215382) - 标准、无损音质
[2026-04-15 13:48:17] 更新完成：成功更新 2 首歌曲
[2026-04-15 14:03:12] 开始更新音乐URL...
[2026-04-15 14:03:12] 备份创建成功：backups/music_data_2026-04-15_14-03-12.json
[2026-04-15 14:03:14] 更新成功：汪苏泷 - 如果爱忘了 (live) (ID: 2124385868) - 标准、无损音质
[2026-04-15 14:03:16] 更新成功：Dizzy Dizzo (蔡诗芸) - 雨过后的风景 (ID: 215382) - 标准、无损音质
[2026-04-15 14:03:17] 更新完成：成功更新 2 首歌曲
[2026-04-15 14:18:12] 开始更新音乐URL...
[2026-04-15 14:18:12] 备份创建成功：backups/music_data_2026-04-15_14-18-12.json
[2026-04-15 14:18:16] 更新成功：汪苏泷 - 如果爱忘了 (live) (ID: 2124385868) - 标准、无损音质
[2026-04-15 14:18:19] 更新成功：Dizzy Dizzo (蔡诗芸) - 雨过后的风景 (ID: 215382) - 标准、无损音质
[2026-04-15 14:18:19] 更新完成：成功更新 2 首歌曲
[2026-04-15 14:48:12] 开始更新音乐URL...
[2026-04-15 14:48:12] 备份创建成功：backups/music_data_2026-04-15_14-48-12.json
[2026-04-15 14:48:14] 更新成功：汪苏泷 - 如果爱忘了 (live) (ID: 2124385868) - 标准、无损音质
[2026-04-15 14:48:16] 更新成功：Dizzy Dizzo (蔡诗芸) - 雨过后的风景 (ID: 215382) - 标准、无损音质
[2026-04-15 14:48:17] 更新完成：成功更新 2 首歌曲
[2026-04-15 15:03:12] 开始更新音乐URL...
[2026-04-15 15:03:12] 备份创建成功：backups/music_data_2026-04-15_15-03-12.json
[2026-04-15 15:03:14] 更新成功：汪苏泷 - 如果爱忘了 (live) (ID: 2124385868) - 标准、无损音质
[2026-04-15 15:03:17] 更新成功：Dizzy Dizzo (蔡诗芸) - 雨过后的风景 (ID: 215382) - 标准、无损音质
[2026-04-15 15:03:17] 更新完成：成功更新 2 首歌曲
[2026-04-15 15:18:12] 开始更新音乐URL...
[2026-04-15 15:18:12] 备份创建成功：backups/music_data_2026-04-15_15-18-12.json
[2026-04-15 15:18:14] 更新成功：汪苏泷 - 如果爱忘了 (live) (ID: 2124385868) - 标准、无损音质
[2026-04-15 15:18:17] 更新成功：Dizzy Dizzo (蔡诗芸) - 雨过后的风景 (ID: 215382) - 标准、无损音质
[2026-04-15 15:18:17] 更新完成：成功更新 2 首歌曲
[2026-04-15 15:33:12] 开始更新音乐URL...
[2026-04-15 15:33:12] 备份创建成功：backups/music_data_2026-04-15_15-33-12.json
[2026-04-15 15:33:17] 更新成功：汪苏泷 - 如果爱忘了 (live) (ID: 2124385868) - 标准、无损音质
[2026-04-15 15:33:21] 更新成功：Dizzy Dizzo (蔡诗芸) - 雨过后的风景 (ID: 215382) - 标准、无损音质
[2026-04-15 15:33:22] 更新完成：成功更新 2 首歌曲
[2026-04-15 15:48:12] 开始更新音乐URL...
[2026-04-15 15:48:12] 备份创建成功：backups/music_data_2026-04-15_15-48-12.json
[2026-04-15 15:48:15] 更新成功：汪苏泷 - 如果爱忘了 (live) (ID: 2124385868) - 标准、无损音质
[2026-04-15 15:48:21] 更新成功：Dizzy Dizzo (蔡诗芸) - 雨过后的风景 (ID: 215382) - 标准、无损音质
[2026-04-15 15:48:22] 更新完成：成功更新 2 首歌曲
[2026-04-15 16:03:12] 开始更新音乐URL...
[2026-04-15 16:03:12] 备份创建成功：backups/music_data_2026-04-15_16-03-12.json
[2026-04-15 16:03:18] 更新成功：汪苏泷 - 如果爱忘了 (live) (ID: 2124385868) - 标准、无损音质
[2026-04-15 16:03:22] 更新成功：Dizzy Dizzo (蔡诗芸) - 雨过后的风景 (ID: 215382) - 标准、无损音质
[2026-04-15 16:03:23] 更新完成：成功更新 2 首歌曲
[2026-04-15 16:18:12] 开始更新音乐URL...
[2026-04-15 16:18:12] 备份创建成功：backups/music_data_2026-04-15_16-18-12.json
[2026-04-15 16:18:17] 更新成功：汪苏泷 - 如果爱忘了 (live) (ID: 2124385868) - 标准、无损音质
[2026-04-15 16:18:23] 更新成功：Dizzy Dizzo (蔡诗芸) - 雨过后的风景 (ID: 215382) - 标准、无损音质
[2026-04-15 16:18:23] 更新完成：成功更新 2 首歌曲
[2026-04-15 16:33:12] 开始更新音乐URL...
[2026-04-15 16:33:12] 备份创建成功：backups/music_data_2026-04-15_16-33-12.json
[2026-04-15 16:33:17] 更新成功：汪苏泷 - 如果爱忘了 (live) (ID: 2124385868) - 标准、无损音质
[2026-04-15 16:33:22] 更新成功：Dizzy Dizzo (蔡诗芸) - 雨过后的风景 (ID: 215382) - 标准、无损音质
[2026-04-15 16:33:22] 更新完成：成功更新 2 首歌曲
[2026-04-15 16:48:12] 开始更新音乐URL...
[2026-04-15 16:48:12] 备份创建成功：backups/music_data_2026-04-15_16-48-12.json
[2026-04-15 16:48:20] 更新成功：汪苏泷 - 如果爱忘了 (live) (ID: 2124385868) - 标准、无损音质
[2026-04-15 16:48:26] 更新成功：Dizzy Dizzo (蔡诗芸) - 雨过后的风景 (ID: 215382) - 标准、无损音质
[2026-04-15 16:48:27] 更新完成：成功更新 2 首歌曲
[2026-04-15 17:03:12] 开始更新音乐URL...
[2026-04-15 17:03:12] 备份创建成功：backups/music_data_2026-04-15_17-03-12.json
[2026-04-15 17:03:18] 更新成功：汪苏泷 - 如果爱忘了 (live) (ID: 2124385868) - 标准、无损音质
[2026-04-15 17:03:23] 更新成功：Dizzy Dizzo (蔡诗芸) - 雨过后的风景 (ID: 215382) - 标准、无损音质
[2026-04-15 17:03:23] 更新完成：成功更新 2 首歌曲
[2026-04-15 17:18:12] 开始更新音乐URL...
[2026-04-15 17:18:12] 备份创建成功：backups/music_data_2026-04-15_17-18-12.json
[2026-04-15 17:18:15] 更新成功：汪苏泷 - 如果爱忘了 (live) (ID: 2124385868) - 标准、无损音质
[2026-04-15 17:18:20] 更新成功：Dizzy Dizzo (蔡诗芸) - 雨过后的风景 (ID: 215382) - 标准、无损音质
[2026-04-15 17:18:20] 更新完成：成功更新 2 首歌曲
[2026-04-15 17:33:12] 开始更新音乐URL...
[2026-04-15 17:33:12] 备份创建成功：backups/music_data_2026-04-15_17-33-12.json
[2026-04-15 17:33:16] 更新成功：汪苏泷 - 如果爱忘了 (live) (ID: 2124385868) - 标准、无损音质
[2026-04-15 17:33:20] 更新成功：Dizzy Dizzo (蔡诗芸) - 雨过后的风景 (ID: 215382) - 标准、无损音质
[2026-04-15 17:33:21] 更新完成：成功更新 2 首歌曲
[2026-04-15 17:48:12] 开始更新音乐URL...
[2026-04-15 17:48:12] 备份创建成功：backups/music_data_2026-04-15_17-48-12.json
[2026-04-15 17:48:17] 更新成功：汪苏泷 - 如果爱忘了 (live) (ID: 2124385868) - 标准、无损音质
[2026-04-15 17:48:22] 更新成功：Dizzy Dizzo (蔡诗芸) - 雨过后的风景 (ID: 215382) - 标准、无损音质
[2026-04-15 17:48:23] 更新完成：成功更新 2 首歌曲
[2026-04-15 18:03:12] 开始更新音乐URL...
[2026-04-15 18:03:12] 备份创建成功：backups/music_data_2026-04-15_18-03-12.json
[2026-04-15 18:03:16] 更新成功：汪苏泷 - 如果爱忘了 (live) (ID: 2124385868) - 标准、无损音质
[2026-04-15 18:03:20] 更新成功：Dizzy Dizzo (蔡诗芸) - 雨过后的风景 (ID: 215382) - 标准、无损音质
[2026-04-15 18:03:21] 更新完成：成功更新 2 首歌曲
[2026-04-15 18:18:12] 开始更新音乐URL...
[2026-04-15 18:18:12] 备份创建成功：backups/music_data_2026-04-15_18-18-12.json
[2026-04-15 18:18:15] 更新成功：汪苏泷 - 如果爱忘了 (live) (ID: 2124385868) - 标准、无损音质
[2026-04-15 18:18:20] 更新成功：Dizzy Dizzo (蔡诗芸) - 雨过后的风景 (ID: 215382) - 标准、无损音质
[2026-04-15 18:18:21] 更新完成：成功更新 2 首歌曲
[2026-04-15 18:33:12] 开始更新音乐URL...
[2026-04-15 18:33:12] 备份创建成功：backups/music_data_2026-04-15_18-33-12.json
[2026-04-15 18:33:18] 更新成功：汪苏泷 - 如果爱忘了 (live) (ID: 2124385868) - 标准、无损音质
[2026-04-15 18:33:22] 更新成功：Dizzy Dizzo (蔡诗芸) - 雨过后的风景 (ID: 215382) - 标准、无损音质
[2026-04-15 18:33:22] 更新完成：成功更新 2 首歌曲
[2026-04-15 18:48:12] 开始更新音乐URL...
[2026-04-15 18:48:12] 备份创建成功：backups/music_data_2026-04-15_18-48-12.json
[2026-04-15 18:48:16] 更新成功：汪苏泷 - 如果爱忘了 (live) (ID: 2124385868) - 标准、无损音质
[2026-04-15 18:48:20] 更新成功：Dizzy Dizzo (蔡诗芸) - 雨过后的风景 (ID: 215382) - 标准、无损音质
[2026-04-15 18:48:21] 更新完成：成功更新 2 首歌曲
[2026-04-15 19:03:12] 开始更新音乐URL...
[2026-04-15 19:03:12] 备份创建成功：backups/music_data_2026-04-15_19-03-12.json
[2026-04-15 19:03:20] 更新成功：汪苏泷 - 如果爱忘了 (live) (ID: 2124385868) - 无损音质
[2026-04-15 19:03:25] 更新成功：Dizzy Dizzo (蔡诗芸) - 雨过后的风景 (ID: 215382) - 标准、无损音质
[2026-04-15 19:03:25] 更新完成：成功更新 2 首歌曲
[2026-04-15 19:18:12] 开始更新音乐URL...
[2026-04-15 19:18:12] 备份创建成功：backups/music_data_2026-04-15_19-18-12.json
[2026-04-15 19:18:15] 更新成功：汪苏泷 - 如果爱忘了 (live) (ID: 2124385868) - 标准、无损音质
[2026-04-15 19:18:21] 更新成功：Dizzy Dizzo (蔡诗芸) - 雨过后的风景 (ID: 215382) - 标准、无损音质
[2026-04-15 19:18:21] 更新完成：成功更新 2 首歌曲
[2026-04-15 19:33:12] 开始更新音乐URL...
[2026-04-15 19:33:12] 备份创建成功：backups/music_data_2026-04-15_19-33-12.json
[2026-04-15 19:33:16] 更新成功：汪苏泷 - 如果爱忘了 (live) (ID: 2124385868) - 标准、无损音质
[2026-04-15 19:33:22] 更新成功：Dizzy Dizzo (蔡诗芸) - 雨过后的风景 (ID: 215382) - 标准、无损音质
[2026-04-15 19:33:22] 更新完成：成功更新 2 首歌曲
[2026-04-15 19:48:12] 开始更新音乐URL...
[2026-04-15 19:48:12] 备份创建成功：backups/music_data_2026-04-15_19-48-12.json
[2026-04-15 19:48:17] 更新成功：汪苏泷 - 如果爱忘了 (live) (ID: 2124385868) - 标准、无损音质
[2026-04-15 19:48:21] 更新成功：Dizzy Dizzo (蔡诗芸) - 雨过后的风景 (ID: 215382) - 标准、无损音质
[2026-04-15 19:48:21] 更新完成：成功更新 2 首歌曲
[2026-04-15 20:03:12] 开始更新音乐URL...
[2026-04-15 20:03:12] 备份创建成功：backups/music_data_2026-04-15_20-03-12.json
[2026-04-15 20:03:17] 更新成功：汪苏泷 - 如果爱忘了 (live) (ID: 2124385868) - 标准、无损音质
[2026-04-15 20:03:21] 更新成功：Dizzy Dizzo (蔡诗芸) - 雨过后的风景 (ID: 215382) - 标准、无损音质
[2026-04-15 20:03:22] 更新完成：成功更新 2 首歌曲
[2026-04-15 20:18:12] 开始更新音乐URL...
[2026-04-15 20:18:12] 备份创建成功：backups/music_data_2026-04-15_20-18-12.json
[2026-04-15 20:18:19] 更新成功：汪苏泷 - 如果爱忘了 (live) (ID: 2124385868) - 标准、无损音质
[2026-04-15 20:18:23] 更新成功：Dizzy Dizzo (蔡诗芸) - 雨过后的风景 (ID: 215382) - 标准、无损音质
[2026-04-15 20:18:23] 更新完成：成功更新 2 首歌曲
[2026-04-15 20:33:12] 开始更新音乐URL...
[2026-04-15 20:33:12] 备份创建成功：backups/music_data_2026-04-15_20-33-12.json
[2026-04-15 20:33:16] 更新成功：汪苏泷 - 如果爱忘了 (live) (ID: 2124385868) - 标准、无损音质
[2026-04-15 20:33:21] 更新成功：Dizzy Dizzo (蔡诗芸) - 雨过后的风景 (ID: 215382) - 标准、无损音质
[2026-04-15 20:33:22] 更新完成：成功更新 2 首歌曲
[2026-04-15 20:48:12] 开始更新音乐URL...
[2026-04-15 20:48:12] 备份创建成功：backups/music_data_2026-04-15_20-48-12.json
[2026-04-15 20:48:16] 更新成功：汪苏泷 - 如果爱忘了 (live) (ID: 2124385868) - 标准、无损音质
[2026-04-15 20:48:21] 更新成功：Dizzy Dizzo (蔡诗芸) - 雨过后的风景 (ID: 215382) - 标准、无损音质
[2026-04-15 20:48:22] 更新完成：成功更新 2 首歌曲
[2026-04-15 21:03:12] 开始更新音乐URL...
[2026-04-15 21:03:12] 备份创建成功：backups/music_data_2026-04-15_21-03-12.json
[2026-04-15 21:03:22] 更新成功：汪苏泷 - 如果爱忘了 (live) (ID: 2124385868) - 标准、无损音质
[2026-04-15 21:03:33] 更新成功：Dizzy Dizzo (蔡诗芸) - 雨过后的风景 (ID: 215382) - 标准、无损音质
[2026-04-15 21:03:33] 更新完成：成功更新 2 首歌曲
[2026-04-15 21:18:13] 开始更新音乐URL...
[2026-04-15 21:18:13] 备份创建成功：backups/music_data_2026-04-15_21-18-13.json
[2026-04-15 21:18:21] 更新成功：汪苏泷 - 如果爱忘了 (live) (ID: 2124385868) - 标准、无损音质
[2026-04-15 21:18:30] 更新成功：Dizzy Dizzo (蔡诗芸) - 雨过后的风景 (ID: 215382) - 标准、无损音质
[2026-04-15 21:18:30] 更新完成：成功更新 2 首歌曲
[2026-04-15 21:33:12] 开始更新音乐URL...
[2026-04-15 21:33:12] 备份创建成功：backups/music_data_2026-04-15_21-33-12.json
[2026-04-15 21:33:19] 更新成功：汪苏泷 - 如果爱忘了 (live) (ID: 2124385868) - 标准、无损音质
[2026-04-15 21:33:26] 更新成功：Dizzy Dizzo (蔡诗芸) - 雨过后的风景 (ID: 215382) - 标准、无损音质
[2026-04-15 21:33:26] 更新完成：成功更新 2 首歌曲
[2026-04-15 21:48:12] 开始更新音乐URL...
[2026-04-15 21:48:12] 备份创建成功：backups/music_data_2026-04-15_21-48-12.json
[2026-04-15 21:48:16] 更新成功：汪苏泷 - 如果爱忘了 (live) (ID: 2124385868) - 标准、无损音质
[2026-04-15 21:48:20] 更新成功：Dizzy Dizzo (蔡诗芸) - 雨过后的风景 (ID: 215382) - 标准、无损音质
[2026-04-15 21:48:21] 更新完成：成功更新 2 首歌曲
[2026-04-15 22:03:12] 开始更新音乐URL...
[2026-04-15 22:03:12] 备份创建成功：backups/music_data_2026-04-15_22-03-12.json
[2026-04-15 22:03:16] 更新成功：汪苏泷 - 如果爱忘了 (live) (ID: 2124385868) - 标准、无损音质
[2026-04-15 22:03:22] 更新成功：Dizzy Dizzo (蔡诗芸) - 雨过后的风景 (ID: 215382) - 标准、无损音质
[2026-04-15 22:03:22] 更新完成：成功更新 2 首歌曲
[2026-04-15 22:18:12] 开始更新音乐URL...
[2026-04-15 22:18:12] 备份创建成功：backups/music_data_2026-04-15_22-18-12.json
[2026-04-15 22:18:19] 更新成功：汪苏泷 - 如果爱忘了 (live) (ID: 2124385868) - 标准、无损音质
[2026-04-15 22:18:27] 更新成功：Dizzy Dizzo (蔡诗芸) - 雨过后的风景 (ID: 215382) - 标准、无损音质
[2026-04-15 22:18:28] 更新完成：成功更新 2 首歌曲
[2026-04-15 22:33:12] 开始更新音乐URL...
[2026-04-15 22:33:12] 备份创建成功：backups/music_data_2026-04-15_22-33-12.json
[2026-04-15 22:33:17] 更新成功：汪苏泷 - 如果爱忘了 (live) (ID: 2124385868) - 标准、无损音质
[2026-04-15 22:33:22] 更新成功：Dizzy Dizzo (蔡诗芸) - 雨过后的风景 (ID: 215382) - 标准、无损音质
[2026-04-15 22:33:22] 更新完成：成功更新 2 首歌曲
[2026-04-15 22:48:12] 开始更新音乐URL...
[2026-04-15 22:48:12] 备份创建成功：backups/music_data_2026-04-15_22-48-12.json
[2026-04-15 22:48:17] 更新成功：汪苏泷 - 如果爱忘了 (live) (ID: 2124385868) - 标准、无损音质
[2026-04-15 22:48:22] 更新成功：Dizzy Dizzo (蔡诗芸) - 雨过后的风景 (ID: 215382) - 标准、无损音质
[2026-04-15 22:48:23] 更新完成：成功更新 2 首歌曲
[2026-04-15 23:03:22] 开始更新音乐URL...
[2026-04-15 23:03:22] 备份创建成功：backups/music_data_2026-04-15_23-03-22.json
[2026-04-15 23:03:33] 更新失败：汪苏泷 - 如果爱忘了 (live) (ID: 2124385868) - 所有音质获取失败
[2026-04-15 23:03:43] 更新成功：Dizzy Dizzo (蔡诗芸) - 雨过后的风景 (ID: 215382) - 标准、无损音质
[2026-04-15 23:03:43] 更新完成：成功更新 1 首歌曲，1 首歌曲更新失败
[2026-04-15 23:18:12] 开始更新音乐URL...
[2026-04-15 23:18:12] 备份创建成功：backups/music_data_2026-04-15_23-18-12.json
[2026-04-15 23:18:17] 更新成功：汪苏泷 - 如果爱忘了 (live) (ID: 2124385868) - 标准、无损音质
[2026-04-15 23:18:22] 更新成功：Dizzy Dizzo (蔡诗芸) - 雨过后的风景 (ID: 215382) - 标准、无损音质
[2026-04-15 23:18:23] 更新完成：成功更新 2 首歌曲
[2026-04-15 23:33:12] 开始更新音乐URL...
[2026-04-15 23:33:12] 备份创建成功：backups/music_data_2026-04-15_23-33-12.json
[2026-04-15 23:33:24] 更新成功：汪苏泷 - 如果爱忘了 (live) (ID: 2124385868) - 标准、无损音质
[2026-04-15 23:33:29] 更新成功：Dizzy Dizzo (蔡诗芸) - 雨过后的风景 (ID: 215382) - 标准、无损音质
[2026-04-15 23:33:29] 更新完成：成功更新 2 首歌曲
[2026-04-15 23:48:12] 开始更新音乐URL...
[2026-04-15 23:48:12] 备份创建成功：backups/music_data_2026-04-15_23-48-12.json
[2026-04-15 23:48:20] 更新成功：汪苏泷 - 如果爱忘了 (live) (ID: 2124385868) - 标准、无损音质
[2026-04-15 23:48:26] 更新成功：Dizzy Dizzo (蔡诗芸) - 雨过后的风景 (ID: 215382) - 标准、无损音质
[2026-04-15 23:48:26] 更新完成：成功更新 2 首歌曲
[2026-04-16 00:03:12] 开始更新音乐URL...
[2026-04-16 00:03:12] 备份创建成功：backups/music_data_2026-04-16_00-03-12.json
[2026-04-16 00:03:17] 更新成功：汪苏泷 - 如果爱忘了 (live) (ID: 2124385868) - 标准、无损音质
[2026-04-16 00:03:22] 更新成功：Dizzy Dizzo (蔡诗芸) - 雨过后的风景 (ID: 215382) - 标准、无损音质
[2026-04-16 00:03:22] 更新完成：成功更新 2 首歌曲
[2026-04-16 00:18:12] 开始更新音乐URL...
[2026-04-16 00:18:12] 备份创建成功：backups/music_data_2026-04-16_00-18-12.json
[2026-04-16 00:18:37] 更新成功：汪苏泷 - 如果爱忘了 (live) (ID: 2124385868) - 无损音质
[2026-04-16 00:18:49] 更新成功：Dizzy Dizzo (蔡诗芸) - 雨过后的风景 (ID: 215382) - 标准、无损音质
[2026-04-16 00:18:50] 更新完成：成功更新 2 首歌曲
[2026-04-16 00:33:12] 开始更新音乐URL...
[2026-04-16 00:33:12] 备份创建成功：backups/music_data_2026-04-16_00-33-12.json
[2026-04-16 00:33:18] 更新成功：汪苏泷 - 如果爱忘了 (live) (ID: 2124385868) - 标准、无损音质
[2026-04-16 00:33:23] 更新成功：Dizzy Dizzo (蔡诗芸) - 雨过后的风景 (ID: 215382) - 标准、无损音质
[2026-04-16 00:33:23] 更新完成：成功更新 2 首歌曲
[2026-04-16 00:48:12] 开始更新音乐URL...
[2026-04-16 00:48:12] 备份创建成功：backups/music_data_2026-04-16_00-48-12.json
[2026-04-16 00:48:21] 更新成功：汪苏泷 - 如果爱忘了 (live) (ID: 2124385868) - 标准、无损音质
[2026-04-16 00:48:26] 更新成功：Dizzy Dizzo (蔡诗芸) - 雨过后的风景 (ID: 215382) - 标准、无损音质
[2026-04-16 00:48:26] 更新完成：成功更新 2 首歌曲
[2026-04-16 01:03:12] 开始更新音乐URL...
[2026-04-16 01:03:12] 备份创建成功：backups/music_data_2026-04-16_01-03-12.json
[2026-04-16 01:03:18] 更新成功：汪苏泷 - 如果爱忘了 (live) (ID: 2124385868) - 标准、无损音质
[2026-04-16 01:03:24] 更新成功：Dizzy Dizzo (蔡诗芸) - 雨过后的风景 (ID: 215382) - 标准、无损音质
[2026-04-16 01:03:25] 更新完成：成功更新 2 首歌曲
[2026-04-16 01:18:12] 开始更新音乐URL...
[2026-04-16 01:18:12] 备份创建成功：backups/music_data_2026-04-16_01-18-12.json
[2026-04-16 01:18:18] 更新成功：汪苏泷 - 如果爱忘了 (live) (ID: 2124385868) - 标准、无损音质
[2026-04-16 01:18:23] 更新成功：Dizzy Dizzo (蔡诗芸) - 雨过后的风景 (ID: 215382) - 标准、无损音质
[2026-04-16 01:18:24] 更新完成：成功更新 2 首歌曲
[2026-04-16 01:33:12] 开始更新音乐URL...
[2026-04-16 01:33:12] 备份创建成功：backups/music_data_2026-04-16_01-33-12.json
[2026-04-16 01:33:18] 更新成功：汪苏泷 - 如果爱忘了 (live) (ID: 2124385868) - 标准、无损音质
[2026-04-16 01:33:22] 更新成功：Dizzy Dizzo (蔡诗芸) - 雨过后的风景 (ID: 215382) - 标准、无损音质
[2026-04-16 01:33:22] 更新完成：成功更新 2 首歌曲
[2026-04-16 01:48:12] 开始更新音乐URL...
[2026-04-16 01:48:12] 备份创建成功：backups/music_data_2026-04-16_01-48-12.json
[2026-04-16 01:48:17] 更新成功：汪苏泷 - 如果爱忘了 (live) (ID: 2124385868) - 标准、无损音质
[2026-04-16 01:48:20] 更新成功：Dizzy Dizzo (蔡诗芸) - 雨过后的风景 (ID: 215382) - 标准、无损音质
[2026-04-16 01:48:21] 更新完成：成功更新 2 首歌曲
[2026-04-16 02:03:12] 开始更新音乐URL...
[2026-04-16 02:03:12] 备份创建成功：backups/music_data_2026-04-16_02-03-12.json
[2026-04-16 02:03:19] 更新成功：汪苏泷 - 如果爱忘了 (live) (ID: 2124385868) - 标准、无损音质
[2026-04-16 02:03:24] 更新成功：Dizzy Dizzo (蔡诗芸) - 雨过后的风景 (ID: 215382) - 标准、无损音质
[2026-04-16 02:03:24] 更新完成：成功更新 2 首歌曲
[2026-04-16 02:18:12] 开始更新音乐URL...
[2026-04-16 02:18:12] 备份创建成功：backups/music_data_2026-04-16_02-18-12.json
[2026-04-16 02:18:16] 更新成功：汪苏泷 - 如果爱忘了 (live) (ID: 2124385868) - 标准、无损音质
[2026-04-16 02:18:20] 更新成功：Dizzy Dizzo (蔡诗芸) - 雨过后的风景 (ID: 215382) - 标准、无损音质
[2026-04-16 02:18:21] 更新完成：成功更新 2 首歌曲
[2026-04-16 02:33:12] 开始更新音乐URL...
[2026-04-16 02:33:12] 备份创建成功：backups/music_data_2026-04-16_02-33-12.json
[2026-04-16 02:33:19] 更新成功：汪苏泷 - 如果爱忘了 (live) (ID: 2124385868) - 标准、无损音质
[2026-04-16 02:33:23] 更新成功：Dizzy Dizzo (蔡诗芸) - 雨过后的风景 (ID: 215382) - 标准、无损音质
[2026-04-16 02:33:23] 更新完成：成功更新 2 首歌曲
[2026-04-16 02:48:12] 开始更新音乐URL...
[2026-04-16 02:48:12] 备份创建成功：backups/music_data_2026-04-16_02-48-12.json
[2026-04-16 02:48:18] 更新成功：汪苏泷 - 如果爱忘了 (live) (ID: 2124385868) - 标准、无损音质
[2026-04-16 02:48:22] 更新成功：Dizzy Dizzo (蔡诗芸) - 雨过后的风景 (ID: 215382) - 标准、无损音质
[2026-04-16 02:48:23] 更新完成：成功更新 2 首歌曲
[2026-04-16 03:03:12] 开始更新音乐URL...
[2026-04-16 03:03:12] 备份创建成功：backups/music_data_2026-04-16_03-03-12.json
[2026-04-16 03:03:21] 更新成功：汪苏泷 - 如果爱忘了 (live) (ID: 2124385868) - 标准、无损音质
[2026-04-16 03:03:27] 更新成功：Dizzy Dizzo (蔡诗芸) - 雨过后的风景 (ID: 215382) - 标准、无损音质
[2026-04-16 03:03:28] 更新完成：成功更新 2 首歌曲
[2026-04-16 03:18:12] 开始更新音乐URL...
[2026-04-16 03:18:12] 备份创建成功：backups/music_data_2026-04-16_03-18-12.json
[2026-04-16 03:18:18] 更新成功：汪苏泷 - 如果爱忘了 (live) (ID: 2124385868) - 标准、无损音质
[2026-04-16 03:18:23] 更新成功：Dizzy Dizzo (蔡诗芸) - 雨过后的风景 (ID: 215382) - 标准、无损音质
[2026-04-16 03:18:23] 更新完成：成功更新 2 首歌曲
[2026-04-16 03:33:12] 开始更新音乐URL...
[2026-04-16 03:33:12] 备份创建成功：backups/music_data_2026-04-16_03-33-12.json
[2026-04-16 03:33:16] 更新成功：汪苏泷 - 如果爱忘了 (live) (ID: 2124385868) - 标准、无损音质
[2026-04-16 03:33:18] 更新成功：Dizzy Dizzo (蔡诗芸) - 雨过后的风景 (ID: 215382) - 标准、无损音质
[2026-04-16 03:33:18] 更新完成：成功更新 2 首歌曲
[2026-04-16 03:48:12] 开始更新音乐URL...
[2026-04-16 03:48:12] 备份创建成功：backups/music_data_2026-04-16_03-48-12.json
[2026-04-16 03:48:14] 更新成功：汪苏泷 - 如果爱忘了 (live) (ID: 2124385868) - 标准、无损音质
[2026-04-16 03:48:17] 更新成功：Dizzy Dizzo (蔡诗芸) - 雨过后的风景 (ID: 215382) - 标准、无损音质
[2026-04-16 03:48:17] 更新完成：成功更新 2 首歌曲
[2026-04-16 04:03:12] 开始更新音乐URL...
[2026-04-16 04:03:12] 备份创建成功：backups/music_data_2026-04-16_04-03-12.json
[2026-04-16 04:03:15] 更新成功：汪苏泷 - 如果爱忘了 (live) (ID: 2124385868) - 标准、无损音质
[2026-04-16 04:03:18] 更新成功：Dizzy Dizzo (蔡诗芸) - 雨过后的风景 (ID: 215382) - 标准、无损音质
[2026-04-16 04:03:18] 更新完成：成功更新 2 首歌曲
[2026-04-16 04:18:12] 开始更新音乐URL...
[2026-04-16 04:18:12] 备份创建成功：backups/music_data_2026-04-16_04-18-12.json
[2026-04-16 04:18:16] 更新成功：汪苏泷 - 如果爱忘了 (live) (ID: 2124385868) - 标准、无损音质
[2026-04-16 04:18:18] 更新成功：Dizzy Dizzo (蔡诗芸) - 雨过后的风景 (ID: 215382) - 标准、无损音质
[2026-04-16 04:18:18] 更新完成：成功更新 2 首歌曲
[2026-04-16 04:33:12] 开始更新音乐URL...
[2026-04-16 04:33:12] 备份创建成功：backups/music_data_2026-04-16_04-33-12.json
[2026-04-16 04:33:23] 更新失败：汪苏泷 - 如果爱忘了 (live) (ID: 2124385868) - 所有音质获取失败
[2026-04-16 04:33:28] 更新成功：Dizzy Dizzo (蔡诗芸) - 雨过后的风景 (ID: 215382) - 标准、无损音质
[2026-04-16 04:33:29] 更新完成：成功更新 1 首歌曲，1 首歌曲更新失败
[2026-04-16 04:48:12] 开始更新音乐URL...
[2026-04-16 04:48:12] 备份创建成功：backups/music_data_2026-04-16_04-48-12.json
[2026-04-16 04:48:16] 更新成功：汪苏泷 - 如果爱忘了 (live) (ID: 2124385868) - 标准、无损音质
[2026-04-16 04:48:24] 更新成功：Dizzy Dizzo (蔡诗芸) - 雨过后的风景 (ID: 215382) - 标准、无损音质
[2026-04-16 04:48:24] 更新完成：成功更新 2 首歌曲
[2026-04-16 05:03:12] 开始更新音乐URL...
[2026-04-16 05:03:12] 备份创建成功：backups/music_data_2026-04-16_05-03-12.json
[2026-04-16 05:03:14] 更新成功：汪苏泷 - 如果爱忘了 (live) (ID: 2124385868) - 标准、无损音质
[2026-04-16 05:03:17] 更新成功：Dizzy Dizzo (蔡诗芸) - 雨过后的风景 (ID: 215382) - 标准、无损音质
[2026-04-16 05:03:17] 更新完成：成功更新 2 首歌曲
[2026-04-16 05:18:12] 开始更新音乐URL...
[2026-04-16 05:18:12] 备份创建成功：backups/music_data_2026-04-16_05-18-12.json
[2026-04-16 05:18:14] 更新成功：汪苏泷 - 如果爱忘了 (live) (ID: 2124385868) - 标准、无损音质
[2026-04-16 05:18:17] 更新成功：Dizzy Dizzo (蔡诗芸) - 雨过后的风景 (ID: 215382) - 标准、无损音质
[2026-04-16 05:18:17] 更新完成：成功更新 2 首歌曲
[2026-04-16 05:33:12] 开始更新音乐URL...
[2026-04-16 05:33:12] 备份创建成功：backups/music_data_2026-04-16_05-33-12.json
[2026-04-16 05:33:15] 更新成功：汪苏泷 - 如果爱忘了 (live) (ID: 2124385868) - 标准、无损音质
[2026-04-16 05:33:17] 更新成功：Dizzy Dizzo (蔡诗芸) - 雨过后的风景 (ID: 215382) - 标准、无损音质
[2026-04-16 05:33:18] 更新完成：成功更新 2 首歌曲
[2026-04-16 05:48:12] 开始更新音乐URL...
[2026-04-16 05:48:12] 备份创建成功：backups/music_data_2026-04-16_05-48-12.json
[2026-04-16 05:48:14] 更新成功：汪苏泷 - 如果爱忘了 (live) (ID: 2124385868) - 标准、无损音质
[2026-04-16 05:48:17] 更新成功：Dizzy Dizzo (蔡诗芸) - 雨过后的风景 (ID: 215382) - 标准、无损音质
[2026-04-16 05:48:18] 更新完成：成功更新 2 首歌曲
[2026-04-16 06:03:12] 开始更新音乐URL...
[2026-04-16 06:03:12] 备份创建成功：backups/music_data_2026-04-16_06-03-12.json
[2026-04-16 06:03:14] 更新成功：汪苏泷 - 如果爱忘了 (live) (ID: 2124385868) - 标准、无损音质
[2026-04-16 06:03:17] 更新成功：Dizzy Dizzo (蔡诗芸) - 雨过后的风景 (ID: 215382) - 标准、无损音质
[2026-04-16 06:03:17] 更新完成：成功更新 2 首歌曲
[2026-04-16 06:18:12] 开始更新音乐URL...
[2026-04-16 06:18:12] 备份创建成功：backups/music_data_2026-04-16_06-18-12.json
[2026-04-16 06:18:14] 更新成功：汪苏泷 - 如果爱忘了 (live) (ID: 2124385868) - 标准、无损音质
[2026-04-16 06:18:16] 更新成功：Dizzy Dizzo (蔡诗芸) - 雨过后的风景 (ID: 215382) - 标准、无损音质
[2026-04-16 06:18:17] 更新完成：成功更新 2 首歌曲
[2026-04-16 06:33:12] 开始更新音乐URL...
[2026-04-16 06:33:12] 备份创建成功：backups/music_data_2026-04-16_06-33-12.json
[2026-04-16 06:33:13] 更新成功：汪苏泷 - 如果爱忘了 (live) (ID: 2124385868) - 标准、无损音质
[2026-04-16 06:33:16] 更新成功：Dizzy Dizzo (蔡诗芸) - 雨过后的风景 (ID: 215382) - 标准、无损音质
[2026-04-16 06:33:17] 更新完成：成功更新 2 首歌曲
[2026-04-16 06:48:12] 开始更新音乐URL...
[2026-04-16 06:48:12] 备份创建成功：backups/music_data_2026-04-16_06-48-12.json
[2026-04-16 06:48:14] 更新成功：汪苏泷 - 如果爱忘了 (live) (ID: 2124385868) - 标准、无损音质
[2026-04-16 06:48:17] 更新成功：Dizzy Dizzo (蔡诗芸) - 雨过后的风景 (ID: 215382) - 标准、无损音质
[2026-04-16 06:48:17] 更新完成：成功更新 2 首歌曲
[2026-04-16 07:03:12] 开始更新音乐URL...
[2026-04-16 07:03:12] 备份创建成功：backups/music_data_2026-04-16_07-03-12.json
[2026-04-16 07:03:14] 更新成功：汪苏泷 - 如果爱忘了 (live) (ID: 2124385868) - 标准、无损音质
[2026-04-16 07:03:17] 更新成功：Dizzy Dizzo (蔡诗芸) - 雨过后的风景 (ID: 215382) - 标准、无损音质
[2026-04-16 07:03:18] 更新完成：成功更新 2 首歌曲
[2026-04-16 07:18:12] 开始更新音乐URL...
[2026-04-16 07:18:12] 备份创建成功：backups/music_data_2026-04-16_07-18-12.json
[2026-04-16 07:18:14] 更新成功：汪苏泷 - 如果爱忘了 (live) (ID: 2124385868) - 标准、无损音质
[2026-04-16 07:18:17] 更新成功：Dizzy Dizzo (蔡诗芸) - 雨过后的风景 (ID: 215382) - 标准、无损音质
[2026-04-16 07:18:17] 更新完成：成功更新 2 首歌曲
[2026-04-16 07:33:12] 开始更新音乐URL...
[2026-04-16 07:33:12] 备份创建成功：backups/music_data_2026-04-16_07-33-12.json
[2026-04-16 07:33:14] 更新成功：汪苏泷 - 如果爱忘了 (live) (ID: 2124385868) - 标准、无损音质
[2026-04-16 07:33:17] 更新成功：Dizzy Dizzo (蔡诗芸) - 雨过后的风景 (ID: 215382) - 标准、无损音质
[2026-04-16 07:33:17] 更新完成：成功更新 2 首歌曲
[2026-04-16 07:48:12] 开始更新音乐URL...
[2026-04-16 07:48:12] 备份创建成功：backups/music_data_2026-04-16_07-48-12.json
[2026-04-16 07:48:14] 更新成功：汪苏泷 - 如果爱忘了 (live) (ID: 2124385868) - 标准、无损音质
[2026-04-16 07:48:16] 更新成功：Dizzy Dizzo (蔡诗芸) - 雨过后的风景 (ID: 215382) - 标准、无损音质
[2026-04-16 07:48:17] 更新完成：成功更新 2 首歌曲
[2026-04-16 08:03:12] 开始更新音乐URL...
[2026-04-16 08:03:12] 备份创建成功：backups/music_data_2026-04-16_08-03-12.json
[2026-04-16 08:03:14] 更新成功：汪苏泷 - 如果爱忘了 (live) (ID: 2124385868) - 标准、无损音质
[2026-04-16 08:03:16] 更新成功：Dizzy Dizzo (蔡诗芸) - 雨过后的风景 (ID: 215382) - 标准、无损音质
[2026-04-16 08:03:17] 更新完成：成功更新 2 首歌曲
[2026-04-16 08:18:12] 开始更新音乐URL...
[2026-04-16 08:18:12] 备份创建成功：backups/music_data_2026-04-16_08-18-12.json
[2026-04-16 08:18:14] 更新成功：汪苏泷 - 如果爱忘了 (live) (ID: 2124385868) - 标准、无损音质
[2026-04-16 08:18:17] 更新成功：Dizzy Dizzo (蔡诗芸) - 雨过后的风景 (ID: 215382) - 标准、无损音质
[2026-04-16 08:18:17] 更新完成：成功更新 2 首歌曲
[2026-04-16 08:33:12] 开始更新音乐URL...
[2026-04-16 08:33:12] 备份创建成功：backups/music_data_2026-04-16_08-33-12.json
[2026-04-16 08:33:19] 更新成功：汪苏泷 - 如果爱忘了 (live) (ID: 2124385868) - 标准、无损音质
[2026-04-16 08:33:23] 更新成功：Dizzy Dizzo (蔡诗芸) - 雨过后的风景 (ID: 215382) - 标准、无损音质
[2026-04-16 08:33:23] 更新完成：成功更新 2 首歌曲
[2026-04-16 08:48:12] 开始更新音乐URL...
[2026-04-16 08:48:12] 备份创建成功：backups/music_data_2026-04-16_08-48-12.json
[2026-04-16 08:48:14] 更新成功：汪苏泷 - 如果爱忘了 (live) (ID: 2124385868) - 标准、无损音质
[2026-04-16 08:48:17] 更新成功：Dizzy Dizzo (蔡诗芸) - 雨过后的风景 (ID: 215382) - 标准、无损音质
[2026-04-16 08:48:17] 更新完成：成功更新 2 首歌曲
[2026-04-16 09:03:12] 开始更新音乐URL...
[2026-04-16 09:03:12] 备份创建成功：backups/music_data_2026-04-16_09-03-12.json
[2026-04-16 09:03:14] 更新成功：汪苏泷 - 如果爱忘了 (live) (ID: 2124385868) - 标准、无损音质
[2026-04-16 09:03:17] 更新成功：Dizzy Dizzo (蔡诗芸) - 雨过后的风景 (ID: 215382) - 标准、无损音质
[2026-04-16 09:03:17] 更新完成：成功更新 2 首歌曲
[2026-04-16 09:18:12] 开始更新音乐URL...
[2026-04-16 09:18:12] 备份创建成功：backups/music_data_2026-04-16_09-18-12.json
[2026-04-16 09:18:14] 更新成功：汪苏泷 - 如果爱忘了 (live) (ID: 2124385868) - 标准、无损音质
[2026-04-16 09:18:17] 更新成功：Dizzy Dizzo (蔡诗芸) - 雨过后的风景 (ID: 215382) - 标准、无损音质
[2026-04-16 09:18:18] 更新完成：成功更新 2 首歌曲
[2026-04-16 09:33:12] 开始更新音乐URL...
[2026-04-16 09:33:12] 备份创建成功：backups/music_data_2026-04-16_09-33-12.json
[2026-04-16 09:33:15] 更新成功：汪苏泷 - 如果爱忘了 (live) (ID: 2124385868) - 标准、无损音质
[2026-04-16 09:33:18] 更新成功：Dizzy Dizzo (蔡诗芸) - 雨过后的风景 (ID: 215382) - 标准、无损音质
[2026-04-16 09:33:18] 更新完成：成功更新 2 首歌曲
[2026-04-16 09:48:12] 开始更新音乐URL...
[2026-04-16 09:48:12] 备份创建成功：backups/music_data_2026-04-16_09-48-12.json
[2026-04-16 09:48:14] 更新成功：汪苏泷 - 如果爱忘了 (live) (ID: 2124385868) - 标准、无损音质
[2026-04-16 09:48:16] 更新成功：Dizzy Dizzo (蔡诗芸) - 雨过后的风景 (ID: 215382) - 标准、无损音质
[2026-04-16 09:48:16] 更新完成：成功更新 2 首歌曲
[2026-04-16 10:03:12] 开始更新音乐URL...
[2026-04-16 10:03:12] 备份创建成功：backups/music_data_2026-04-16_10-03-12.json
[2026-04-16 10:03:14] 更新成功：汪苏泷 - 如果爱忘了 (live) (ID: 2124385868) - 标准、无损音质
[2026-04-16 10:03:16] 更新成功：Dizzy Dizzo (蔡诗芸) - 雨过后的风景 (ID: 215382) - 标准、无损音质
[2026-04-16 10:03:17] 更新完成：成功更新 2 首歌曲
[2026-04-16 10:18:12] 开始更新音乐URL...
[2026-04-16 10:18:12] 备份创建成功：backups/music_data_2026-04-16_10-18-12.json
[2026-04-16 10:18:15] 更新成功：汪苏泷 - 如果爱忘了 (live) (ID: 2124385868) - 标准、无损音质
[2026-04-16 10:18:18] 更新成功：Dizzy Dizzo (蔡诗芸) - 雨过后的风景 (ID: 215382) - 标准、无损音质
[2026-04-16 10:18:18] 更新完成：成功更新 2 首歌曲
[2026-04-16 10:33:12] 开始更新音乐URL...
[2026-04-16 10:33:12] 备份创建成功：backups/music_data_2026-04-16_10-33-12.json
[2026-04-16 10:33:14] 更新成功：汪苏泷 - 如果爱忘了 (live) (ID: 2124385868) - 标准、无损音质
[2026-04-16 10:33:16] 更新成功：Dizzy Dizzo (蔡诗芸) - 雨过后的风景 (ID: 215382) - 标准、无损音质
[2026-04-16 10:33:17] 更新完成：成功更新 2 首歌曲
[2026-04-16 10:48:12] 开始更新音乐URL...
[2026-04-16 10:48:12] 备份创建成功：backups/music_data_2026-04-16_10-48-12.json
[2026-04-16 10:48:14] 更新成功：汪苏泷 - 如果爱忘了 (live) (ID: 2124385868) - 标准、无损音质
[2026-04-16 10:48:17] 更新成功：Dizzy Dizzo (蔡诗芸) - 雨过后的风景 (ID: 215382) - 标准、无损音质
[2026-04-16 10:48:18] 更新完成：成功更新 2 首歌曲
[2026-04-16 11:03:12] 开始更新音乐URL...
[2026-04-16 11:03:12] 备份创建成功：backups/music_data_2026-04-16_11-03-12.json
[2026-04-16 11:03:14] 更新成功：汪苏泷 - 如果爱忘了 (live) (ID: 2124385868) - 标准、无损音质
[2026-04-16 11:03:18] 更新成功：Dizzy Dizzo (蔡诗芸) - 雨过后的风景 (ID: 215382) - 标准、无损音质
[2026-04-16 11:03:18] 更新完成：成功更新 2 首歌曲
[2026-04-16 11:18:12] 开始更新音乐URL...
[2026-04-16 11:18:12] 备份创建成功：backups/music_data_2026-04-16_11-18-12.json
[2026-04-16 11:18:14] 更新成功：汪苏泷 - 如果爱忘了 (live) (ID: 2124385868) - 标准、无损音质
[2026-04-16 11:18:17] 更新成功：Dizzy Dizzo (蔡诗芸) - 雨过后的风景 (ID: 215382) - 标准、无损音质
[2026-04-16 11:18:17] 更新完成：成功更新 2 首歌曲
[2026-04-16 11:33:12] 开始更新音乐URL...
[2026-04-16 11:33:12] 备份创建成功：backups/music_data_2026-04-16_11-33-12.json
[2026-04-16 11:33:14] 更新成功：汪苏泷 - 如果爱忘了 (live) (ID: 2124385868) - 标准、无损音质
[2026-04-16 11:33:17] 更新成功：Dizzy Dizzo (蔡诗芸) - 雨过后的风景 (ID: 215382) - 标准、无损音质
[2026-04-16 11:33:17] 更新完成：成功更新 2 首歌曲
[2026-04-16 11:48:12] 开始更新音乐URL...
[2026-04-16 11:48:12] 备份创建成功：backups/music_data_2026-04-16_11-48-12.json
[2026-04-16 11:48:14] 更新成功：汪苏泷 - 如果爱忘了 (live) (ID: 2124385868) - 标准、无损音质
[2026-04-16 11:48:17] 更新成功：Dizzy Dizzo (蔡诗芸) - 雨过后的风景 (ID: 215382) - 标准、无损音质
[2026-04-16 11:48:18] 更新完成：成功更新 2 首歌曲
[2026-04-16 12:03:12] 开始更新音乐URL...
[2026-04-16 12:03:12] 备份创建成功：backups/music_data_2026-04-16_12-03-12.json
[2026-04-16 12:03:15] 更新成功：汪苏泷 - 如果爱忘了 (live) (ID: 2124385868) - 标准、无损音质
[2026-04-16 12:03:18] 更新成功：Dizzy Dizzo (蔡诗芸) - 雨过后的风景 (ID: 215382) - 标准、无损音质
[2026-04-16 12:03:18] 更新完成：成功更新 2 首歌曲
[2026-04-16 12:18:12] 开始更新音乐URL...
[2026-04-16 12:18:12] 备份创建成功：backups/music_data_2026-04-16_12-18-12.json
[2026-04-16 12:18:17] 更新成功：汪苏泷 - 如果爱忘了 (live) (ID: 2124385868) - 标准、无损音质
[2026-04-16 12:18:23] 更新成功：Dizzy Dizzo (蔡诗芸) - 雨过后的风景 (ID: 215382) - 标准、无损音质
[2026-04-16 12:18:23] 更新完成：成功更新 2 首歌曲
[2026-04-16 12:33:12] 开始更新音乐URL...
[2026-04-16 12:33:12] 备份创建成功：backups/music_data_2026-04-16_12-33-12.json
[2026-04-16 12:33:14] 更新成功：汪苏泷 - 如果爱忘了 (live) (ID: 2124385868) - 标准、无损音质
[2026-04-16 12:33:17] 更新成功：Dizzy Dizzo (蔡诗芸) - 雨过后的风景 (ID: 215382) - 标准、无损音质
[2026-04-16 12:33:18] 更新完成：成功更新 2 首歌曲
[2026-04-16 12:48:12] 开始更新音乐URL...
[2026-04-16 12:48:12] 备份创建成功：backups/music_data_2026-04-16_12-48-12.json
[2026-04-16 12:48:14] 更新成功：汪苏泷 - 如果爱忘了 (live) (ID: 2124385868) - 标准、无损音质
[2026-04-16 12:48:18] 更新成功：Dizzy Dizzo (蔡诗芸) - 雨过后的风景 (ID: 215382) - 标准、无损音质
[2026-04-16 12:48:18] 更新完成：成功更新 2 首歌曲
[2026-04-16 13:03:12] 开始更新音乐URL...
[2026-04-16 13:03:12] 备份创建成功：backups/music_data_2026-04-16_13-03-12.json
[2026-04-16 13:03:16] 更新成功：汪苏泷 - 如果爱忘了 (live) (ID: 2124385868) - 标准、无损音质
[2026-04-16 13:03:20] 更新成功：Dizzy Dizzo (蔡诗芸) - 雨过后的风景 (ID: 215382) - 标准、无损音质
[2026-04-16 13:03:20] 更新完成：成功更新 2 首歌曲
[2026-04-16 13:18:12] 开始更新音乐URL...
[2026-04-16 13:18:12] 备份创建成功：backups/music_data_2026-04-16_13-18-12.json
[2026-04-16 13:18:14] 更新成功：汪苏泷 - 如果爱忘了 (live) (ID: 2124385868) - 标准、无损音质
[2026-04-16 13:18:17] 更新成功：Dizzy Dizzo (蔡诗芸) - 雨过后的风景 (ID: 215382) - 标准、无损音质
[2026-04-16 13:18:17] 更新完成：成功更新 2 首歌曲
[2026-04-16 13:33:12] 开始更新音乐URL...
[2026-04-16 13:33:12] 备份创建成功：backups/music_data_2026-04-16_13-33-12.json
[2026-04-16 13:33:14] 更新成功：汪苏泷 - 如果爱忘了 (live) (ID: 2124385868) - 标准、无损音质
[2026-04-16 13:33:17] 更新成功：Dizzy Dizzo (蔡诗芸) - 雨过后的风景 (ID: 215382) - 标准、无损音质
[2026-04-16 13:33:17] 更新完成：成功更新 2 首歌曲
[2026-04-16 13:48:12] 开始更新音乐URL...
[2026-04-16 13:48:12] 备份创建成功：backups/music_data_2026-04-16_13-48-12.json
[2026-04-16 13:48:14] 更新成功：汪苏泷 - 如果爱忘了 (live) (ID: 2124385868) - 标准、无损音质
[2026-04-16 13:48:21] 更新成功：Dizzy Dizzo (蔡诗芸) - 雨过后的风景 (ID: 215382) - 标准音质
[2026-04-16 13:48:22] 更新完成：成功更新 2 首歌曲
[2026-04-16 14:03:12] 开始更新音乐URL...
[2026-04-16 14:03:12] 备份创建成功：backups/music_data_2026-04-16_14-03-12.json
[2026-04-16 14:03:15] 更新成功：汪苏泷 - 如果爱忘了 (live) (ID: 2124385868) - 标准、无损音质
[2026-04-16 14:03:17] 更新成功：Dizzy Dizzo (蔡诗芸) - 雨过后的风景 (ID: 215382) - 标准、无损音质
[2026-04-16 14:03:18] 更新完成：成功更新 2 首歌曲
[2026-04-16 14:18:12] 开始更新音乐URL...
[2026-04-16 14:18:12] 备份创建成功：backups/music_data_2026-04-16_14-18-12.json
[2026-04-16 14:18:15] 更新成功：汪苏泷 - 如果爱忘了 (live) (ID: 2124385868) - 标准、无损音质
[2026-04-16 14:18:17] 更新成功：Dizzy Dizzo (蔡诗芸) - 雨过后的风景 (ID: 215382) - 标准、无损音质
[2026-04-16 14:18:18] 更新完成：成功更新 2 首歌曲
[2026-04-16 14:33:12] 开始更新音乐URL...
[2026-04-16 14:33:12] 备份创建成功：backups/music_data_2026-04-16_14-33-12.json
[2026-04-16 14:33:15] 更新成功：汪苏泷 - 如果爱忘了 (live) (ID: 2124385868) - 标准、无损音质
[2026-04-16 14:33:17] 更新成功：Dizzy Dizzo (蔡诗芸) - 雨过后的风景 (ID: 215382) - 标准、无损音质
[2026-04-16 14:33:18] 更新完成：成功更新 2 首歌曲
[2026-04-16 14:48:12] 开始更新音乐URL...
[2026-04-16 14:48:12] 备份创建成功：backups/music_data_2026-04-16_14-48-12.json
[2026-04-16 14:48:17] 更新成功：汪苏泷 - 如果爱忘了 (live) (ID: 2124385868) - 标准、无损音质
[2026-04-16 14:48:19] 更新成功：Dizzy Dizzo (蔡诗芸) - 雨过后的风景 (ID: 215382) - 标准、无损音质
[2026-04-16 14:48:20] 更新完成：成功更新 2 首歌曲
[2026-04-16 15:03:12] 开始更新音乐URL...
[2026-04-16 15:03:12] 备份创建成功：backups/music_data_2026-04-16_15-03-12.json
[2026-04-16 15:03:15] 更新成功：汪苏泷 - 如果爱忘了 (live) (ID: 2124385868) - 标准、无损音质
[2026-04-16 15:03:17] 更新成功：Dizzy Dizzo (蔡诗芸) - 雨过后的风景 (ID: 215382) - 标准、无损音质
[2026-04-16 15:03:18] 更新完成：成功更新 2 首歌曲
[2026-04-16 15:18:12] 开始更新音乐URL...
[2026-04-16 15:18:12] 备份创建成功：backups/music_data_2026-04-16_15-18-12.json
[2026-04-16 15:18:14] 更新成功：汪苏泷 - 如果爱忘了 (live) (ID: 2124385868) - 标准、无损音质
[2026-04-16 15:18:17] 更新成功：Dizzy Dizzo (蔡诗芸) - 雨过后的风景 (ID: 215382) - 标准、无损音质
[2026-04-16 15:18:17] 更新完成：成功更新 2 首歌曲
[2026-04-16 15:33:12] 开始更新音乐URL...
[2026-04-16 15:33:12] 备份创建成功：backups/music_data_2026-04-16_15-33-12.json
[2026-04-16 15:33:16] 更新成功：汪苏泷 - 如果爱忘了 (live) (ID: 2124385868) - 标准、无损音质
[2026-04-16 15:33:18] 更新成功：Dizzy Dizzo (蔡诗芸) - 雨过后的风景 (ID: 215382) - 标准、无损音质
[2026-04-16 15:33:19] 更新完成：成功更新 2 首歌曲
[2026-04-16 15:48:12] 开始更新音乐URL...
[2026-04-16 15:48:12] 备份创建成功：backups/music_data_2026-04-16_15-48-12.json
[2026-04-16 15:48:16] 更新成功：汪苏泷 - 如果爱忘了 (live) (ID: 2124385868) - 标准、无损音质
[2026-04-16 15:48:18] 更新成功：Dizzy Dizzo (蔡诗芸) - 雨过后的风景 (ID: 215382) - 标准、无损音质
[2026-04-16 15:48:19] 更新完成：成功更新 2 首歌曲
[2026-04-16 16:03:12] 开始更新音乐URL...
[2026-04-16 16:03:12] 备份创建成功：backups/music_data_2026-04-16_16-03-12.json
[2026-04-16 16:03:15] 更新成功：汪苏泷 - 如果爱忘了 (live) (ID: 2124385868) - 标准、无损音质
[2026-04-16 16:03:18] 更新成功：Dizzy Dizzo (蔡诗芸) - 雨过后的风景 (ID: 215382) - 标准、无损音质
[2026-04-16 16:03:18] 更新完成：成功更新 2 首歌曲
[2026-04-16 16:18:12] 开始更新音乐URL...
[2026-04-16 16:18:12] 备份创建成功：backups/music_data_2026-04-16_16-18-12.json
[2026-04-16 16:18:14] 更新成功：汪苏泷 - 如果爱忘了 (live) (ID: 2124385868) - 标准、无损音质
[2026-04-16 16:18:17] 更新成功：Dizzy Dizzo (蔡诗芸) - 雨过后的风景 (ID: 215382) - 标准、无损音质
[2026-04-16 16:18:18] 更新完成：成功更新 2 首歌曲
[2026-04-16 16:33:12] 开始更新音乐URL...
[2026-04-16 16:33:12] 备份创建成功：backups/music_data_2026-04-16_16-33-12.json
[2026-04-16 16:33:15] 更新成功：汪苏泷 - 如果爱忘了 (live) (ID: 2124385868) - 标准、无损音质
[2026-04-16 16:33:17] 更新成功：Dizzy Dizzo (蔡诗芸) - 雨过后的风景 (ID: 215382) - 标准、无损音质
[2026-04-16 16:33:18] 更新完成：成功更新 2 首歌曲
[2026-04-16 16:48:12] 开始更新音乐URL...
[2026-04-16 16:48:12] 备份创建成功：backups/music_data_2026-04-16_16-48-12.json
[2026-04-16 16:48:17] 更新成功：汪苏泷 - 如果爱忘了 (live) (ID: 2124385868) - 标准、无损音质
[2026-04-16 16:48:22] 更新成功：Dizzy Dizzo (蔡诗芸) - 雨过后的风景 (ID: 215382) - 标准、无损音质
[2026-04-16 16:48:23] 更新完成：成功更新 2 首歌曲
[2026-04-16 17:03:12] 开始更新音乐URL...
[2026-04-16 17:03:12] 备份创建成功：backups/music_data_2026-04-16_17-03-12.json
[2026-04-16 17:03:19] 更新成功：汪苏泷 - 如果爱忘了 (live) (ID: 2124385868) - 标准、无损音质
[2026-04-16 17:03:22] 更新成功：Dizzy Dizzo (蔡诗芸) - 雨过后的风景 (ID: 215382) - 标准、无损音质
[2026-04-16 17:03:23] 更新完成：成功更新 2 首歌曲
[2026-04-16 17:18:12] 开始更新音乐URL...
[2026-04-16 17:18:12] 备份创建成功：backups/music_data_2026-04-16_17-18-12.json
[2026-04-16 17:18:15] 更新成功：汪苏泷 - 如果爱忘了 (live) (ID: 2124385868) - 标准、无损音质
[2026-04-16 17:18:18] 更新成功：Dizzy Dizzo (蔡诗芸) - 雨过后的风景 (ID: 215382) - 标准、无损音质
[2026-04-16 17:18:19] 更新完成：成功更新 2 首歌曲
[2026-04-16 17:33:12] 开始更新音乐URL...
[2026-04-16 17:33:12] 备份创建成功：backups/music_data_2026-04-16_17-33-12.json
[2026-04-16 17:33:16] 更新成功：汪苏泷 - 如果爱忘了 (live) (ID: 2124385868) - 标准、无损音质
[2026-04-16 17:33:18] 更新成功：Dizzy Dizzo (蔡诗芸) - 雨过后的风景 (ID: 215382) - 标准、无损音质
[2026-04-16 17:33:19] 更新完成：成功更新 2 首歌曲
[2026-04-16 17:48:12] 开始更新音乐URL...
[2026-04-16 17:48:12] 备份创建成功：backups/music_data_2026-04-16_17-48-12.json
[2026-04-16 17:48:15] 更新成功：汪苏泷 - 如果爱忘了 (live) (ID: 2124385868) - 标准、无损音质
[2026-04-16 17:48:18] 更新成功：Dizzy Dizzo (蔡诗芸) - 雨过后的风景 (ID: 215382) - 标准、无损音质
[2026-04-16 17:48:18] 更新完成：成功更新 2 首歌曲
[2026-04-16 18:03:12] 开始更新音乐URL...
[2026-04-16 18:03:12] 备份创建成功：backups/music_data_2026-04-16_18-03-12.json
[2026-04-16 18:03:18] 更新成功：汪苏泷 - 如果爱忘了 (live) (ID: 2124385868) - 标准、无损音质
[2026-04-16 18:03:25] 更新成功：Dizzy Dizzo (蔡诗芸) - 雨过后的风景 (ID: 215382) - 标准、无损音质
[2026-04-16 18:03:26] 更新完成：成功更新 2 首歌曲
[2026-04-16 18:18:12] 开始更新音乐URL...
[2026-04-16 18:18:12] 备份创建成功：backups/music_data_2026-04-16_18-18-12.json
[2026-04-16 18:18:17] 更新成功：汪苏泷 - 如果爱忘了 (live) (ID: 2124385868) - 标准、无损音质
[2026-04-16 18:18:21] 更新成功：Dizzy Dizzo (蔡诗芸) - 雨过后的风景 (ID: 215382) - 标准、无损音质
[2026-04-16 18:18:22] 更新完成：成功更新 2 首歌曲
[2026-04-16 18:33:12] 开始更新音乐URL...
[2026-04-16 18:33:12] 备份创建成功：backups/music_data_2026-04-16_18-33-12.json
[2026-04-16 18:33:16] 更新成功：汪苏泷 - 如果爱忘了 (live) (ID: 2124385868) - 标准、无损音质
[2026-04-16 18:33:18] 更新成功：Dizzy Dizzo (蔡诗芸) - 雨过后的风景 (ID: 215382) - 标准、无损音质
[2026-04-16 18:33:19] 更新完成：成功更新 2 首歌曲
[2026-04-16 18:48:12] 开始更新音乐URL...
[2026-04-16 18:48:12] 备份创建成功：backups/music_data_2026-04-16_18-48-12.json
[2026-04-16 18:48:20] 更新成功：汪苏泷 - 如果爱忘了 (live) (ID: 2124385868) - 标准、无损音质
[2026-04-16 18:48:25] 更新成功：Dizzy Dizzo (蔡诗芸) - 雨过后的风景 (ID: 215382) - 标准、无损音质
[2026-04-16 18:48:25] 更新完成：成功更新 2 首歌曲
[2026-04-16 19:03:12] 开始更新音乐URL...
[2026-04-16 19:03:12] 备份创建成功：backups/music_data_2026-04-16_19-03-12.json
[2026-04-16 19:03:17] 更新成功：汪苏泷 - 如果爱忘了 (live) (ID: 2124385868) - 标准、无损音质
[2026-04-16 19:03:22] 更新成功：Dizzy Dizzo (蔡诗芸) - 雨过后的风景 (ID: 215382) - 标准、无损音质
[2026-04-16 19:03:22] 更新完成：成功更新 2 首歌曲
[2026-04-16 19:18:12] 开始更新音乐URL...
[2026-04-16 19:18:12] 备份创建成功：backups/music_data_2026-04-16_19-18-12.json
[2026-04-16 19:18:15] 更新成功：汪苏泷 - 如果爱忘了 (live) (ID: 2124385868) - 标准、无损音质
[2026-04-16 19:18:18] 更新成功：Dizzy Dizzo (蔡诗芸) - 雨过后的风景 (ID: 215382) - 标准、无损音质
[2026-04-16 19:18:18] 更新完成：成功更新 2 首歌曲
[2026-04-16 19:33:12] 开始更新音乐URL...
[2026-04-16 19:33:12] 备份创建成功：backups/music_data_2026-04-16_19-33-12.json
[2026-04-16 19:33:19] 更新成功：汪苏泷 - 如果爱忘了 (live) (ID: 2124385868) - 标准、无损音质
[2026-04-16 19:33:23] 更新成功：Dizzy Dizzo (蔡诗芸) - 雨过后的风景 (ID: 215382) - 标准、无损音质
[2026-04-16 19:33:23] 更新完成：成功更新 2 首歌曲
[2026-04-16 19:48:12] 开始更新音乐URL...
[2026-04-16 19:48:12] 备份创建成功：backups/music_data_2026-04-16_19-48-12.json
[2026-04-16 19:48:17] 更新成功：汪苏泷 - 如果爱忘了 (live) (ID: 2124385868) - 标准、无损音质
[2026-04-16 19:48:21] 更新成功：Dizzy Dizzo (蔡诗芸) - 雨过后的风景 (ID: 215382) - 标准、无损音质
[2026-04-16 19:48:22] 更新完成：成功更新 2 首歌曲
[2026-04-16 20:03:12] 开始更新音乐URL...
[2026-04-16 20:03:12] 备份创建成功：backups/music_data_2026-04-16_20-03-12.json
[2026-04-16 20:03:19] 更新成功：汪苏泷 - 如果爱忘了 (live) (ID: 2124385868) - 无损音质
[2026-04-16 20:03:22] 更新成功：Dizzy Dizzo (蔡诗芸) - 雨过后的风景 (ID: 215382) - 标准、无损音质
[2026-04-16 20:03:22] 更新完成：成功更新 2 首歌曲
[2026-04-16 20:18:12] 开始更新音乐URL...
[2026-04-16 20:18:12] 备份创建成功：backups/music_data_2026-04-16_20-18-12.json
[2026-04-16 20:18:16] 更新成功：汪苏泷 - 如果爱忘了 (live) (ID: 2124385868) - 标准、无损音质
[2026-04-16 20:18:18] 更新成功：Dizzy Dizzo (蔡诗芸) - 雨过后的风景 (ID: 215382) - 标准、无损音质
[2026-04-16 20:18:19] 更新完成：成功更新 2 首歌曲
[2026-04-16 20:33:12] 开始更新音乐URL...
[2026-04-16 20:33:12] 备份创建成功：backups/music_data_2026-04-16_20-33-12.json
[2026-04-16 20:33:36] 更新成功：汪苏泷 - 如果爱忘了 (live) (ID: 2124385868) - 标准、无损音质
[2026-04-16 20:33:41] 更新成功：Dizzy Dizzo (蔡诗芸) - 雨过后的风景 (ID: 215382) - 标准、无损音质
[2026-04-16 20:33:41] 更新完成：成功更新 2 首歌曲
[2026-04-16 20:48:12] 开始更新音乐URL...
[2026-04-16 20:48:12] 备份创建成功：backups/music_data_2026-04-16_20-48-12.json
[2026-04-16 20:48:18] 更新成功：汪苏泷 - 如果爱忘了 (live) (ID: 2124385868) - 标准、无损音质
[2026-04-16 20:48:22] 更新成功：Dizzy Dizzo (蔡诗芸) - 雨过后的风景 (ID: 215382) - 标准、无损音质
[2026-04-16 20:48:23] 更新完成：成功更新 2 首歌曲
[2026-04-16 21:03:12] 开始更新音乐URL...
[2026-04-16 21:03:12] 备份创建成功：backups/music_data_2026-04-16_21-03-12.json
[2026-04-16 21:03:15] 更新成功：汪苏泷 - 如果爱忘了 (live) (ID: 2124385868) - 标准、无损音质
[2026-04-16 21:03:17] 更新成功：Dizzy Dizzo (蔡诗芸) - 雨过后的风景 (ID: 215382) - 标准、无损音质
[2026-04-16 21:03:18] 更新完成：成功更新 2 首歌曲
[2026-04-16 21:18:12] 开始更新音乐URL...
[2026-04-16 21:18:12] 备份创建成功：backups/music_data_2026-04-16_21-18-12.json
[2026-04-16 21:18:16] 更新成功：汪苏泷 - 如果爱忘了 (live) (ID: 2124385868) - 标准、无损音质
[2026-04-16 21:18:19] 更新成功：Dizzy Dizzo (蔡诗芸) - 雨过后的风景 (ID: 215382) - 标准、无损音质
[2026-04-16 21:18:19] 更新完成：成功更新 2 首歌曲
[2026-04-16 21:33:12] 开始更新音乐URL...
[2026-04-16 21:33:12] 备份创建成功：backups/music_data_2026-04-16_21-33-12.json
[2026-04-16 21:33:16] 更新成功：汪苏泷 - 如果爱忘了 (live) (ID: 2124385868) - 标准、无损音质
[2026-04-16 21:33:19] 更新成功：Dizzy Dizzo (蔡诗芸) - 雨过后的风景 (ID: 215382) - 标准、无损音质
[2026-04-16 21:33:19] 更新完成：成功更新 2 首歌曲
[2026-04-16 21:48:12] 开始更新音乐URL...
[2026-04-16 21:48:12] 备份创建成功：backups/music_data_2026-04-16_21-48-12.json
[2026-04-16 21:48:15] 更新成功：汪苏泷 - 如果爱忘了 (live) (ID: 2124385868) - 标准、无损音质
[2026-04-16 21:48:18] 更新成功：Dizzy Dizzo (蔡诗芸) - 雨过后的风景 (ID: 215382) - 标准、无损音质
[2026-04-16 21:48:18] 更新完成：成功更新 2 首歌曲
[2026-04-16 22:03:12] 开始更新音乐URL...
[2026-04-16 22:03:12] 备份创建成功：backups/music_data_2026-04-16_22-03-12.json
[2026-04-16 22:03:17] 更新成功：汪苏泷 - 如果爱忘了 (live) (ID: 2124385868) - 标准、无损音质
[2026-04-16 22:03:22] 更新成功：Dizzy Dizzo (蔡诗芸) - 雨过后的风景 (ID: 215382) - 标准、无损音质
[2026-04-16 22:03:23] 更新完成：成功更新 2 首歌曲
[2026-04-16 22:18:12] 开始更新音乐URL...
[2026-04-16 22:18:12] 备份创建成功：backups/music_data_2026-04-16_22-18-12.json
[2026-04-16 22:18:17] 更新成功：汪苏泷 - 如果爱忘了 (live) (ID: 2124385868) - 标准、无损音质
[2026-04-16 22:18:19] 更新成功：Dizzy Dizzo (蔡诗芸) - 雨过后的风景 (ID: 215382) - 标准、无损音质
[2026-04-16 22:18:20] 更新完成：成功更新 2 首歌曲
[2026-04-16 22:33:12] 开始更新音乐URL...
[2026-04-16 22:33:12] 备份创建成功：backups/music_data_2026-04-16_22-33-12.json
[2026-04-16 22:33:14] 更新成功：汪苏泷 - 如果爱忘了 (live) (ID: 2124385868) - 标准、无损音质
[2026-04-16 22:33:18] 更新成功：Dizzy Dizzo (蔡诗芸) - 雨过后的风景 (ID: 215382) - 标准、无损音质
[2026-04-16 22:33:18] 更新完成：成功更新 2 首歌曲
[2026-04-16 22:48:12] 开始更新音乐URL...
[2026-04-16 22:48:12] 备份创建成功：backups/music_data_2026-04-16_22-48-12.json
[2026-04-16 22:48:18] 更新成功：汪苏泷 - 如果爱忘了 (live) (ID: 2124385868) - 标准、无损音质
[2026-04-16 22:48:20] 更新成功：Dizzy Dizzo (蔡诗芸) - 雨过后的风景 (ID: 215382) - 标准、无损音质
[2026-04-16 22:48:21] 更新完成：成功更新 2 首歌曲
[2026-04-16 23:03:12] 开始更新音乐URL...
[2026-04-16 23:03:12] 备份创建成功：backups/music_data_2026-04-16_23-03-12.json
[2026-04-16 23:03:17] 更新成功：汪苏泷 - 如果爱忘了 (live) (ID: 2124385868) - 标准、无损音质
[2026-04-16 23:03:22] 更新成功：Dizzy Dizzo (蔡诗芸) - 雨过后的风景 (ID: 215382) - 标准、无损音质
[2026-04-16 23:03:23] 更新完成：成功更新 2 首歌曲
[2026-04-16 23:18:12] 开始更新音乐URL...
[2026-04-16 23:18:12] 备份创建成功：backups/music_data_2026-04-16_23-18-12.json
[2026-04-16 23:18:19] 更新成功：汪苏泷 - 如果爱忘了 (live) (ID: 2124385868) - 标准、无损音质
[2026-04-16 23:18:22] 更新成功：Dizzy Dizzo (蔡诗芸) - 雨过后的风景 (ID: 215382) - 标准、无损音质
[2026-04-16 23:18:22] 更新完成：成功更新 2 首歌曲
[2026-04-16 23:33:12] 开始更新音乐URL...
[2026-04-16 23:33:12] 备份创建成功：backups/music_data_2026-04-16_23-33-12.json
[2026-04-16 23:33:19] 更新成功：汪苏泷 - 如果爱忘了 (live) (ID: 2124385868) - 标准、无损音质
[2026-04-16 23:33:23] 更新成功：Dizzy Dizzo (蔡诗芸) - 雨过后的风景 (ID: 215382) - 标准、无损音质
[2026-04-16 23:33:24] 更新完成：成功更新 2 首歌曲
[2026-04-16 23:48:12] 开始更新音乐URL...
[2026-04-16 23:48:12] 备份创建成功：backups/music_data_2026-04-16_23-48-12.json
[2026-04-16 23:48:15] 更新成功：汪苏泷 - 如果爱忘了 (live) (ID: 2124385868) - 标准、无损音质
[2026-04-16 23:48:17] 更新成功：Dizzy Dizzo (蔡诗芸) - 雨过后的风景 (ID: 215382) - 标准、无损音质
[2026-04-16 23:48:18] 更新完成：成功更新 2 首歌曲
[2026-04-17 00:03:12] 开始更新音乐URL...
[2026-04-17 00:03:12] 备份创建成功：backups/music_data_2026-04-17_00-03-12.json
[2026-04-17 00:03:15] 更新成功：汪苏泷 - 如果爱忘了 (live) (ID: 2124385868) - 标准、无损音质
[2026-04-17 00:03:18] 更新成功：Dizzy Dizzo (蔡诗芸) - 雨过后的风景 (ID: 215382) - 标准、无损音质
[2026-04-17 00:03:18] 更新完成：成功更新 2 首歌曲
[2026-04-17 00:18:12] 开始更新音乐URL...
[2026-04-17 00:18:12] 备份创建成功：backups/music_data_2026-04-17_00-18-12.json
[2026-04-17 00:18:15] 更新成功：汪苏泷 - 如果爱忘了 (live) (ID: 2124385868) - 标准、无损音质
[2026-04-17 00:18:18] 更新成功：Dizzy Dizzo (蔡诗芸) - 雨过后的风景 (ID: 215382) - 标准、无损音质
[2026-04-17 00:18:18] 更新完成：成功更新 2 首歌曲
[2026-04-17 00:33:12] 开始更新音乐URL...
[2026-04-17 00:33:12] 备份创建成功：backups/music_data_2026-04-17_00-33-12.json
[2026-04-17 00:33:16] 更新成功：汪苏泷 - 如果爱忘了 (live) (ID: 2124385868) - 标准、无损音质
[2026-04-17 00:33:18] 更新成功：Dizzy Dizzo (蔡诗芸) - 雨过后的风景 (ID: 215382) - 标准、无损音质
[2026-04-17 00:33:19] 更新完成：成功更新 2 首歌曲
[2026-04-17 00:48:12] 开始更新音乐URL...
[2026-04-17 00:48:12] 备份创建成功：backups/music_data_2026-04-17_00-48-12.json
[2026-04-17 00:48:15] 更新成功：汪苏泷 - 如果爱忘了 (live) (ID: 2124385868) - 标准、无损音质
[2026-04-17 00:48:17] 更新成功：Dizzy Dizzo (蔡诗芸) - 雨过后的风景 (ID: 215382) - 标准、无损音质
[2026-04-17 00:48:18] 更新完成：成功更新 2 首歌曲
[2026-04-17 01:03:12] 开始更新音乐URL...
[2026-04-17 01:03:12] 备份创建成功：backups/music_data_2026-04-17_01-03-12.json
[2026-04-17 01:03:15] 更新成功：汪苏泷 - 如果爱忘了 (live) (ID: 2124385868) - 标准、无损音质
[2026-04-17 01:03:18] 更新成功：Dizzy Dizzo (蔡诗芸) - 雨过后的风景 (ID: 215382) - 标准、无损音质
[2026-04-17 01:03:19] 更新完成：成功更新 2 首歌曲
[2026-04-17 01:18:12] 开始更新音乐URL...
[2026-04-17 01:18:12] 备份创建成功：backups/music_data_2026-04-17_01-18-12.json
[2026-04-17 01:18:19] 更新成功：汪苏泷 - 如果爱忘了 (live) (ID: 2124385868) - 标准、无损音质
[2026-04-17 01:18:24] 更新成功：Dizzy Dizzo (蔡诗芸) - 雨过后的风景 (ID: 215382) - 标准、无损音质
[2026-04-17 01:18:25] 更新完成：成功更新 2 首歌曲
[2026-04-17 01:33:12] 开始更新音乐URL...
[2026-04-17 01:33:12] 备份创建成功：backups/music_data_2026-04-17_01-33-12.json
[2026-04-17 01:33:19] 更新成功：汪苏泷 - 如果爱忘了 (live) (ID: 2124385868) - 标准、无损音质
[2026-04-17 01:33:23] 更新成功：Dizzy Dizzo (蔡诗芸) - 雨过后的风景 (ID: 215382) - 标准、无损音质
[2026-04-17 01:33:23] 更新完成：成功更新 2 首歌曲
[2026-04-17 01:48:17] 开始更新音乐URL...
[2026-04-17 01:48:17] 备份创建成功：backups/music_data_2026-04-17_01-48-17.json
[2026-04-17 01:48:28] 更新失败：汪苏泷 - 如果爱忘了 (live) (ID: 2124385868) - 所有音质获取失败
[2026-04-17 01:48:34] 更新成功：Dizzy Dizzo (蔡诗芸) - 雨过后的风景 (ID: 215382) - 标准、无损音质
[2026-04-17 01:48:34] 更新完成：成功更新 1 首歌曲，1 首歌曲更新失败
[2026-04-17 02:03:12] 开始更新音乐URL...
[2026-04-17 02:03:12] 备份创建成功：backups/music_data_2026-04-17_02-03-12.json
[2026-04-17 02:03:20] 更新成功：汪苏泷 - 如果爱忘了 (live) (ID: 2124385868) - 标准、无损音质
[2026-04-17 02:03:30] 更新成功：Dizzy Dizzo (蔡诗芸) - 雨过后的风景 (ID: 215382) - 标准、无损音质
[2026-04-17 02:03:31] 更新完成：成功更新 2 首歌曲
[2026-04-17 02:18:12] 开始更新音乐URL...
[2026-04-17 02:18:12] 备份创建成功：backups/music_data_2026-04-17_02-18-12.json
[2026-04-17 02:18:17] 更新成功：汪苏泷 - 如果爱忘了 (live) (ID: 2124385868) - 标准、无损音质
[2026-04-17 02:18:23] 更新成功：Dizzy Dizzo (蔡诗芸) - 雨过后的风景 (ID: 215382) - 标准、无损音质
[2026-04-17 02:18:24] 更新完成：成功更新 2 首歌曲
[2026-04-17 02:33:12] 开始更新音乐URL...
[2026-04-17 02:33:12] 备份创建成功：backups/music_data_2026-04-17_02-33-12.json
[2026-04-17 02:33:14] 更新成功：汪苏泷 - 如果爱忘了 (live) (ID: 2124385868) - 标准、无损音质
[2026-04-17 02:33:16] 更新成功：Dizzy Dizzo (蔡诗芸) - 雨过后的风景 (ID: 215382) - 标准、无损音质
[2026-04-17 02:33:17] 更新完成：成功更新 2 首歌曲
[2026-04-17 02:48:12] 开始更新音乐URL...
[2026-04-17 02:48:12] 备份创建成功：backups/music_data_2026-04-17_02-48-12.json
[2026-04-17 02:48:14] 更新成功：汪苏泷 - 如果爱忘了 (live) (ID: 2124385868) - 标准、无损音质
[2026-04-17 02:48:18] 更新成功：Dizzy Dizzo (蔡诗芸) - 雨过后的风景 (ID: 215382) - 标准、无损音质
[2026-04-17 02:48:18] 更新完成：成功更新 2 首歌曲
[2026-04-17 03:03:12] 开始更新音乐URL...
[2026-04-17 03:03:12] 备份创建成功：backups/music_data_2026-04-17_03-03-12.json
[2026-04-17 03:03:14] 更新成功：汪苏泷 - 如果爱忘了 (live) (ID: 2124385868) - 标准、无损音质
[2026-04-17 03:03:17] 更新成功：Dizzy Dizzo (蔡诗芸) - 雨过后的风景 (ID: 215382) - 标准、无损音质
[2026-04-17 03:03:17] 更新完成：成功更新 2 首歌曲
[2026-04-17 03:18:12] 开始更新音乐URL...
[2026-04-17 03:18:12] 备份创建成功：backups/music_data_2026-04-17_03-18-12.json
[2026-04-17 03:18:14] 更新成功：汪苏泷 - 如果爱忘了 (live) (ID: 2124385868) - 标准、无损音质
[2026-04-17 03:18:17] 更新成功：Dizzy Dizzo (蔡诗芸) - 雨过后的风景 (ID: 215382) - 标准、无损音质
[2026-04-17 03:18:17] 更新完成：成功更新 2 首歌曲
[2026-04-17 03:33:12] 开始更新音乐URL...
[2026-04-17 03:33:12] 备份创建成功：backups/music_data_2026-04-17_03-33-12.json
[2026-04-17 03:33:14] 更新成功：汪苏泷 - 如果爱忘了 (live) (ID: 2124385868) - 标准、无损音质
[2026-04-17 03:33:17] 更新成功：Dizzy Dizzo (蔡诗芸) - 雨过后的风景 (ID: 215382) - 标准、无损音质
[2026-04-17 03:33:17] 更新完成：成功更新 2 首歌曲
[2026-04-17 03:48:12] 开始更新音乐URL...
[2026-04-17 03:48:12] 备份创建成功：backups/music_data_2026-04-17_03-48-12.json
[2026-04-17 03:48:14] 更新成功：汪苏泷 - 如果爱忘了 (live) (ID: 2124385868) - 标准、无损音质
[2026-04-17 03:48:17] 更新成功：Dizzy Dizzo (蔡诗芸) - 雨过后的风景 (ID: 215382) - 标准、无损音质
[2026-04-17 03:48:17] 更新完成：成功更新 2 首歌曲
[2026-04-17 04:03:12] 开始更新音乐URL...
[2026-04-17 04:03:12] 备份创建成功：backups/music_data_2026-04-17_04-03-12.json
[2026-04-17 04:03:14] 更新成功：汪苏泷 - 如果爱忘了 (live) (ID: 2124385868) - 标准、无损音质
[2026-04-17 04:03:17] 更新成功：Dizzy Dizzo (蔡诗芸) - 雨过后的风景 (ID: 215382) - 标准、无损音质
[2026-04-17 04:03:17] 更新完成：成功更新 2 首歌曲
[2026-04-17 04:18:12] 开始更新音乐URL...
[2026-04-17 04:18:12] 备份创建成功：backups/music_data_2026-04-17_04-18-12.json
[2026-04-17 04:18:14] 更新成功：汪苏泷 - 如果爱忘了 (live) (ID: 2124385868) - 标准、无损音质
[2026-04-17 04:18:16] 更新成功：Dizzy Dizzo (蔡诗芸) - 雨过后的风景 (ID: 215382) - 标准、无损音质
[2026-04-17 04:18:17] 更新完成：成功更新 2 首歌曲
[2026-04-17 04:33:12] 开始更新音乐URL...
[2026-04-17 04:33:12] 备份创建成功：backups/music_data_2026-04-17_04-33-12.json
[2026-04-17 04:33:14] 更新成功：汪苏泷 - 如果爱忘了 (live) (ID: 2124385868) - 标准、无损音质
[2026-04-17 04:33:17] 更新成功：Dizzy Dizzo (蔡诗芸) - 雨过后的风景 (ID: 215382) - 标准、无损音质
[2026-04-17 04:33:17] 更新完成：成功更新 2 首歌曲
[2026-04-17 04:48:12] 开始更新音乐URL...
[2026-04-17 04:48:12] 备份创建成功：backups/music_data_2026-04-17_04-48-12.json
[2026-04-17 04:48:32] 更新成功：汪苏泷 - 如果爱忘了 (live) (ID: 2124385868) - 无损音质
[2026-04-17 04:48:40] 更新成功：Dizzy Dizzo (蔡诗芸) - 雨过后的风景 (ID: 215382) - 标准、无损音质
[2026-04-17 04:48:40] 更新完成：成功更新 2 首歌曲
[2026-04-17 05:03:12] 开始更新音乐URL...
[2026-04-17 05:03:12] 备份创建成功：backups/music_data_2026-04-17_05-03-12.json
[2026-04-17 05:03:15] 更新成功：汪苏泷 - 如果爱忘了 (live) (ID: 2124385868) - 标准、无损音质
[2026-04-17 05:03:18] 更新成功：Dizzy Dizzo (蔡诗芸) - 雨过后的风景 (ID: 215382) - 标准、无损音质
[2026-04-17 05:03:18] 更新完成：成功更新 2 首歌曲
[2026-04-17 05:18:12] 开始更新音乐URL...
[2026-04-17 05:18:12] 备份创建成功：backups/music_data_2026-04-17_05-18-12.json
[2026-04-17 05:18:14] 更新成功：汪苏泷 - 如果爱忘了 (live) (ID: 2124385868) - 标准、无损音质
[2026-04-17 05:18:17] 更新成功：Dizzy Dizzo (蔡诗芸) - 雨过后的风景 (ID: 215382) - 标准、无损音质
[2026-04-17 05:18:17] 更新完成：成功更新 2 首歌曲
[2026-04-17 05:33:12] 开始更新音乐URL...
[2026-04-17 05:33:12] 备份创建成功：backups/music_data_2026-04-17_05-33-12.json
[2026-04-17 05:33:14] 更新成功：汪苏泷 - 如果爱忘了 (live) (ID: 2124385868) - 标准、无损音质
[2026-04-17 05:33:17] 更新成功：Dizzy Dizzo (蔡诗芸) - 雨过后的风景 (ID: 215382) - 标准、无损音质
[2026-04-17 05:33:17] 更新完成：成功更新 2 首歌曲
[2026-04-17 05:48:12] 开始更新音乐URL...
[2026-04-17 05:48:12] 备份创建成功：backups/music_data_2026-04-17_05-48-12.json
[2026-04-17 05:48:14] 更新成功：汪苏泷 - 如果爱忘了 (live) (ID: 2124385868) - 标准、无损音质
[2026-04-17 05:48:16] 更新成功：Dizzy Dizzo (蔡诗芸) - 雨过后的风景 (ID: 215382) - 标准、无损音质
[2026-04-17 05:48:17] 更新完成：成功更新 2 首歌曲
[2026-04-17 06:03:12] 开始更新音乐URL...
[2026-04-17 06:03:12] 备份创建成功：backups/music_data_2026-04-17_06-03-12.json
[2026-04-17 06:03:15] 更新成功：汪苏泷 - 如果爱忘了 (live) (ID: 2124385868) - 标准、无损音质
[2026-04-17 06:03:18] 更新成功：Dizzy Dizzo (蔡诗芸) - 雨过后的风景 (ID: 215382) - 标准、无损音质
[2026-04-17 06:03:18] 更新完成：成功更新 2 首歌曲
[2026-04-17 06:18:12] 开始更新音乐URL...
[2026-04-17 06:18:12] 备份创建成功：backups/music_data_2026-04-17_06-18-12.json
[2026-04-17 06:18:19] 更新成功：汪苏泷 - 如果爱忘了 (live) (ID: 2124385868) - 标准、无损音质
[2026-04-17 06:18:23] 更新成功：Dizzy Dizzo (蔡诗芸) - 雨过后的风景 (ID: 215382) - 标准、无损音质
[2026-04-17 06:18:24] 更新完成：成功更新 2 首歌曲
[2026-04-17 06:33:12] 开始更新音乐URL...
[2026-04-17 06:33:12] 备份创建成功：backups/music_data_2026-04-17_06-33-12.json
[2026-04-17 06:33:14] 更新成功：汪苏泷 - 如果爱忘了 (live) (ID: 2124385868) - 标准、无损音质
[2026-04-17 06:33:17] 更新成功：Dizzy Dizzo (蔡诗芸) - 雨过后的风景 (ID: 215382) - 标准、无损音质
[2026-04-17 06:33:17] 更新完成：成功更新 2 首歌曲
[2026-04-17 06:48:12] 开始更新音乐URL...
[2026-04-17 06:48:12] 备份创建成功：backups/music_data_2026-04-17_06-48-12.json
[2026-04-17 06:48:14] 更新成功：汪苏泷 - 如果爱忘了 (live) (ID: 2124385868) - 标准、无损音质
[2026-04-17 06:48:17] 更新成功：Dizzy Dizzo (蔡诗芸) - 雨过后的风景 (ID: 215382) - 标准、无损音质
[2026-04-17 06:48:17] 更新完成：成功更新 2 首歌曲
[2026-04-17 07:03:12] 开始更新音乐URL...
[2026-04-17 07:03:12] 备份创建成功：backups/music_data_2026-04-17_07-03-12.json
[2026-04-17 07:03:14] 更新成功：汪苏泷 - 如果爱忘了 (live) (ID: 2124385868) - 标准、无损音质
[2026-04-17 07:03:17] 更新成功：Dizzy Dizzo (蔡诗芸) - 雨过后的风景 (ID: 215382) - 标准、无损音质
[2026-04-17 07:03:17] 更新完成：成功更新 2 首歌曲
[2026-04-17 07:18:12] 开始更新音乐URL...
[2026-04-17 07:18:12] 备份创建成功：backups/music_data_2026-04-17_07-18-12.json
[2026-04-17 07:18:14] 更新成功：汪苏泷 - 如果爱忘了 (live) (ID: 2124385868) - 标准、无损音质
[2026-04-17 07:18:16] 更新成功：Dizzy Dizzo (蔡诗芸) - 雨过后的风景 (ID: 215382) - 标准、无损音质
[2026-04-17 07:18:17] 更新完成：成功更新 2 首歌曲
[2026-04-17 07:33:12] 开始更新音乐URL...
[2026-04-17 07:33:12] 备份创建成功：backups/music_data_2026-04-17_07-33-12.json
[2026-04-17 07:33:16] 更新成功：汪苏泷 - 如果爱忘了 (live) (ID: 2124385868) - 标准、无损音质
[2026-04-17 07:33:21] 更新成功：Dizzy Dizzo (蔡诗芸) - 雨过后的风景 (ID: 215382) - 标准、无损音质
[2026-04-17 07:33:22] 更新完成：成功更新 2 首歌曲
[2026-04-17 07:48:12] 开始更新音乐URL...
[2026-04-17 07:48:12] 备份创建成功：backups/music_data_2026-04-17_07-48-12.json
[2026-04-17 07:48:16] 更新成功：汪苏泷 - 如果爱忘了 (live) (ID: 2124385868) - 标准、无损音质
[2026-04-17 07:48:22] 更新成功：Dizzy Dizzo (蔡诗芸) - 雨过后的风景 (ID: 215382) - 标准、无损音质
[2026-04-17 07:48:22] 更新完成：成功更新 2 首歌曲
[2026-04-17 08:03:12] 开始更新音乐URL...
[2026-04-17 08:03:12] 备份创建成功：backups/music_data_2026-04-17_08-03-12.json
[2026-04-17 08:03:14] 更新成功：汪苏泷 - 如果爱忘了 (live) (ID: 2124385868) - 标准、无损音质
[2026-04-17 08:03:18] 更新成功：Dizzy Dizzo (蔡诗芸) - 雨过后的风景 (ID: 215382) - 标准、无损音质
[2026-04-17 08:03:18] 更新完成：成功更新 2 首歌曲
[2026-04-17 08:18:12] 开始更新音乐URL...
[2026-04-17 08:18:12] 备份创建成功：backups/music_data_2026-04-17_08-18-12.json
[2026-04-17 08:18:14] 更新成功：汪苏泷 - 如果爱忘了 (live) (ID: 2124385868) - 标准、无损音质
[2026-04-17 08:18:16] 更新成功：Dizzy Dizzo (蔡诗芸) - 雨过后的风景 (ID: 215382) - 标准、无损音质
[2026-04-17 08:18:17] 更新完成：成功更新 2 首歌曲
[2026-04-17 08:33:12] 开始更新音乐URL...
[2026-04-17 08:33:12] 备份创建成功：backups/music_data_2026-04-17_08-33-12.json
[2026-04-17 08:33:17] 更新成功：汪苏泷 - 如果爱忘了 (live) (ID: 2124385868) - 标准、无损音质
[2026-04-17 08:33:22] 更新成功：Dizzy Dizzo (蔡诗芸) - 雨过后的风景 (ID: 215382) - 标准、无损音质
[2026-04-17 08:33:23] 更新完成：成功更新 2 首歌曲
[2026-04-17 08:48:12] 开始更新音乐URL...
[2026-04-17 08:48:12] 备份创建成功：backups/music_data_2026-04-17_08-48-12.json
[2026-04-17 08:48:14] 更新成功：汪苏泷 - 如果爱忘了 (live) (ID: 2124385868) - 标准、无损音质
[2026-04-17 08:48:18] 更新成功：Dizzy Dizzo (蔡诗芸) - 雨过后的风景 (ID: 215382) - 标准、无损音质
[2026-04-17 08:48:18] 更新完成：成功更新 2 首歌曲
[2026-04-17 09:03:12] 开始更新音乐URL...
[2026-04-17 09:03:12] 备份创建成功：backups/music_data_2026-04-17_09-03-12.json
[2026-04-17 09:03:15] 更新成功：汪苏泷 - 如果爱忘了 (live) (ID: 2124385868) - 标准、无损音质
[2026-04-17 09:03:18] 更新成功：Dizzy Dizzo (蔡诗芸) - 雨过后的风景 (ID: 215382) - 标准、无损音质
[2026-04-17 09:03:19] 更新完成：成功更新 2 首歌曲
[2026-04-17 09:18:12] 开始更新音乐URL...
[2026-04-17 09:18:12] 备份创建成功：backups/music_data_2026-04-17_09-18-12.json
[2026-04-17 09:18:17] 更新成功：汪苏泷 - 如果爱忘了 (live) (ID: 2124385868) - 标准、无损音质
[2026-04-17 09:18:20] 更新成功：Dizzy Dizzo (蔡诗芸) - 雨过后的风景 (ID: 215382) - 标准、无损音质
[2026-04-17 09:18:21] 更新完成：成功更新 2 首歌曲
[2026-04-17 09:33:12] 开始更新音乐URL...
[2026-04-17 09:33:12] 备份创建成功：backups/music_data_2026-04-17_09-33-12.json
[2026-04-17 09:33:14] 更新成功：汪苏泷 - 如果爱忘了 (live) (ID: 2124385868) - 标准、无损音质
[2026-04-17 09:33:16] 更新成功：Dizzy Dizzo (蔡诗芸) - 雨过后的风景 (ID: 215382) - 标准、无损音质
[2026-04-17 09:33:17] 更新完成：成功更新 2 首歌曲
[2026-04-17 09:48:12] 开始更新音乐URL...
[2026-04-17 09:48:12] 备份创建成功：backups/music_data_2026-04-17_09-48-12.json
[2026-04-17 09:48:15] 更新成功：汪苏泷 - 如果爱忘了 (live) (ID: 2124385868) - 标准、无损音质
[2026-04-17 09:48:22] 更新成功：Dizzy Dizzo (蔡诗芸) - 雨过后的风景 (ID: 215382) - 标准、无损音质
[2026-04-17 09:48:23] 更新完成：成功更新 2 首歌曲
[2026-04-17 10:03:12] 开始更新音乐URL...
[2026-04-17 10:03:12] 备份创建成功：backups/music_data_2026-04-17_10-03-12.json
[2026-04-17 10:03:18] 更新成功：汪苏泷 - 如果爱忘了 (live) (ID: 2124385868) - 标准、无损音质
[2026-04-17 10:03:23] 更新成功：Dizzy Dizzo (蔡诗芸) - 雨过后的风景 (ID: 215382) - 标准、无损音质
[2026-04-17 10:03:23] 更新完成：成功更新 2 首歌曲
[2026-04-17 10:18:12] 开始更新音乐URL...
[2026-04-17 10:18:12] 备份创建成功：backups/music_data_2026-04-17_10-18-12.json
[2026-04-17 10:18:14] 更新成功：汪苏泷 - 如果爱忘了 (live) (ID: 2124385868) - 标准、无损音质
[2026-04-17 10:18:17] 更新成功：Dizzy Dizzo (蔡诗芸) - 雨过后的风景 (ID: 215382) - 标准、无损音质
[2026-04-17 10:18:17] 更新完成：成功更新 2 首歌曲
[2026-04-17 10:33:12] 开始更新音乐URL...
[2026-04-17 10:33:12] 备份创建成功：backups/music_data_2026-04-17_10-33-12.json
[2026-04-17 10:33:15] 更新成功：汪苏泷 - 如果爱忘了 (live) (ID: 2124385868) - 标准、无损音质
[2026-04-17 10:33:18] 更新成功：Dizzy Dizzo (蔡诗芸) - 雨过后的风景 (ID: 215382) - 标准、无损音质
[2026-04-17 10:33:19] 更新完成：成功更新 2 首歌曲
[2026-04-17 10:48:12] 开始更新音乐URL...
[2026-04-17 10:48:12] 备份创建成功：backups/music_data_2026-04-17_10-48-12.json
[2026-04-17 10:48:16] 更新成功：汪苏泷 - 如果爱忘了 (live) (ID: 2124385868) - 标准、无损音质
[2026-04-17 10:48:20] 更新成功：Dizzy Dizzo (蔡诗芸) - 雨过后的风景 (ID: 215382) - 标准、无损音质
[2026-04-17 10:48:21] 更新完成：成功更新 2 首歌曲
[2026-04-17 11:03:12] 开始更新音乐URL...
[2026-04-17 11:03:12] 备份创建成功：backups/music_data_2026-04-17_11-03-12.json
[2026-04-17 11:03:14] 更新成功：汪苏泷 - 如果爱忘了 (live) (ID: 2124385868) - 标准、无损音质
[2026-04-17 11:03:17] 更新成功：Dizzy Dizzo (蔡诗芸) - 雨过后的风景 (ID: 215382) - 标准、无损音质
[2026-04-17 11:03:17] 更新完成：成功更新 2 首歌曲
[2026-04-17 11:18:12] 开始更新音乐URL...
[2026-04-17 11:18:12] 备份创建成功：backups/music_data_2026-04-17_11-18-12.json
[2026-04-17 11:18:41] 更新成功：汪苏泷 - 如果爱忘了 (live) (ID: 2124385868) - 无损音质
[2026-04-17 11:18:51] 更新成功：Dizzy Dizzo (蔡诗芸) - 雨过后的风景 (ID: 215382) - 标准、无损音质
[2026-04-17 11:18:52] 更新完成：成功更新 2 首歌曲
[2026-04-17 11:33:12] 开始更新音乐URL...
[2026-04-17 11:33:12] 备份创建成功：backups/music_data_2026-04-17_11-33-12.json
[2026-04-17 11:33:19] 更新成功：汪苏泷 - 如果爱忘了 (live) (ID: 2124385868) - 标准、无损音质
[2026-04-17 11:33:26] 更新成功：Dizzy Dizzo (蔡诗芸) - 雨过后的风景 (ID: 215382) - 标准、无损音质
[2026-04-17 11:33:26] 更新完成：成功更新 2 首歌曲
[2026-04-17 11:48:12] 开始更新音乐URL...
[2026-04-17 11:48:12] 备份创建成功：backups/music_data_2026-04-17_11-48-12.json
[2026-04-17 11:48:17] 更新成功：汪苏泷 - 如果爱忘了 (live) (ID: 2124385868) - 标准、无损音质
[2026-04-17 11:48:22] 更新成功：Dizzy Dizzo (蔡诗芸) - 雨过后的风景 (ID: 215382) - 标准、无损音质
[2026-04-17 11:48:23] 更新完成：成功更新 2 首歌曲
[2026-04-17 12:03:12] 开始更新音乐URL...
[2026-04-17 12:03:12] 备份创建成功：backups/music_data_2026-04-17_12-03-12.json
[2026-04-17 12:03:20] 更新成功：汪苏泷 - 如果爱忘了 (live) (ID: 2124385868) - 无损音质
[2026-04-17 12:03:26] 更新成功：Dizzy Dizzo (蔡诗芸) - 雨过后的风景 (ID: 215382) - 标准、无损音质
[2026-04-17 12:03:27] 更新完成：成功更新 2 首歌曲
[2026-04-17 12:18:12] 开始更新音乐URL...
[2026-04-17 12:18:12] 备份创建成功：backups/music_data_2026-04-17_12-18-12.json
[2026-04-17 12:18:17] 更新成功：汪苏泷 - 如果爱忘了 (live) (ID: 2124385868) - 标准、无损音质
[2026-04-17 12:18:19] 更新成功：Dizzy Dizzo (蔡诗芸) - 雨过后的风景 (ID: 215382) - 标准、无损音质
[2026-04-17 12:18:20] 更新完成：成功更新 2 首歌曲
[2026-04-17 12:33:12] 开始更新音乐URL...
[2026-04-17 12:33:12] 备份创建成功：backups/music_data_2026-04-17_12-33-12.json
[2026-04-17 12:33:15] 更新成功：汪苏泷 - 如果爱忘了 (live) (ID: 2124385868) - 标准、无损音质
[2026-04-17 12:33:17] 更新成功：Dizzy Dizzo (蔡诗芸) - 雨过后的风景 (ID: 215382) - 标准、无损音质
[2026-04-17 12:33:18] 更新完成：成功更新 2 首歌曲
[2026-04-17 12:48:12] 开始更新音乐URL...
[2026-04-17 12:48:12] 备份创建成功：backups/music_data_2026-04-17_12-48-12.json
[2026-04-17 12:48:16] 更新成功：汪苏泷 - 如果爱忘了 (live) (ID: 2124385868) - 标准、无损音质
[2026-04-17 12:48:19] 更新成功：Dizzy Dizzo (蔡诗芸) - 雨过后的风景 (ID: 215382) - 标准、无损音质
[2026-04-17 12:48:19] 更新完成：成功更新 2 首歌曲
[2026-04-17 13:03:12] 开始更新音乐URL...
[2026-04-17 13:03:12] 备份创建成功：backups/music_data_2026-04-17_13-03-12.json
[2026-04-17 13:03:15] 更新成功：汪苏泷 - 如果爱忘了 (live) (ID: 2124385868) - 标准、无损音质
[2026-04-17 13:03:18] 更新成功：Dizzy Dizzo (蔡诗芸) - 雨过后的风景 (ID: 215382) - 标准、无损音质
[2026-04-17 13:03:19] 更新完成：成功更新 2 首歌曲
[2026-04-17 13:18:12] 开始更新音乐URL...
[2026-04-17 13:18:12] 备份创建成功：backups/music_data_2026-04-17_13-18-12.json
[2026-04-17 13:18:18] 更新成功：汪苏泷 - 如果爱忘了 (live) (ID: 2124385868) - 标准、无损音质
[2026-04-17 13:18:24] 更新成功：Dizzy Dizzo (蔡诗芸) - 雨过后的风景 (ID: 215382) - 标准、无损音质
[2026-04-17 13:18:24] 更新完成：成功更新 2 首歌曲
[2026-04-17 13:33:12] 开始更新音乐URL...
[2026-04-17 13:33:12] 备份创建成功：backups/music_data_2026-04-17_13-33-12.json
[2026-04-17 13:33:17] 更新成功：汪苏泷 - 如果爱忘了 (live) (ID: 2124385868) - 标准、无损音质
[2026-04-17 13:33:22] 更新成功：Dizzy Dizzo (蔡诗芸) - 雨过后的风景 (ID: 215382) - 标准、无损音质
[2026-04-17 13:33:22] 更新完成：成功更新 2 首歌曲
[2026-04-17 13:48:12] 开始更新音乐URL...
[2026-04-17 13:48:12] 备份创建成功：backups/music_data_2026-04-17_13-48-12.json
[2026-04-17 13:48:19] 更新成功：汪苏泷 - 如果爱忘了 (live) (ID: 2124385868) - 标准、无损音质
[2026-04-17 13:48:23] 更新成功：Dizzy Dizzo (蔡诗芸) - 雨过后的风景 (ID: 215382) - 标准、无损音质
[2026-04-17 13:48:24] 更新完成：成功更新 2 首歌曲
[2026-04-17 14:03:12] 开始更新音乐URL...
[2026-04-17 14:03:12] 备份创建成功：backups/music_data_2026-04-17_14-03-12.json
[2026-04-17 14:03:16] 更新成功：汪苏泷 - 如果爱忘了 (live) (ID: 2124385868) - 标准、无损音质
[2026-04-17 14:03:19] 更新成功：Dizzy Dizzo (蔡诗芸) - 雨过后的风景 (ID: 215382) - 标准、无损音质
[2026-04-17 14:03:19] 更新完成：成功更新 2 首歌曲
[2026-04-17 14:18:12] 开始更新音乐URL...
[2026-04-17 14:18:12] 备份创建成功：backups/music_data_2026-04-17_14-18-12.json
[2026-04-17 14:18:17] 更新成功：汪苏泷 - 如果爱忘了 (live) (ID: 2124385868) - 标准、无损音质
[2026-04-17 14:18:22] 更新成功：Dizzy Dizzo (蔡诗芸) - 雨过后的风景 (ID: 215382) - 标准、无损音质
[2026-04-17 14:18:23] 更新完成：成功更新 2 首歌曲
[2026-04-17 14:33:17] 开始更新音乐URL...
[2026-04-17 14:33:17] 备份创建成功：backups/music_data_2026-04-17_14-33-17.json
[2026-04-17 14:33:22] 更新成功：汪苏泷 - 如果爱忘了 (live) (ID: 2124385868) - 标准、无损音质
[2026-04-17 14:33:29] 更新成功：Dizzy Dizzo (蔡诗芸) - 雨过后的风景 (ID: 215382) - 标准、无损音质
[2026-04-17 14:33:30] 更新完成：成功更新 2 首歌曲
[2026-04-17 14:48:12] 开始更新音乐URL...
[2026-04-17 14:48:12] 备份创建成功：backups/music_data_2026-04-17_14-48-12.json
[2026-04-17 14:48:14] 更新成功：汪苏泷 - 如果爱忘了 (live) (ID: 2124385868) - 标准、无损音质
[2026-04-17 14:48:17] 更新成功：Dizzy Dizzo (蔡诗芸) - 雨过后的风景 (ID: 215382) - 标准、无损音质
[2026-04-17 14:48:17] 更新完成：成功更新 2 首歌曲
[2026-04-17 15:03:12] 开始更新音乐URL...
[2026-04-17 15:03:12] 备份创建成功：backups/music_data_2026-04-17_15-03-12.json
[2026-04-17 15:03:19] 更新成功：汪苏泷 - 如果爱忘了 (live) (ID: 2124385868) - 标准、无损音质
[2026-04-17 15:03:23] 更新成功：Dizzy Dizzo (蔡诗芸) - 雨过后的风景 (ID: 215382) - 标准、无损音质
[2026-04-17 15:03:23] 更新完成：成功更新 2 首歌曲
[2026-04-17 15:18:12] 开始更新音乐URL...
[2026-04-17 15:18:12] 备份创建成功：backups/music_data_2026-04-17_15-18-12.json
[2026-04-17 15:18:14] 更新成功：汪苏泷 - 如果爱忘了 (live) (ID: 2124385868) - 标准、无损音质
[2026-04-17 15:18:16] 更新成功：Dizzy Dizzo (蔡诗芸) - 雨过后的风景 (ID: 215382) - 标准、无损音质
[2026-04-17 15:18:17] 更新完成：成功更新 2 首歌曲
[2026-04-17 15:33:12] 开始更新音乐URL...
[2026-04-17 15:33:12] 备份创建成功：backups/music_data_2026-04-17_15-33-12.json
[2026-04-17 15:33:14] 更新成功：汪苏泷 - 如果爱忘了 (live) (ID: 2124385868) - 标准、无损音质
[2026-04-17 15:33:17] 更新成功：Dizzy Dizzo (蔡诗芸) - 雨过后的风景 (ID: 215382) - 标准、无损音质
[2026-04-17 15:33:17] 更新完成：成功更新 2 首歌曲
[2026-04-17 15:48:12] 开始更新音乐URL...
[2026-04-17 15:48:12] 备份创建成功：backups/music_data_2026-04-17_15-48-12.json
[2026-04-17 15:48:14] 更新成功：汪苏泷 - 如果爱忘了 (live) (ID: 2124385868) - 标准、无损音质
[2026-04-17 15:48:17] 更新成功：Dizzy Dizzo (蔡诗芸) - 雨过后的风景 (ID: 215382) - 标准、无损音质
[2026-04-17 15:48:17] 更新完成：成功更新 2 首歌曲
[2026-04-17 16:03:12] 开始更新音乐URL...
[2026-04-17 16:03:12] 备份创建成功：backups/music_data_2026-04-17_16-03-12.json
[2026-04-17 16:03:14] 更新成功：汪苏泷 - 如果爱忘了 (live) (ID: 2124385868) - 标准、无损音质
[2026-04-17 16:03:16] 更新成功：Dizzy Dizzo (蔡诗芸) - 雨过后的风景 (ID: 215382) - 标准、无损音质
[2026-04-17 16:03:17] 更新完成：成功更新 2 首歌曲
[2026-04-17 16:18:12] 开始更新音乐URL...
[2026-04-17 16:18:12] 备份创建成功：backups/music_data_2026-04-17_16-18-12.json
[2026-04-17 16:18:15] 更新成功：汪苏泷 - 如果爱忘了 (live) (ID: 2124385868) - 标准、无损音质
[2026-04-17 16:18:18] 更新成功：Dizzy Dizzo (蔡诗芸) - 雨过后的风景 (ID: 215382) - 标准、无损音质
[2026-04-17 16:18:18] 更新完成：成功更新 2 首歌曲
[2026-04-17 16:33:12] 开始更新音乐URL...
[2026-04-17 16:33:12] 备份创建成功：backups/music_data_2026-04-17_16-33-12.json
[2026-04-17 16:33:14] 更新成功：汪苏泷 - 如果爱忘了 (live) (ID: 2124385868) - 标准、无损音质
[2026-04-17 16:33:17] 更新成功：Dizzy Dizzo (蔡诗芸) - 雨过后的风景 (ID: 215382) - 标准、无损音质
[2026-04-17 16:33:18] 更新完成：成功更新 2 首歌曲
[2026-04-17 16:48:12] 开始更新音乐URL...
[2026-04-17 16:48:12] 备份创建成功：backups/music_data_2026-04-17_16-48-12.json
[2026-04-17 16:48:14] 更新成功：汪苏泷 - 如果爱忘了 (live) (ID: 2124385868) - 标准、无损音质
[2026-04-17 16:48:16] 更新成功：Dizzy Dizzo (蔡诗芸) - 雨过后的风景 (ID: 215382) - 标准、无损音质
[2026-04-17 16:48:17] 更新完成：成功更新 2 首歌曲
[2026-04-17 17:03:12] 开始更新音乐URL...
[2026-04-17 17:03:12] 备份创建成功：backups/music_data_2026-04-17_17-03-12.json
[2026-04-17 17:03:14] 更新成功：汪苏泷 - 如果爱忘了 (live) (ID: 2124385868) - 标准、无损音质
[2026-04-17 17:03:16] 更新成功：Dizzy Dizzo (蔡诗芸) - 雨过后的风景 (ID: 215382) - 标准、无损音质
[2026-04-17 17:03:17] 更新完成：成功更新 2 首歌曲
[2026-04-17 17:18:12] 开始更新音乐URL...
[2026-04-17 17:18:12] 备份创建成功：backups/music_data_2026-04-17_17-18-12.json
[2026-04-17 17:18:14] 更新成功：汪苏泷 - 如果爱忘了 (live) (ID: 2124385868) - 标准、无损音质
[2026-04-17 17:18:17] 更新成功：Dizzy Dizzo (蔡诗芸) - 雨过后的风景 (ID: 215382) - 标准、无损音质
[2026-04-17 17:18:17] 更新完成：成功更新 2 首歌曲
[2026-04-17 17:33:12] 开始更新音乐URL...
[2026-04-17 17:33:12] 备份创建成功：backups/music_data_2026-04-17_17-33-12.json
[2026-04-17 17:33:14] 更新成功：汪苏泷 - 如果爱忘了 (live) (ID: 2124385868) - 标准、无损音质
[2026-04-17 17:33:16] 更新成功：Dizzy Dizzo (蔡诗芸) - 雨过后的风景 (ID: 215382) - 标准、无损音质
[2026-04-17 17:33:17] 更新完成：成功更新 2 首歌曲
[2026-04-17 17:48:12] 开始更新音乐URL...
[2026-04-17 17:48:12] 备份创建成功：backups/music_data_2026-04-17_17-48-12.json
[2026-04-17 17:48:14] 更新成功：汪苏泷 - 如果爱忘了 (live) (ID: 2124385868) - 标准、无损音质
[2026-04-17 17:48:17] 更新成功：Dizzy Dizzo (蔡诗芸) - 雨过后的风景 (ID: 215382) - 标准、无损音质
[2026-04-17 17:48:17] 更新完成：成功更新 2 首歌曲
[2026-04-17 18:03:12] 开始更新音乐URL...
[2026-04-17 18:03:12] 备份创建成功：backups/music_data_2026-04-17_18-03-12.json
[2026-04-17 18:03:13] 更新成功：汪苏泷 - 如果爱忘了 (live) (ID: 2124385868) - 标准、无损音质
[2026-04-17 18:03:16] 更新成功：Dizzy Dizzo (蔡诗芸) - 雨过后的风景 (ID: 215382) - 标准、无损音质
[2026-04-17 18:03:16] 更新完成：成功更新 2 首歌曲
[2026-04-17 18:18:12] 开始更新音乐URL...
[2026-04-17 18:18:12] 备份创建成功：backups/music_data_2026-04-17_18-18-12.json
[2026-04-17 18:18:14] 更新成功：汪苏泷 - 如果爱忘了 (live) (ID: 2124385868) - 标准、无损音质
[2026-04-17 18:18:16] 更新成功：Dizzy Dizzo (蔡诗芸) - 雨过后的风景 (ID: 215382) - 标准、无损音质
[2026-04-17 18:18:17] 更新完成：成功更新 2 首歌曲
[2026-04-17 18:33:12] 开始更新音乐URL...
[2026-04-17 18:33:12] 备份创建成功：backups/music_data_2026-04-17_18-33-12.json
[2026-04-17 18:33:14] 更新成功：汪苏泷 - 如果爱忘了 (live) (ID: 2124385868) - 标准、无损音质
[2026-04-17 18:33:17] 更新成功：Dizzy Dizzo (蔡诗芸) - 雨过后的风景 (ID: 215382) - 标准、无损音质
[2026-04-17 18:33:17] 更新完成：成功更新 2 首歌曲
[2026-04-17 18:48:12] 开始更新音乐URL...
[2026-04-17 18:48:12] 备份创建成功：backups/music_data_2026-04-17_18-48-12.json
[2026-04-17 18:48:14] 更新成功：汪苏泷 - 如果爱忘了 (live) (ID: 2124385868) - 标准、无损音质
[2026-04-17 18:48:16] 更新成功：Dizzy Dizzo (蔡诗芸) - 雨过后的风景 (ID: 215382) - 标准、无损音质
[2026-04-17 18:48:17] 更新完成：成功更新 2 首歌曲
[2026-04-17 19:03:12] 开始更新音乐URL...
[2026-04-17 19:03:12] 备份创建成功：backups/music_data_2026-04-17_19-03-12.json
[2026-04-17 19:03:22] 更新成功：汪苏泷 - 如果爱忘了 (live) (ID: 2124385868) - 无损音质
[2026-04-17 19:03:24] 更新成功：Dizzy Dizzo (蔡诗芸) - 雨过后的风景 (ID: 215382) - 标准、无损音质
[2026-04-17 19:03:25] 更新完成：成功更新 2 首歌曲
[2026-05-01 12:15:01] 开始更新音乐URL...
[2026-05-01 12:15:01] 备份创建成功：backups/music_data_2026-05-01_12-15-01.json
[2026-05-01 12:15:01] 错误：无法解析music_data.json
[2026-05-01 12:29:51] 开始更新音乐URL...
[2026-05-01 12:29:51] 备份创建成功：backups/music_data_2026-05-01_12-29-51.json
[2026-05-01 12:29:51] 错误：无法解析music_data.json
[2026-05-01 12:44:51] 开始更新音乐URL...
[2026-05-01 12:44:51] 备份创建成功：backups/music_data_2026-05-01_12-44-51.json
[2026-05-01 12:44:51] 错误：无法解析music_data.json
[2026-05-01 12:59:51] 开始更新音乐URL...
[2026-05-01 12:59:51] 备份创建成功：backups/music_data_2026-05-01_12-59-51.json
[2026-05-01 12:59:51] 错误：无法解析music_data.json
[2026-05-01 13:16:09] 开始更新音乐URL...
[2026-05-01 13:16:09] 备份创建成功：backups/music_data_2026-05-01_13-16-09.json
[2026-05-01 13:16:09] 错误：无法解析music_data.json
[2026-05-01 13:29:51] 开始更新音乐URL...
[2026-05-01 13:29:51] 备份创建成功：backups/music_data_2026-05-01_13-29-51.json
[2026-05-01 13:29:53] 更新成功：江辰 - 锈 (我们两个都拉过勾) (ID: 2648204040) - 标准、无损音质
[2026-05-01 13:29:53] 更新完成：成功更新 1 首歌曲
[2026-05-01 13:44:51] 开始更新音乐URL...
[2026-05-01 13:44:51] 备份创建成功：backups/music_data_2026-05-01_13-44-51.json
[2026-05-01 13:44:54] 更新成功：江辰 - 锈 (我们两个都拉过勾) (ID: 2648204040) - 标准、无损音质
[2026-05-01 13:44:55] 更新完成：成功更新 1 首歌曲
[2026-05-01 14:00:11] 开始更新音乐URL...
[2026-05-01 14:00:11] 备份创建成功：backups/music_data_2026-05-01_14-00-11.json
[2026-05-01 14:00:14] 更新成功：江辰 - 锈 (我们两个都拉过勾) (ID: 2648204040) - 标准、无损音质
[2026-05-01 14:00:14] 更新完成：成功更新 1 首歌曲
[2026-05-01 14:14:51] 开始更新音乐URL...
[2026-05-01 14:14:51] 备份创建成功：backups/music_data_2026-05-01_14-14-51.json
[2026-05-01 14:14:53] 更新成功：江辰 - 锈 (我们两个都拉过勾) (ID: 2648204040) - 标准、无损音质
[2026-05-01 14:14:54] 更新完成：成功更新 1 首歌曲
[2026-05-01 14:29:51] 开始更新音乐URL...
[2026-05-01 14:29:51] 备份创建成功：backups/music_data_2026-05-01_14-29-51.json
[2026-05-01 14:29:54] 更新成功：江辰 - 锈 (我们两个都拉过勾) (ID: 2648204040) - 标准、无损音质
[2026-05-01 14:29:55] 更新完成：成功更新 1 首歌曲
[2026-05-01 14:44:52] 开始更新音乐URL...
[2026-05-01 14:44:52] 备份创建成功：backups/music_data_2026-05-01_14-44-52.json
[2026-05-01 14:44:55] 更新成功：江辰 - 锈 (我们两个都拉过勾) (ID: 2648204040) - 标准、无损音质
[2026-05-01 14:44:55] 更新完成：成功更新 1 首歌曲
[2026-05-01 14:59:51] 开始更新音乐URL...
[2026-05-01 14:59:51] 备份创建成功：backups/music_data_2026-05-01_14-59-51.json
[2026-05-01 14:59:55] 更新成功：江辰 - 锈 (我们两个都拉过勾) (ID: 2648204040) - 标准、无损音质
[2026-05-01 14:59:56] 更新完成：成功更新 1 首歌曲
[2026-05-01 15:14:53] 开始更新音乐URL...
[2026-05-01 15:14:53] 备份创建成功：backups/music_data_2026-05-01_15-14-53.json
[2026-05-01 15:14:56] 更新成功：江辰 - 锈 (我们两个都拉过勾) (ID: 2648204040) - 标准、无损音质
[2026-05-01 15:14:57] 更新完成：成功更新 1 首歌曲
[2026-05-01 15:29:51] 开始更新音乐URL...
[2026-05-01 15:29:51] 备份创建成功：backups/music_data_2026-05-01_15-29-51.json
[2026-05-01 15:29:57] 更新成功：江辰 - 锈 (我们两个都拉过勾) (ID: 2648204040) - 标准、无损音质
[2026-05-01 15:29:57] 更新完成：成功更新 1 首歌曲
[2026-05-01 15:44:51] 开始更新音乐URL...
[2026-05-01 15:44:51] 备份创建成功：backups/music_data_2026-05-01_15-44-51.json
[2026-05-01 15:44:53] 更新成功：江辰 - 锈 (我们两个都拉过勾) (ID: 2648204040) - 标准、无损音质
[2026-05-01 15:44:54] 更新完成：成功更新 1 首歌曲
[2026-05-01 15:59:56] 开始更新音乐URL...
[2026-05-01 15:59:56] 备份创建成功：backups/music_data_2026-05-01_15-59-56.json
[2026-05-01 16:00:00] 更新成功：江辰 - 锈 (我们两个都拉过勾) (ID: 2648204040) - 标准、无损音质
[2026-05-01 16:00:00] 更新完成：成功更新 1 首歌曲
[2026-05-01 16:14:51] 开始更新音乐URL...
[2026-05-01 16:14:51] 备份创建成功：backups/music_data_2026-05-01_16-14-51.json
[2026-05-01 16:14:55] 更新成功：江辰 - 锈 (我们两个都拉过勾) (ID: 2648204040) - 标准、无损音质
[2026-05-01 16:14:55] 更新完成：成功更新 1 首歌曲
[2026-05-01 16:29:52] 开始更新音乐URL...
[2026-05-01 16:29:52] 备份创建成功：backups/music_data_2026-05-01_16-29-52.json
[2026-05-01 16:29:56] 更新成功：江辰 - 锈 (我们两个都拉过勾) (ID: 2648204040) - 标准、无损音质
[2026-05-01 16:29:56] 更新完成：成功更新 1 首歌曲
[2026-05-01 16:44:51] 开始更新音乐URL...
[2026-05-01 16:44:51] 备份创建成功：backups/music_data_2026-05-01_16-44-51.json
[2026-05-01 16:44:55] 更新成功：江辰 - 锈 (我们两个都拉过勾) (ID: 2648204040) - 标准、无损音质
[2026-05-01 16:44:55] 更新完成：成功更新 1 首歌曲
[2026-05-01 16:59:51] 开始更新音乐URL...
[2026-05-01 16:59:51] 备份创建成功：backups/music_data_2026-05-01_16-59-51.json
[2026-05-01 16:59:54] 更新成功：江辰 - 锈 (我们两个都拉过勾) (ID: 2648204040) - 标准、无损音质
[2026-05-01 16:59:54] 更新完成：成功更新 1 首歌曲
[2026-05-01 17:14:51] 开始更新音乐URL...
[2026-05-01 17:14:51] 备份创建成功：backups/music_data_2026-05-01_17-14-51.json
[2026-05-01 17:14:57] 更新成功：江辰 - 锈 (我们两个都拉过勾) (ID: 2648204040) - 标准、无损音质
[2026-05-01 17:14:57] 更新完成：成功更新 1 首歌曲
[2026-05-01 17:29:51] 开始更新音乐URL...
[2026-05-01 17:29:51] 备份创建成功：backups/music_data_2026-05-01_17-29-51.json
[2026-05-01 17:29:54] 更新成功：江辰 - 锈 (我们两个都拉过勾) (ID: 2648204040) - 标准、无损音质
[2026-05-01 17:29:55] 更新完成：成功更新 1 首歌曲
[2026-05-01 17:44:51] 开始更新音乐URL...
[2026-05-01 17:44:51] 备份创建成功：backups/music_data_2026-05-01_17-44-51.json
[2026-05-01 17:44:57] 更新成功：江辰 - 锈 (我们两个都拉过勾) (ID: 2648204040) - 标准、无损音质
[2026-05-01 17:44:58] 更新完成：成功更新 1 首歌曲
[2026-05-01 17:59:51] 开始更新音乐URL...
[2026-05-01 17:59:51] 备份创建成功：backups/music_data_2026-05-01_17-59-51.json
[2026-05-01 17:59:55] 更新成功：江辰 - 锈 (我们两个都拉过勾) (ID: 2648204040) - 标准、无损音质
[2026-05-01 17:59:56] 更新完成：成功更新 1 首歌曲
[2026-05-01 18:14:51] 开始更新音乐URL...
[2026-05-01 18:14:51] 备份创建成功：backups/music_data_2026-05-01_18-14-51.json
[2026-05-01 18:14:54] 更新成功：江辰 - 锈 (我们两个都拉过勾) (ID: 2648204040) - 标准、无损音质
[2026-05-01 18:14:54] 更新完成：成功更新 1 首歌曲
[2026-05-01 18:29:51] 开始更新音乐URL...
[2026-05-01 18:29:51] 备份创建成功：backups/music_data_2026-05-01_18-29-51.json
[2026-05-01 18:29:54] 更新成功：江辰 - 锈 (我们两个都拉过勾) (ID: 2648204040) - 标准、无损音质
[2026-05-01 18:29:54] 更新完成：成功更新 1 首歌曲
[2026-05-01 18:44:51] 开始更新音乐URL...
[2026-05-01 18:44:51] 备份创建成功：backups/music_data_2026-05-01_18-44-51.json
[2026-05-01 18:44:54] 更新成功：江辰 - 锈 (我们两个都拉过勾) (ID: 2648204040) - 标准、无损音质
[2026-05-01 18:44:54] 更新完成：成功更新 1 首歌曲
[2026-05-01 18:59:51] 开始更新音乐URL...
[2026-05-01 18:59:51] 备份创建成功：backups/music_data_2026-05-01_18-59-51.json
[2026-05-01 18:59:54] 更新成功：江辰 - 锈 (我们两个都拉过勾) (ID: 2648204040) - 标准、无损音质
[2026-05-01 18:59:55] 更新完成：成功更新 1 首歌曲
[2026-05-01 19:14:51] 开始更新音乐URL...
[2026-05-01 19:14:51] 备份创建成功：backups/music_data_2026-05-01_19-14-51.json
[2026-05-01 19:14:54] 更新成功：江辰 - 锈 (我们两个都拉过勾) (ID: 2648204040) - 标准、无损音质
[2026-05-01 19:14:55] 更新完成：成功更新 1 首歌曲
[2026-05-01 19:29:51] 开始更新音乐URL...
[2026-05-01 19:29:51] 备份创建成功：backups/music_data_2026-05-01_19-29-51.json
[2026-05-01 19:29:53] 更新成功：江辰 - 锈 (我们两个都拉过勾) (ID: 2648204040) - 标准、无损音质
[2026-05-01 19:29:53] 更新完成：成功更新 1 首歌曲
[2026-05-01 19:44:51] 开始更新音乐URL...
[2026-05-01 19:44:51] 备份创建成功：backups/music_data_2026-05-01_19-44-51.json
[2026-05-01 19:44:53] 更新成功：江辰 - 锈 (我们两个都拉过勾) (ID: 2648204040) - 标准、无损音质
[2026-05-01 19:44:54] 更新完成：成功更新 1 首歌曲
[2026-05-01 19:59:51] 开始更新音乐URL...
[2026-05-01 19:59:51] 备份创建成功：backups/music_data_2026-05-01_19-59-51.json
[2026-05-01 19:59:53] 更新成功：江辰 - 锈 (我们两个都拉过勾) (ID: 2648204040) - 标准、无损音质
[2026-05-01 19:59:54] 更新完成：成功更新 1 首歌曲
[2026-05-01 20:14:51] 开始更新音乐URL...
[2026-05-01 20:14:51] 备份创建成功：backups/music_data_2026-05-01_20-14-51.json
[2026-05-01 20:14:54] 更新成功：江辰 - 锈 (我们两个都拉过勾) (ID: 2648204040) - 标准、无损音质
[2026-05-01 20:14:54] 更新完成：成功更新 1 首歌曲
[2026-05-01 20:29:51] 开始更新音乐URL...
[2026-05-01 20:29:51] 备份创建成功：backups/music_data_2026-05-01_20-29-51.json
[2026-05-01 20:29:54] 更新成功：江辰 - 锈 (我们两个都拉过勾) (ID: 2648204040) - 标准、无损音质
[2026-05-01 20:29:54] 更新完成：成功更新 1 首歌曲
[2026-05-01 20:44:51] 开始更新音乐URL...
[2026-05-01 20:44:51] 备份创建成功：backups/music_data_2026-05-01_20-44-51.json
[2026-05-01 20:44:54] 更新成功：江辰 - 锈 (我们两个都拉过勾) (ID: 2648204040) - 标准、无损音质
[2026-05-01 20:44:54] 更新完成：成功更新 1 首歌曲
[2026-05-01 20:59:51] 开始更新音乐URL...
[2026-05-01 20:59:51] 备份创建成功：backups/music_data_2026-05-01_20-59-51.json
[2026-05-01 20:59:54] 更新成功：江辰 - 锈 (我们两个都拉过勾) (ID: 2648204040) - 标准、无损音质
[2026-05-01 20:59:55] 更新完成：成功更新 1 首歌曲
[2026-05-01 21:14:51] 开始更新音乐URL...
[2026-05-01 21:14:51] 备份创建成功：backups/music_data_2026-05-01_21-14-51.json
[2026-05-01 21:15:02] 更新成功：江辰 - 锈 (我们两个都拉过勾) (ID: 2648204040) - 标准、无损音质
[2026-05-01 21:15:03] 更新完成：成功更新 1 首歌曲
[2026-05-01 21:29:51] 开始更新音乐URL...
[2026-05-01 21:29:51] 备份创建成功：backups/music_data_2026-05-01_21-29-51.json
[2026-05-01 21:29:55] 更新成功：江辰 - 锈 (我们两个都拉过勾) (ID: 2648204040) - 标准、无损音质
[2026-05-01 21:29:55] 更新完成：成功更新 1 首歌曲
[2026-05-01 21:44:51] 开始更新音乐URL...
[2026-05-01 21:44:51] 备份创建成功：backups/music_data_2026-05-01_21-44-51.json
[2026-05-01 21:44:55] 更新成功：江辰 - 锈 (我们两个都拉过勾) (ID: 2648204040) - 标准、无损音质
[2026-05-01 21:44:55] 更新完成：成功更新 1 首歌曲
[2026-05-01 21:59:51] 开始更新音乐URL...
[2026-05-01 21:59:51] 备份创建成功：backups/music_data_2026-05-01_21-59-51.json
[2026-05-01 21:59:55] 更新成功：江辰 - 锈 (我们两个都拉过勾) (ID: 2648204040) - 标准、无损音质
[2026-05-01 21:59:55] 更新完成：成功更新 1 首歌曲
[2026-05-01 22:14:51] 开始更新音乐URL...
[2026-05-01 22:14:51] 备份创建成功：backups/music_data_2026-05-01_22-14-51.json
[2026-05-01 22:14:55] 更新成功：江辰 - 锈 (我们两个都拉过勾) (ID: 2648204040) - 标准、无损音质
[2026-05-01 22:14:55] 更新完成：成功更新 1 首歌曲
[2026-05-01 22:29:51] 开始更新音乐URL...
[2026-05-01 22:29:51] 备份创建成功：backups/music_data_2026-05-01_22-29-51.json
[2026-05-01 22:29:56] 更新成功：江辰 - 锈 (我们两个都拉过勾) (ID: 2648204040) - 标准、无损音质
[2026-05-01 22:29:56] 更新完成：成功更新 1 首歌曲
[2026-05-01 22:44:51] 开始更新音乐URL...
[2026-05-01 22:44:51] 备份创建成功：backups/music_data_2026-05-01_22-44-51.json
[2026-05-01 22:44:54] 更新成功：江辰 - 锈 (我们两个都拉过勾) (ID: 2648204040) - 标准、无损音质
[2026-05-01 22:44:54] 更新完成：成功更新 1 首歌曲
[2026-05-01 22:59:51] 开始更新音乐URL...
[2026-05-01 22:59:51] 备份创建成功：backups/music_data_2026-05-01_22-59-51.json
[2026-05-01 22:59:53] 更新成功：江辰 - 锈 (我们两个都拉过勾) (ID: 2648204040) - 标准、无损音质
[2026-05-01 22:59:54] 更新完成：成功更新 1 首歌曲
[2026-05-01 23:14:51] 开始更新音乐URL...
[2026-05-01 23:14:51] 备份创建成功：backups/music_data_2026-05-01_23-14-51.json
[2026-05-01 23:14:54] 更新成功：江辰 - 锈 (我们两个都拉过勾) (ID: 2648204040) - 标准、无损音质
[2026-05-01 23:14:55] 更新完成：成功更新 1 首歌曲
[2026-05-01 23:29:51] 开始更新音乐URL...
[2026-05-01 23:29:51] 备份创建成功：backups/music_data_2026-05-01_23-29-51.json
[2026-05-01 23:29:55] 更新成功：江辰 - 锈 (我们两个都拉过勾) (ID: 2648204040) - 标准、无损音质
[2026-05-01 23:29:55] 更新完成：成功更新 1 首歌曲
[2026-05-01 23:44:51] 开始更新音乐URL...
[2026-05-01 23:44:51] 备份创建成功：backups/music_data_2026-05-01_23-44-51.json
[2026-05-01 23:44:54] 更新成功：江辰 - 锈 (我们两个都拉过勾) (ID: 2648204040) - 标准、无损音质
[2026-05-01 23:44:55] 更新完成：成功更新 1 首歌曲
[2026-05-01 23:59:51] 开始更新音乐URL...
[2026-05-01 23:59:51] 备份创建成功：backups/music_data_2026-05-01_23-59-51.json
[2026-05-01 23:59:54] 更新成功：江辰 - 锈 (我们两个都拉过勾) (ID: 2648204040) - 标准、无损音质
[2026-05-01 23:59:54] 更新完成：成功更新 1 首歌曲
[2026-05-02 00:14:51] 开始更新音乐URL...
[2026-05-02 00:14:51] 备份创建成功：backups/music_data_2026-05-02_00-14-51.json
[2026-05-02 00:14:54] 更新成功：江辰 - 锈 (我们两个都拉过勾) (ID: 2648204040) - 标准、无损音质
[2026-05-02 00:14:54] 更新完成：成功更新 1 首歌曲
[2026-05-02 00:29:51] 开始更新音乐URL...
[2026-05-02 00:29:51] 备份创建成功：backups/music_data_2026-05-02_00-29-51.json
[2026-05-02 00:29:53] 更新成功：江辰 - 锈 (我们两个都拉过勾) (ID: 2648204040) - 标准、无损音质
[2026-05-02 00:29:53] 更新完成：成功更新 1 首歌曲
[2026-05-02 00:44:51] 开始更新音乐URL...
[2026-05-02 00:44:51] 备份创建成功：backups/music_data_2026-05-02_00-44-51.json
[2026-05-02 00:44:56] 更新成功：江辰 - 锈 (我们两个都拉过勾) (ID: 2648204040) - 标准、无损音质
[2026-05-02 00:44:57] 更新完成：成功更新 1 首歌曲
[2026-05-02 00:59:51] 开始更新音乐URL...
[2026-05-02 00:59:51] 备份创建成功：backups/music_data_2026-05-02_00-59-51.json
[2026-05-02 00:59:56] 更新成功：江辰 - 锈 (我们两个都拉过勾) (ID: 2648204040) - 标准、无损音质
[2026-05-02 00:59:56] 更新完成：成功更新 1 首歌曲
[2026-05-02 01:14:56] 开始更新音乐URL...
[2026-05-02 01:14:56] 备份创建成功：backups/music_data_2026-05-02_01-14-56.json
[2026-05-02 01:15:07] 更新成功：江辰 - 锈 (我们两个都拉过勾) (ID: 2648204040) - 标准、无损音质
[2026-05-02 01:15:08] 更新完成：成功更新 1 首歌曲
[2026-05-02 01:29:51] 开始更新音乐URL...
[2026-05-02 01:29:51] 备份创建成功：backups/music_data_2026-05-02_01-29-51.json
[2026-05-02 01:29:54] 更新成功：江辰 - 锈 (我们两个都拉过勾) (ID: 2648204040) - 标准、无损音质
[2026-05-02 01:29:54] 更新完成：成功更新 1 首歌曲
[2026-05-02 01:44:51] 开始更新音乐URL...
[2026-05-02 01:44:51] 备份创建成功：backups/music_data_2026-05-02_01-44-51.json
[2026-05-02 01:44:54] 更新成功：江辰 - 锈 (我们两个都拉过勾) (ID: 2648204040) - 标准、无损音质
[2026-05-02 01:44:54] 更新完成：成功更新 1 首歌曲
[2026-05-02 01:59:51] 开始更新音乐URL...
[2026-05-02 01:59:51] 备份创建成功：backups/music_data_2026-05-02_01-59-51.json
[2026-05-02 01:59:57] 更新成功：江辰 - 锈 (我们两个都拉过勾) (ID: 2648204040) - 标准、无损音质
[2026-05-02 01:59:58] 更新完成：成功更新 1 首歌曲
[2026-05-02 02:14:51] 开始更新音乐URL...
[2026-05-02 02:14:51] 备份创建成功：backups/music_data_2026-05-02_02-14-51.json
[2026-05-02 02:14:54] 更新成功：江辰 - 锈 (我们两个都拉过勾) (ID: 2648204040) - 标准、无损音质
[2026-05-02 02:14:54] 更新完成：成功更新 1 首歌曲
[2026-05-02 02:29:51] 开始更新音乐URL...
[2026-05-02 02:29:51] 备份创建成功：backups/music_data_2026-05-02_02-29-51.json
[2026-05-02 02:29:54] 更新成功：江辰 - 锈 (我们两个都拉过勾) (ID: 2648204040) - 标准、无损音质
[2026-05-02 02:29:55] 更新完成：成功更新 1 首歌曲
[2026-05-02 02:44:51] 开始更新音乐URL...
[2026-05-02 02:44:51] 备份创建成功：backups/music_data_2026-05-02_02-44-51.json
[2026-05-02 02:44:54] 更新成功：江辰 - 锈 (我们两个都拉过勾) (ID: 2648204040) - 标准、无损音质
[2026-05-02 02:44:55] 更新完成：成功更新 1 首歌曲
[2026-05-02 02:59:51] 开始更新音乐URL...
[2026-05-02 02:59:51] 备份创建成功：backups/music_data_2026-05-02_02-59-51.json
[2026-05-02 02:59:54] 更新成功：江辰 - 锈 (我们两个都拉过勾) (ID: 2648204040) - 标准、无损音质
[2026-05-02 02:59:55] 更新完成：成功更新 1 首歌曲
[2026-05-02 03:14:51] 开始更新音乐URL...
[2026-05-02 03:14:51] 备份创建成功：backups/music_data_2026-05-02_03-14-51.json
[2026-05-02 03:14:53] 更新成功：江辰 - 锈 (我们两个都拉过勾) (ID: 2648204040) - 标准、无损音质
[2026-05-02 03:14:54] 更新完成：成功更新 1 首歌曲
[2026-05-02 03:29:51] 开始更新音乐URL...
[2026-05-02 03:29:51] 备份创建成功：backups/music_data_2026-05-02_03-29-51.json
[2026-05-02 03:29:54] 更新成功：江辰 - 锈 (我们两个都拉过勾) (ID: 2648204040) - 标准、无损音质
[2026-05-02 03:29:54] 更新完成：成功更新 1 首歌曲
[2026-05-02 03:44:51] 开始更新音乐URL...
[2026-05-02 03:44:51] 备份创建成功：backups/music_data_2026-05-02_03-44-51.json
[2026-05-02 03:44:53] 更新成功：江辰 - 锈 (我们两个都拉过勾) (ID: 2648204040) - 标准、无损音质
[2026-05-02 03:44:54] 更新完成：成功更新 1 首歌曲
[2026-05-02 03:59:51] 开始更新音乐URL...
[2026-05-02 03:59:51] 备份创建成功：backups/music_data_2026-05-02_03-59-51.json
[2026-05-02 03:59:54] 更新成功：江辰 - 锈 (我们两个都拉过勾) (ID: 2648204040) - 标准、无损音质
[2026-05-02 03:59:54] 更新完成：成功更新 1 首歌曲
[2026-05-02 04:14:51] 开始更新音乐URL...
[2026-05-02 04:14:51] 备份创建成功：backups/music_data_2026-05-02_04-14-51.json
[2026-05-02 04:14:53] 更新成功：江辰 - 锈 (我们两个都拉过勾) (ID: 2648204040) - 标准、无损音质
[2026-05-02 04:14:54] 更新完成：成功更新 1 首歌曲
[2026-05-02 04:29:51] 开始更新音乐URL...
[2026-05-02 04:29:51] 备份创建成功：backups/music_data_2026-05-02_04-29-51.json
[2026-05-02 04:29:56] 更新成功：江辰 - 锈 (我们两个都拉过勾) (ID: 2648204040) - 标准、无损音质
[2026-05-02 04:29:57] 更新完成：成功更新 1 首歌曲
[2026-05-02 04:44:51] 开始更新音乐URL...
[2026-05-02 04:44:51] 备份创建成功：backups/music_data_2026-05-02_04-44-51.json
[2026-05-02 04:44:55] 更新成功：江辰 - 锈 (我们两个都拉过勾) (ID: 2648204040) - 标准、无损音质
[2026-05-02 04:44:55] 更新完成：成功更新 1 首歌曲
[2026-05-02 04:59:51] 开始更新音乐URL...
[2026-05-02 04:59:51] 备份创建成功：backups/music_data_2026-05-02_04-59-51.json
[2026-05-02 04:59:55] 更新成功：江辰 - 锈 (我们两个都拉过勾) (ID: 2648204040) - 标准、无损音质
[2026-05-02 04:59:55] 更新完成：成功更新 1 首歌曲
[2026-05-02 05:14:51] 开始更新音乐URL...
[2026-05-02 05:14:51] 备份创建成功：backups/music_data_2026-05-02_05-14-51.json
[2026-05-02 05:14:55] 更新成功：江辰 - 锈 (我们两个都拉过勾) (ID: 2648204040) - 标准、无损音质
[2026-05-02 05:14:56] 更新完成：成功更新 1 首歌曲
[2026-05-02 05:29:51] 开始更新音乐URL...
[2026-05-02 05:29:51] 备份创建成功：backups/music_data_2026-05-02_05-29-51.json
[2026-05-02 05:29:56] 更新成功：江辰 - 锈 (我们两个都拉过勾) (ID: 2648204040) - 标准、无损音质
[2026-05-02 05:29:56] 更新完成：成功更新 1 首歌曲
[2026-05-02 05:44:51] 开始更新音乐URL...
[2026-05-02 05:44:51] 备份创建成功：backups/music_data_2026-05-02_05-44-51.json
[2026-05-02 05:44:54] 更新成功：江辰 - 锈 (我们两个都拉过勾) (ID: 2648204040) - 标准、无损音质
[2026-05-02 05:44:54] 更新完成：成功更新 1 首歌曲
[2026-05-02 05:59:51] 开始更新音乐URL...
[2026-05-02 05:59:51] 备份创建成功：backups/music_data_2026-05-02_05-59-51.json
[2026-05-02 05:59:54] 更新成功：江辰 - 锈 (我们两个都拉过勾) (ID: 2648204040) - 标准、无损音质
[2026-05-02 05:59:55] 更新完成：成功更新 1 首歌曲
[2026-05-02 06:14:51] 开始更新音乐URL...
[2026-05-02 06:14:51] 备份创建成功：backups/music_data_2026-05-02_06-14-51.json
[2026-05-02 06:14:56] 更新成功：江辰 - 锈 (我们两个都拉过勾) (ID: 2648204040) - 标准、无损音质
[2026-05-02 06:14:56] 更新完成：成功更新 1 首歌曲
[2026-05-02 06:29:51] 开始更新音乐URL...
[2026-05-02 06:29:51] 备份创建成功：backups/music_data_2026-05-02_06-29-51.json
[2026-05-02 06:29:53] 更新成功：江辰 - 锈 (我们两个都拉过勾) (ID: 2648204040) - 标准、无损音质
[2026-05-02 06:29:54] 更新完成：成功更新 1 首歌曲
[2026-05-02 06:44:51] 开始更新音乐URL...
[2026-05-02 06:44:51] 备份创建成功：backups/music_data_2026-05-02_06-44-51.json
[2026-05-02 06:44:55] 更新成功：江辰 - 锈 (我们两个都拉过勾) (ID: 2648204040) - 标准、无损音质
[2026-05-02 06:44:56] 更新完成：成功更新 1 首歌曲
[2026-05-02 06:59:51] 开始更新音乐URL...
[2026-05-02 06:59:51] 备份创建成功：backups/music_data_2026-05-02_06-59-51.json
[2026-05-02 06:59:54] 更新成功：江辰 - 锈 (我们两个都拉过勾) (ID: 2648204040) - 标准、无损音质
[2026-05-02 06:59:55] 更新完成：成功更新 1 首歌曲
[2026-05-02 07:14:51] 开始更新音乐URL...
[2026-05-02 07:14:51] 备份创建成功：backups/music_data_2026-05-02_07-14-51.json
[2026-05-02 07:14:55] 更新成功：江辰 - 锈 (我们两个都拉过勾) (ID: 2648204040) - 标准、无损音质
[2026-05-02 07:14:55] 更新完成：成功更新 1 首歌曲
[2026-05-02 07:29:51] 开始更新音乐URL...
[2026-05-02 07:29:51] 备份创建成功：backups/music_data_2026-05-02_07-29-51.json
[2026-05-02 07:29:54] 更新成功：江辰 - 锈 (我们两个都拉过勾) (ID: 2648204040) - 标准、无损音质
[2026-05-02 07:29:55] 更新完成：成功更新 1 首歌曲
[2026-05-02 07:44:51] 开始更新音乐URL...
[2026-05-02 07:44:51] 备份创建成功：backups/music_data_2026-05-02_07-44-51.json
[2026-05-02 07:44:55] 更新成功：江辰 - 锈 (我们两个都拉过勾) (ID: 2648204040) - 标准、无损音质
[2026-05-02 07:44:56] 更新完成：成功更新 1 首歌曲
[2026-05-02 07:59:51] 开始更新音乐URL...
[2026-05-02 07:59:51] 备份创建成功：backups/music_data_2026-05-02_07-59-51.json
[2026-05-02 07:59:56] 更新成功：江辰 - 锈 (我们两个都拉过勾) (ID: 2648204040) - 标准、无损音质
[2026-05-02 07:59:56] 更新完成：成功更新 1 首歌曲
[2026-05-02 08:14:51] 开始更新音乐URL...
[2026-05-02 08:14:51] 备份创建成功：backups/music_data_2026-05-02_08-14-51.json
[2026-05-02 08:14:55] 更新成功：江辰 - 锈 (我们两个都拉过勾) (ID: 2648204040) - 标准、无损音质
[2026-05-02 08:14:56] 更新完成：成功更新 1 首歌曲
[2026-05-02 08:29:51] 开始更新音乐URL...
[2026-05-02 08:29:51] 备份创建成功：backups/music_data_2026-05-02_08-29-51.json
[2026-05-02 08:30:06] 更新失败：江辰 - 锈 (我们两个都拉过勾) (ID: 2648204040) - 所有音质获取失败
[2026-05-02 08:30:07] 更新完成：成功更新 0 首歌曲，1 首歌曲更新失败
[2026-05-02 08:44:51] 开始更新音乐URL...
[2026-05-02 08:44:51] 备份创建成功：backups/music_data_2026-05-02_08-44-51.json
[2026-05-02 08:44:55] 更新成功：江辰 - 锈 (我们两个都拉过勾) (ID: 2648204040) - 标准、无损音质
[2026-05-02 08:44:56] 更新完成：成功更新 1 首歌曲
[2026-05-02 08:59:51] 开始更新音乐URL...
[2026-05-02 08:59:51] 备份创建成功：backups/music_data_2026-05-02_08-59-51.json
[2026-05-02 08:59:54] 更新成功：江辰 - 锈 (我们两个都拉过勾) (ID: 2648204040) - 标准、无损音质
[2026-05-02 08:59:54] 更新完成：成功更新 1 首歌曲
[2026-05-02 09:14:51] 开始更新音乐URL...
[2026-05-02 09:14:51] 备份创建成功：backups/music_data_2026-05-02_09-14-51.json
[2026-05-02 09:14:56] 更新成功：江辰 - 锈 (我们两个都拉过勾) (ID: 2648204040) - 标准、无损音质
[2026-05-02 09:14:56] 更新完成：成功更新 1 首歌曲
[2026-05-02 09:29:51] 开始更新音乐URL...
[2026-05-02 09:29:51] 备份创建成功：backups/music_data_2026-05-02_09-29-51.json
[2026-05-02 09:29:55] 更新成功：江辰 - 锈 (我们两个都拉过勾) (ID: 2648204040) - 标准、无损音质
[2026-05-02 09:29:55] 更新完成：成功更新 1 首歌曲
[2026-05-02 09:44:51] 开始更新音乐URL...
[2026-05-02 09:44:51] 备份创建成功：backups/music_data_2026-05-02_09-44-51.json
[2026-05-02 09:44:56] 更新成功：江辰 - 锈 (我们两个都拉过勾) (ID: 2648204040) - 标准、无损音质
[2026-05-02 09:44:56] 更新完成：成功更新 1 首歌曲
[2026-05-02 09:59:51] 开始更新音乐URL...
[2026-05-02 09:59:51] 备份创建成功：backups/music_data_2026-05-02_09-59-51.json
[2026-05-02 09:59:57] 更新成功：江辰 - 锈 (我们两个都拉过勾) (ID: 2648204040) - 标准、无损音质
[2026-05-02 09:59:57] 更新完成：成功更新 1 首歌曲
[2026-05-02 10:14:52] 开始更新音乐URL...
[2026-05-02 10:14:52] 备份创建成功：backups/music_data_2026-05-02_10-14-52.json
[2026-05-02 10:14:58] 更新成功：江辰 - 锈 (我们两个都拉过勾) (ID: 2648204040) - 标准、无损音质
[2026-05-02 10:14:59] 更新完成：成功更新 1 首歌曲
[2026-05-02 10:29:51] 开始更新音乐URL...
[2026-05-02 10:29:51] 备份创建成功：backups/music_data_2026-05-02_10-29-51.json
[2026-05-02 10:29:54] 更新成功：江辰 - 锈 (我们两个都拉过勾) (ID: 2648204040) - 标准、无损音质
[2026-05-02 10:29:55] 更新完成：成功更新 1 首歌曲
[2026-05-02 10:44:53] 开始更新音乐URL...
[2026-05-02 10:44:54] 备份创建成功：backups/music_data_2026-05-02_10-44-53.json
[2026-05-02 10:44:59] 更新成功：江辰 - 锈 (我们两个都拉过勾) (ID: 2648204040) - 标准、无损音质
[2026-05-02 10:45:00] 更新完成：成功更新 1 首歌曲
[2026-05-02 10:59:55] 开始更新音乐URL...
[2026-05-02 10:59:55] 备份创建成功：backups/music_data_2026-05-02_10-59-55.json
[2026-05-02 10:59:58] 更新成功：江辰 - 锈 (我们两个都拉过勾) (ID: 2648204040) - 标准、无损音质
[2026-05-02 10:59:59] 更新完成：成功更新 1 首歌曲
[2026-05-02 11:14:51] 开始更新音乐URL...
[2026-05-02 11:14:51] 备份创建成功：backups/music_data_2026-05-02_11-14-51.json
[2026-05-02 11:14:55] 更新成功：江辰 - 锈 (我们两个都拉过勾) (ID: 2648204040) - 标准、无损音质
[2026-05-02 11:14:55] 更新完成：成功更新 1 首歌曲
[2026-05-02 11:29:51] 开始更新音乐URL...
[2026-05-02 11:29:51] 备份创建成功：backups/music_data_2026-05-02_11-29-51.json
[2026-05-02 11:29:54] 更新成功：江辰 - 锈 (我们两个都拉过勾) (ID: 2648204040) - 标准、无损音质
[2026-05-02 11:29:54] 更新完成：成功更新 1 首歌曲
[2026-05-02 11:44:51] 开始更新音乐URL...
[2026-05-02 11:44:51] 备份创建成功：backups/music_data_2026-05-02_11-44-51.json
[2026-05-02 11:44:54] 更新成功：江辰 - 锈 (我们两个都拉过勾) (ID: 2648204040) - 标准、无损音质
[2026-05-02 11:44:54] 更新完成：成功更新 1 首歌曲
[2026-05-02 11:59:51] 开始更新音乐URL...
[2026-05-02 11:59:51] 备份创建成功：backups/music_data_2026-05-02_11-59-51.json
[2026-05-02 11:59:54] 更新成功：江辰 - 锈 (我们两个都拉过勾) (ID: 2648204040) - 标准、无损音质
[2026-05-02 11:59:54] 更新完成：成功更新 1 首歌曲
[2026-05-02 12:14:51] 开始更新音乐URL...
[2026-05-02 12:14:51] 备份创建成功：backups/music_data_2026-05-02_12-14-51.json
[2026-05-02 12:14:55] 更新成功：江辰 - 锈 (我们两个都拉过勾) (ID: 2648204040) - 标准、无损音质
[2026-05-02 12:14:55] 更新完成：成功更新 1 首歌曲
[2026-05-02 12:29:51] 开始更新音乐URL...
[2026-05-02 12:29:51] 备份创建成功：backups/music_data_2026-05-02_12-29-51.json
[2026-05-02 12:29:54] 更新成功：江辰 - 锈 (我们两个都拉过勾) (ID: 2648204040) - 标准、无损音质
[2026-05-02 12:29:55] 更新完成：成功更新 1 首歌曲
[2026-05-02 12:44:51] 开始更新音乐URL...
[2026-05-02 12:44:51] 备份创建成功：backups/music_data_2026-05-02_12-44-51.json
[2026-05-02 12:44:56] 更新成功：江辰 - 锈 (我们两个都拉过勾) (ID: 2648204040) - 标准、无损音质
[2026-05-02 12:44:56] 更新完成：成功更新 1 首歌曲
[2026-05-02 12:59:51] 开始更新音乐URL...
[2026-05-02 12:59:51] 备份创建成功：backups/music_data_2026-05-02_12-59-51.json
[2026-05-02 12:59:54] 更新成功：江辰 - 锈 (我们两个都拉过勾) (ID: 2648204040) - 标准、无损音质
[2026-05-02 12:59:54] 更新完成：成功更新 1 首歌曲
[2026-05-02 13:14:51] 开始更新音乐URL...
[2026-05-02 13:14:51] 备份创建成功：backups/music_data_2026-05-02_13-14-51.json
[2026-05-02 13:14:54] 更新成功：江辰 - 锈 (我们两个都拉过勾) (ID: 2648204040) - 标准、无损音质
[2026-05-02 13:14:55] 更新完成：成功更新 1 首歌曲
[2026-05-02 13:29:51] 开始更新音乐URL...
[2026-05-02 13:29:51] 备份创建成功：backups/music_data_2026-05-02_13-29-51.json
[2026-05-02 13:29:54] 更新成功：江辰 - 锈 (我们两个都拉过勾) (ID: 2648204040) - 标准、无损音质
[2026-05-02 13:29:54] 更新完成：成功更新 1 首歌曲
[2026-05-02 13:44:52] 开始更新音乐URL...
[2026-05-02 13:44:52] 备份创建成功：backups/music_data_2026-05-02_13-44-52.json
[2026-05-02 13:44:55] 更新成功：江辰 - 锈 (我们两个都拉过勾) (ID: 2648204040) - 标准、无损音质
[2026-05-02 13:44:55] 更新完成：成功更新 1 首歌曲
[2026-05-02 13:59:51] 开始更新音乐URL...
[2026-05-02 13:59:51] 备份创建成功：backups/music_data_2026-05-02_13-59-51.json
[2026-05-02 13:59:55] 更新成功：江辰 - 锈 (我们两个都拉过勾) (ID: 2648204040) - 标准、无损音质
[2026-05-02 13:59:55] 更新完成：成功更新 1 首歌曲
[2026-05-02 14:14:51] 开始更新音乐URL...
[2026-05-02 14:14:51] 备份创建成功：backups/music_data_2026-05-02_14-14-51.json
[2026-05-02 14:14:57] 更新成功：江辰 - 锈 (我们两个都拉过勾) (ID: 2648204040) - 标准、无损音质
[2026-05-02 14:14:57] 更新完成：成功更新 1 首歌曲
[2026-05-02 14:29:52] 开始更新音乐URL...
[2026-05-02 14:29:52] 备份创建成功：backups/music_data_2026-05-02_14-29-52.json
[2026-05-02 14:29:56] 更新成功：江辰 - 锈 (我们两个都拉过勾) (ID: 2648204040) - 标准、无损音质
[2026-05-02 14:29:56] 更新完成：成功更新 1 首歌曲
[2026-05-02 14:44:51] 开始更新音乐URL...
[2026-05-02 14:44:51] 备份创建成功：backups/music_data_2026-05-02_14-44-51.json
[2026-05-02 14:44:54] 更新成功：Justin Bieber - Baby (ID: 1519343) - 标准、无损音质
[2026-05-02 14:44:56] 更新成功：汪苏泷 - 如果爱忘了 (live) (ID: 2124385868) - 标准、无损音质
[2026-05-02 14:44:59] 更新成功：Lady Gaga - The Cure (ID: 472045959) - 标准、无损音质
[2026-05-02 14:45:01] 更新成功：Dizzy Dizzo (蔡诗芸) - 雨过后的风景 (ID: 215382) - 标准、无损音质
[2026-05-02 14:45:04] 更新成功：蓝琦雪宁 - 丹尼尔-辛巴巴巴噜比啦 (ID: 3349954487) - 标准、无损音质
[2026-05-02 14:45:06] 更新成功：陈奕迅 - 孤勇者 (ID: 1901371647) - 标准、无损音质
[2026-05-02 14:45:09] 更新成功：Taylor Swift - Blank Space (ID: 29572501) - 标准、无损音质
[2026-05-02 14:45:12] 更新成功：A12 - 春娇与志明 街道办GDC / 欧阳耀莹 (ID: 2690846376) - 标准、无损音质
[2026-05-02 14:45:15] 更新成功：江辰 - 锈 (我们两个都拉过勾) (ID: 2648204040) - 标准、无损音质
[2026-05-02 14:45:15] 更新完成：成功更新 9 首歌曲
[2026-05-02 14:59:51] 开始更新音乐URL...
[2026-05-02 14:59:51] 备份创建成功：backups/music_data_2026-05-02_14-59-51.json
[2026-05-02 14:59:54] 更新成功：南征北战NZBZ - 最美的期待 (ID: 862100828) - 标准、无损音质
[2026-05-02 14:59:56] 更新成功：G.E.M.邓紫棋 - 句号 (ID: 1405283464) - 标准、无损音质
[2026-05-02 14:59:58] 更新成功：林依晨 - 恶作剧 (ID: 255574) - 标准、无损音质
[2026-05-02 15:00:01] 更新成功：Justin Bieber - Baby (ID: 1519343) - 标准、无损音质
[2026-05-02 15:00:04] 更新成功：汪苏泷 - 如果爱忘了 (live) (ID: 2124385868) - 标准、无损音质
[2026-05-02 15:00:07] 更新成功：Lady Gaga - The Cure (ID: 472045959) - 标准、无损音质
[2026-05-02 15:00:10] 更新成功：Dizzy Dizzo (蔡诗芸) - 雨过后的风景 (ID: 215382) - 标准、无损音质
[2026-05-02 15:00:13] 更新成功：蓝琦雪宁 - 丹尼尔-辛巴巴巴噜比啦 (ID: 3349954487) - 标准、无损音质
[2026-05-02 15:00:15] 更新成功：陈奕迅 - 孤勇者 (ID: 1901371647) - 标准、无损音质
[2026-05-02 15:00:19] 更新成功：Taylor Swift - Blank Space (ID: 29572501) - 标准、无损音质
[2026-05-02 15:00:21] 更新成功：A12 - 春娇与志明 街道办GDC / 欧阳耀莹 (ID: 2690846376) - 标准、无损音质
[2026-05-02 15:00:23] 更新成功：江辰 - 锈 (我们两个都拉过勾) (ID: 2648204040) - 标准、无损音质
[2026-05-02 15:00:24] 更新完成：成功更新 12 首歌曲
[2026-05-02 15:14:51] 开始更新音乐URL...
[2026-05-02 15:14:51] 备份创建成功：backups/music_data_2026-05-02_15-14-51.json
[2026-05-02 15:14:54] 更新成功：TFBOYS - 青春修炼手册 (ID: 28838178) - 标准、无损音质
[2026-05-02 15:14:57] 更新成功：南征北战NZBZ - 最美的期待 (ID: 862100828) - 标准、无损音质
[2026-05-02 15:14:59] 更新成功：G.E.M.邓紫棋 - 句号 (ID: 1405283464) - 标准、无损音质
[2026-05-02 15:15:02] 更新成功：林依晨 - 恶作剧 (ID: 255574) - 标准、无损音质
[2026-05-02 15:15:04] 更新成功：Justin Bieber - Baby (ID: 1519343) - 标准、无损音质
[2026-05-02 15:15:07] 更新成功：汪苏泷 - 如果爱忘了 (live) (ID: 2124385868) - 标准、无损音质
[2026-05-02 15:15:09] 更新成功：Lady Gaga - The Cure (ID: 472045959) - 标准、无损音质
[2026-05-02 15:15:12] 更新成功：Dizzy Dizzo (蔡诗芸) - 雨过后的风景 (ID: 215382) - 标准、无损音质
[2026-05-02 15:15:14] 更新成功：蓝琦雪宁 - 丹尼尔-辛巴巴巴噜比啦 (ID: 3349954487) - 标准、无损音质
[2026-05-02 15:15:17] 更新成功：陈奕迅 - 孤勇者 (ID: 1901371647) - 标准、无损音质
[2026-05-02 15:15:19] 更新成功：Taylor Swift - Blank Space (ID: 29572501) - 标准、无损音质
[2026-05-02 15:15:21] 更新成功：A12 - 春娇与志明 街道办GDC / 欧阳耀莹 (ID: 2690846376) - 标准、无损音质
[2026-05-02 15:15:23] 更新成功：江辰 - 锈 (我们两个都拉过勾) (ID: 2648204040) - 标准、无损音质
[2026-05-02 15:15:24] 更新完成：成功更新 13 首歌曲
[2026-05-02 15:29:51] 开始更新音乐URL...
[2026-05-02 15:29:51] 备份创建成功：backups/music_data_2026-05-02_15-29-51.json
[2026-05-02 15:29:53] 更新成功：洪辰 - 我乘着风飞过来 (ID: 2116120347) - 标准、无损音质
[2026-05-02 15:29:56] 更新成功：TFBOYS - 青春修炼手册 (ID: 28838178) - 标准、无损音质
[2026-05-02 15:29:59] 更新成功：南征北战NZBZ - 最美的期待 (ID: 862100828) - 标准、无损音质
[2026-05-02 15:30:02] 更新成功：G.E.M.邓紫棋 - 句号 (ID: 1405283464) - 标准、无损音质
[2026-05-02 15:30:04] 更新成功：林依晨 - 恶作剧 (ID: 255574) - 标准、无损音质
[2026-05-02 15:30:07] 更新成功：Justin Bieber - Baby (ID: 1519343) - 标准、无损音质
[2026-05-02 15:30:09] 更新成功：汪苏泷 - 如果爱忘了 (live) (ID: 2124385868) - 标准、无损音质
[2026-05-02 15:30:12] 更新成功：Lady Gaga - The Cure (ID: 472045959) - 标准、无损音质
[2026-05-02 15:30:14] 更新成功：Dizzy Dizzo (蔡诗芸) - 雨过后的风景 (ID: 215382) - 标准、无损音质
[2026-05-02 15:30:17] 更新成功：蓝琦雪宁 - 丹尼尔-辛巴巴巴噜比啦 (ID: 3349954487) - 标准、无损音质
[2026-05-02 15:30:20] 更新成功：陈奕迅 - 孤勇者 (ID: 1901371647) - 标准、无损音质
[2026-05-02 15:30:22] 更新成功：Taylor Swift - Blank Space (ID: 29572501) - 标准、无损音质
[2026-05-02 15:30:24] 更新成功：A12 - 春娇与志明 街道办GDC / 欧阳耀莹 (ID: 2690846376) - 标准、无损音质
[2026-05-02 15:30:26] 更新成功：江辰 - 锈 (我们两个都拉过勾) (ID: 2648204040) - 标准、无损音质
[2026-05-02 15:30:29] 更新成功：林忆莲 - 至少还有你 (ID: 256621) - 标准、无损音质
[2026-05-02 15:30:29] 更新完成：成功更新 15 首歌曲
[2026-05-02 15:44:51] 开始更新音乐URL...
[2026-05-02 15:44:51] 备份创建成功：backups/music_data_2026-05-02_15-44-51.json
[2026-05-02 15:44:54] 更新成功：洪辰 - 我乘着风飞过来 (ID: 2116120347) - 标准、无损音质
[2026-05-02 15:44:57] 更新成功：TFBOYS - 青春修炼手册 (ID: 28838178) - 标准、无损音质
[2026-05-02 15:44:59] 更新成功：南征北战NZBZ - 最美的期待 (ID: 862100828) - 标准、无损音质
[2026-05-02 15:45:02] 更新成功：G.E.M.邓紫棋 - 句号 (ID: 1405283464) - 标准、无损音质
[2026-05-02 15:45:05] 更新成功：林依晨 - 恶作剧 (ID: 255574) - 标准、无损音质
[2026-05-02 15:45:07] 更新成功：Justin Bieber - Baby (ID: 1519343) - 标准、无损音质
[2026-05-02 15:45:09] 更新成功：汪苏泷 - 如果爱忘了 (live) (ID: 2124385868) - 标准、无损音质
[2026-05-02 15:45:12] 更新成功：Lady Gaga - The Cure (ID: 472045959) - 标准、无损音质
[2026-05-02 15:45:14] 更新成功：Dizzy Dizzo (蔡诗芸) - 雨过后的风景 (ID: 215382) - 标准、无损音质
[2026-05-02 15:45:17] 更新成功：蓝琦雪宁 - 丹尼尔-辛巴巴巴噜比啦 (ID: 3349954487) - 标准、无损音质
[2026-05-02 15:45:19] 更新成功：陈奕迅 - 孤勇者 (ID: 1901371647) - 标准、无损音质
[2026-05-02 15:45:21] 更新成功：Taylor Swift - Blank Space (ID: 29572501) - 标准、无损音质
[2026-05-02 15:45:23] 更新成功：A12 - 春娇与志明 街道办GDC / 欧阳耀莹 (ID: 2690846376) - 标准、无损音质
[2026-05-02 15:45:26] 更新成功：江辰 - 锈 (我们两个都拉过勾) (ID: 2648204040) - 标准、无损音质
[2026-05-02 15:45:28] 更新成功：林忆莲 - 至少还有你 (ID: 256621) - 标准、无损音质
[2026-05-02 15:45:28] 更新完成：成功更新 15 首歌曲
[2026-05-02 15:59:51] 开始更新音乐URL...
[2026-05-02 15:59:51] 备份创建成功：backups/music_data_2026-05-02_15-59-51.json
[2026-05-02 15:59:56] 更新成功：洪辰 - 我乘着风飞过来 (ID: 2116120347) - 标准、无损音质
[2026-05-02 15:59:58] 更新成功：TFBOYS - 青春修炼手册 (ID: 28838178) - 标准、无损音质
[2026-05-02 16:00:01] 更新成功：南征北战NZBZ - 最美的期待 (ID: 862100828) - 标准、无损音质
[2026-05-02 16:00:06] 更新成功：G.E.M.邓紫棋 - 句号 (ID: 1405283464) - 标准、无损音质
[2026-05-02 16:00:10] 更新成功：林依晨 - 恶作剧 (ID: 255574) - 标准、无损音质
[2026-05-02 16:00:13] 更新成功：Justin Bieber - Baby (ID: 1519343) - 标准、无损音质
[2026-05-02 16:00:16] 更新成功：汪苏泷 - 如果爱忘了 (live) (ID: 2124385868) - 标准、无损音质
[2026-05-02 16:00:20] 更新成功：Lady Gaga - The Cure (ID: 472045959) - 标准、无损音质
[2026-05-02 16:00:23] 更新成功：Dizzy Dizzo (蔡诗芸) - 雨过后的风景 (ID: 215382) - 标准、无损音质
[2026-05-02 16:00:26] 更新成功：蓝琦雪宁 - 丹尼尔-辛巴巴巴噜比啦 (ID: 3349954487) - 标准、无损音质
[2026-05-02 16:00:29] 更新成功：陈奕迅 - 孤勇者 (ID: 1901371647) - 标准、无损音质
[2026-05-02 16:00:31] 更新成功：Taylor Swift - Blank Space (ID: 29572501) - 标准、无损音质
[2026-05-02 16:00:33] 更新成功：A12 - 春娇与志明 街道办GDC / 欧阳耀莹 (ID: 2690846376) - 标准、无损音质
[2026-05-02 16:00:37] 更新成功：江辰 - 锈 (我们两个都拉过勾) (ID: 2648204040) - 标准、无损音质
[2026-05-02 16:00:40] 更新成功：林忆莲 - 至少还有你 (ID: 256621) - 标准、无损音质
[2026-05-02 16:00:40] 更新完成：成功更新 15 首歌曲
[2026-05-02 16:14:52] 开始更新音乐URL...
[2026-05-02 16:14:52] 备份创建成功：backups/music_data_2026-05-02_16-14-52.json
[2026-05-02 16:14:56] 更新成功：洪辰 - 我乘着风飞过来 (ID: 2116120347) - 标准、无损音质
[2026-05-02 16:14:58] 更新成功：TFBOYS - 青春修炼手册 (ID: 28838178) - 标准、无损音质
[2026-05-02 16:15:01] 更新成功：南征北战NZBZ - 最美的期待 (ID: 862100828) - 标准、无损音质
[2026-05-02 16:15:03] 更新成功：G.E.M.邓紫棋 - 句号 (ID: 1405283464) - 标准、无损音质
[2026-05-02 16:15:05] 更新成功：林依晨 - 恶作剧 (ID: 255574) - 标准、无损音质
[2026-05-02 16:15:08] 更新成功：Justin Bieber - Baby (ID: 1519343) - 标准、无损音质
[2026-05-02 16:15:10] 更新成功：汪苏泷 - 如果爱忘了 (live) (ID: 2124385868) - 标准、无损音质
[2026-05-02 16:15:12] 更新成功：Lady Gaga - The Cure (ID: 472045959) - 标准、无损音质
[2026-05-02 16:15:14] 更新成功：Dizzy Dizzo (蔡诗芸) - 雨过后的风景 (ID: 215382) - 标准、无损音质
[2026-05-02 16:15:17] 更新成功：蓝琦雪宁 - 丹尼尔-辛巴巴巴噜比啦 (ID: 3349954487) - 标准、无损音质
[2026-05-02 16:15:19] 更新成功：陈奕迅 - 孤勇者 (ID: 1901371647) - 标准、无损音质
[2026-05-02 16:15:21] 更新成功：Taylor Swift - Blank Space (ID: 29572501) - 标准、无损音质
[2026-05-02 16:15:24] 更新成功：A12 - 春娇与志明 街道办GDC / 欧阳耀莹 (ID: 2690846376) - 标准、无损音质
[2026-05-02 16:15:26] 更新成功：江辰 - 锈 (我们两个都拉过勾) (ID: 2648204040) - 标准、无损音质
[2026-05-02 16:15:28] 更新成功：林忆莲 - 至少还有你 (ID: 256621) - 标准、无损音质
[2026-05-02 16:15:29] 更新完成：成功更新 15 首歌曲
[2026-05-02 16:29:51] 开始更新音乐URL...
[2026-05-02 16:29:51] 备份创建成功：backups/music_data_2026-05-02_16-29-51.json
[2026-05-02 16:29:53] 更新成功：洪辰 - 我乘着风飞过来 (ID: 2116120347) - 标准、无损音质
[2026-05-02 16:29:56] 更新成功：TFBOYS - 青春修炼手册 (ID: 28838178) - 标准、无损音质
[2026-05-02 16:29:58] 更新成功：南征北战NZBZ - 最美的期待 (ID: 862100828) - 标准、无损音质
[2026-05-02 16:30:01] 更新成功：G.E.M.邓紫棋 - 句号 (ID: 1405283464) - 标准、无损音质
[2026-05-02 16:30:04] 更新成功：林依晨 - 恶作剧 (ID: 255574) - 标准、无损音质
[2026-05-02 16:30:06] 更新成功：Justin Bieber - Baby (ID: 1519343) - 标准、无损音质
[2026-05-02 16:30:09] 更新成功：汪苏泷 - 如果爱忘了 (live) (ID: 2124385868) - 标准、无损音质
[2026-05-02 16:30:11] 更新成功：Lady Gaga - The Cure (ID: 472045959) - 标准、无损音质
[2026-05-02 16:30:13] 更新成功：Dizzy Dizzo (蔡诗芸) - 雨过后的风景 (ID: 215382) - 标准、无损音质
[2026-05-02 16:30:15] 更新成功：蓝琦雪宁 - 丹尼尔-辛巴巴巴噜比啦 (ID: 3349954487) - 标准、无损音质
[2026-05-02 16:30:18] 更新成功：陈奕迅 - 孤勇者 (ID: 1901371647) - 标准、无损音质
[2026-05-02 16:30:20] 更新成功：Taylor Swift - Blank Space (ID: 29572501) - 标准、无损音质
[2026-05-02 16:30:22] 更新成功：A12 - 春娇与志明 街道办GDC / 欧阳耀莹 (ID: 2690846376) - 标准、无损音质
[2026-05-02 16:30:25] 更新成功：江辰 - 锈 (我们两个都拉过勾) (ID: 2648204040) - 标准、无损音质
[2026-05-02 16:30:27] 更新成功：林忆莲 - 至少还有你 (ID: 256621) - 标准、无损音质
[2026-05-02 16:30:27] 更新完成：成功更新 15 首歌曲
[2026-05-02 16:44:51] 开始更新音乐URL...
[2026-05-02 16:44:51] 备份创建成功：backups/music_data_2026-05-02_16-44-51.json
[2026-05-02 16:44:53] 更新成功：Cafuné - Tek It (ID: 1859556322) - 标准、无损音质
[2026-05-02 16:44:55] 更新成功：Paperman - The King (ID: 2743846343) - 标准、无损音质
[2026-05-02 16:44:57] 更新成功：8Y1ar - 起风了(林俊杰) (ID: 2636494144) - 标准、无损音质
[2026-05-02 16:45:00] 更新成功：洪辰 - 我乘着风飞过来 (ID: 2116120347) - 标准、无损音质
[2026-05-02 16:45:03] 更新成功：TFBOYS - 青春修炼手册 (ID: 28838178) - 标准、无损音质
[2026-05-02 16:45:05] 更新成功：南征北战NZBZ - 最美的期待 (ID: 862100828) - 标准、无损音质
[2026-05-02 16:45:07] 更新成功：G.E.M.邓紫棋 - 句号 (ID: 1405283464) - 标准、无损音质
[2026-05-02 16:45:09] 更新成功：林依晨 - 恶作剧 (ID: 255574) - 标准、无损音质
[2026-05-02 16:45:12] 更新成功：Justin Bieber - Baby (ID: 1519343) - 标准、无损音质
[2026-05-02 16:45:14] 更新成功：汪苏泷 - 如果爱忘了 (live) (ID: 2124385868) - 标准、无损音质
[2026-05-02 16:45:16] 更新成功：Lady Gaga - The Cure (ID: 472045959) - 标准、无损音质
[2026-05-02 16:45:18] 更新成功：Dizzy Dizzo (蔡诗芸) - 雨过后的风景 (ID: 215382) - 标准、无损音质
[2026-05-02 16:45:21] 更新成功：蓝琦雪宁 - 丹尼尔-辛巴巴巴噜比啦 (ID: 3349954487) - 标准、无损音质
[2026-05-02 16:45:23] 更新成功：陈奕迅 - 孤勇者 (ID: 1901371647) - 标准、无损音质
[2026-05-02 16:45:25] 更新成功：Taylor Swift - Blank Space (ID: 29572501) - 标准、无损音质
[2026-05-02 16:45:27] 更新成功：A12 - 春娇与志明 街道办GDC / 欧阳耀莹 (ID: 2690846376) - 标准、无损音质
[2026-05-02 16:45:30] 更新成功：江辰 - 锈 (我们两个都拉过勾) (ID: 2648204040) - 标准、无损音质
[2026-05-02 16:45:32] 更新成功：林忆莲 - 至少还有你 (ID: 256621) - 标准、无损音质
[2026-05-02 16:45:32] 更新完成：成功更新 18 首歌曲
[2026-05-02 16:59:51] 开始更新音乐URL...
[2026-05-02 16:59:51] 备份创建成功：backups/music_data_2026-05-02_16-59-51.json
[2026-05-02 16:59:55] 更新成功：Cafuné - Tek It (ID: 1859556322) - 标准、无损音质
[2026-05-02 16:59:57] 更新成功：Paperman - The King (ID: 2743846343) - 标准、无损音质
[2026-05-02 16:59:59] 更新成功：8Y1ar - 起风了(林俊杰) (ID: 2636494144) - 标准、无损音质
[2026-05-02 17:00:02] 更新成功：洪辰 - 我乘着风飞过来 (ID: 2116120347) - 标准、无损音质
[2026-05-02 17:00:06] 更新成功：TFBOYS - 青春修炼手册 (ID: 28838178) - 标准、无损音质
[2026-05-02 17:00:08] 更新成功：南征北战NZBZ - 最美的期待 (ID: 862100828) - 标准、无损音质
[2026-05-02 17:00:12] 更新成功：G.E.M.邓紫棋 - 句号 (ID: 1405283464) - 标准、无损音质
[2026-05-02 17:00:15] 更新成功：林依晨 - 恶作剧 (ID: 255574) - 标准、无损音质
[2026-05-02 17:00:17] 更新成功：Justin Bieber - Baby (ID: 1519343) - 标准、无损音质
[2026-05-02 17:00:20] 更新成功：汪苏泷 - 如果爱忘了 (live) (ID: 2124385868) - 标准、无损音质
[2026-05-02 17:00:22] 更新成功：Lady Gaga - The Cure (ID: 472045959) - 标准、无损音质
[2026-05-02 17:00:25] 更新成功：Dizzy Dizzo (蔡诗芸) - 雨过后的风景 (ID: 215382) - 标准、无损音质
[2026-05-02 17:00:27] 更新成功：蓝琦雪宁 - 丹尼尔-辛巴巴巴噜比啦 (ID: 3349954487) - 标准、无损音质
[2026-05-02 17:00:29] 更新成功：陈奕迅 - 孤勇者 (ID: 1901371647) - 标准、无损音质
[2026-05-02 17:00:32] 更新成功：Taylor Swift - Blank Space (ID: 29572501) - 标准、无损音质
[2026-05-02 17:00:34] 更新成功：A12 - 春娇与志明 街道办GDC / 欧阳耀莹 (ID: 2690846376) - 标准、无损音质
[2026-05-02 17:00:36] 更新成功：江辰 - 锈 (我们两个都拉过勾) (ID: 2648204040) - 标准、无损音质
[2026-05-02 17:00:39] 更新成功：林忆莲 - 至少还有你 (ID: 256621) - 标准、无损音质
[2026-05-02 17:00:39] 更新完成：成功更新 18 首歌曲
[2026-05-02 17:14:51] 开始更新音乐URL...
[2026-05-02 17:14:51] 备份创建成功：backups/music_data_2026-05-02_17-14-51.json
[2026-05-02 17:14:54] 更新成功：Cafuné - Tek It (ID: 1859556322) - 标准、无损音质
[2026-05-02 17:14:57] 更新成功：Paperman - The King (ID: 2743846343) - 标准、无损音质
[2026-05-02 17:15:00] 更新成功：8Y1ar - 起风了(林俊杰) (ID: 2636494144) - 标准、无损音质
[2026-05-02 17:15:02] 更新成功：洪辰 - 我乘着风飞过来 (ID: 2116120347) - 标准、无损音质
[2026-05-02 17:15:06] 更新成功：TFBOYS - 青春修炼手册 (ID: 28838178) - 标准、无损音质
[2026-05-02 17:15:10] 更新成功：南征北战NZBZ - 最美的期待 (ID: 862100828) - 标准、无损音质
[2026-05-02 17:15:14] 更新成功：G.E.M.邓紫棋 - 句号 (ID: 1405283464) - 标准、无损音质
[2026-05-02 17:15:18] 更新成功：林依晨 - 恶作剧 (ID: 255574) - 标准、无损音质
[2026-05-02 17:15:20] 更新成功：Justin Bieber - Baby (ID: 1519343) - 标准、无损音质
[2026-05-02 17:15:22] 更新成功：汪苏泷 - 如果爱忘了 (live) (ID: 2124385868) - 标准、无损音质
[2026-05-02 17:15:24] 更新成功：Lady Gaga - The Cure (ID: 472045959) - 标准、无损音质
[2026-05-02 17:15:26] 更新成功：Dizzy Dizzo (蔡诗芸) - 雨过后的风景 (ID: 215382) - 标准、无损音质
[2026-05-02 17:15:29] 更新成功：蓝琦雪宁 - 丹尼尔-辛巴巴巴噜比啦 (ID: 3349954487) - 标准、无损音质
[2026-05-02 17:15:31] 更新成功：陈奕迅 - 孤勇者 (ID: 1901371647) - 标准、无损音质
[2026-05-02 17:15:33] 更新成功：Taylor Swift - Blank Space (ID: 29572501) - 标准、无损音质
[2026-05-02 17:15:36] 更新成功：A12 - 春娇与志明 街道办GDC / 欧阳耀莹 (ID: 2690846376) - 标准、无损音质
[2026-05-02 17:15:38] 更新成功：江辰 - 锈 (我们两个都拉过勾) (ID: 2648204040) - 标准、无损音质
[2026-05-02 17:15:41] 更新成功：林忆莲 - 至少还有你 (ID: 256621) - 标准、无损音质
[2026-05-02 17:15:41] 更新完成：成功更新 18 首歌曲
[2026-05-02 17:29:52] 开始更新音乐URL...
[2026-05-02 17:29:52] 备份创建成功：backups/music_data_2026-05-02_17-29-52.json
[2026-05-02 17:29:55] 更新成功：Cafuné - Tek It (ID: 1859556322) - 标准、无损音质
[2026-05-02 17:29:57] 更新成功：Paperman - The King (ID: 2743846343) - 标准、无损音质
[2026-05-02 17:30:00] 更新成功：8Y1ar - 起风了(林俊杰) (ID: 2636494144) - 标准、无损音质
[2026-05-02 17:30:03] 更新成功：洪辰 - 我乘着风飞过来 (ID: 2116120347) - 标准、无损音质
[2026-05-02 17:30:05] 更新成功：TFBOYS - 青春修炼手册 (ID: 28838178) - 标准、无损音质
[2026-05-02 17:30:07] 更新成功：南征北战NZBZ - 最美的期待 (ID: 862100828) - 标准、无损音质
[2026-05-02 17:30:09] 更新成功：G.E.M.邓紫棋 - 句号 (ID: 1405283464) - 标准、无损音质
[2026-05-02 17:30:11] 更新成功：林依晨 - 恶作剧 (ID: 255574) - 标准、无损音质
[2026-05-02 17:30:14] 更新成功：Justin Bieber - Baby (ID: 1519343) - 标准、无损音质
[2026-05-02 17:30:16] 更新成功：汪苏泷 - 如果爱忘了 (live) (ID: 2124385868) - 标准、无损音质
[2026-05-02 17:30:18] 更新成功：Lady Gaga - The Cure (ID: 472045959) - 标准、无损音质
[2026-05-02 17:30:20] 更新成功：Dizzy Dizzo (蔡诗芸) - 雨过后的风景 (ID: 215382) - 标准、无损音质
[2026-05-02 17:30:23] 更新成功：蓝琦雪宁 - 丹尼尔-辛巴巴巴噜比啦 (ID: 3349954487) - 标准、无损音质
[2026-05-02 17:30:25] 更新成功：陈奕迅 - 孤勇者 (ID: 1901371647) - 标准、无损音质
[2026-05-02 17:30:27] 更新成功：Taylor Swift - Blank Space (ID: 29572501) - 标准、无损音质
[2026-05-02 17:30:29] 更新成功：A12 - 春娇与志明 街道办GDC / 欧阳耀莹 (ID: 2690846376) - 标准、无损音质
[2026-05-02 17:30:32] 更新成功：江辰 - 锈 (我们两个都拉过勾) (ID: 2648204040) - 标准、无损音质
[2026-05-02 17:30:34] 更新成功：林忆莲 - 至少还有你 (ID: 256621) - 标准、无损音质
[2026-05-02 17:30:35] 更新完成：成功更新 18 首歌曲
[2026-05-02 17:44:51] 开始更新音乐URL...
[2026-05-02 17:44:51] 备份创建成功：backups/music_data_2026-05-02_17-44-51.json
[2026-05-02 17:44:54] 更新成功：Cafuné - Tek It (ID: 1859556322) - 标准、无损音质
[2026-05-02 17:44:57] 更新成功：Paperman - The King (ID: 2743846343) - 标准、无损音质
[2026-05-02 17:44:59] 更新成功：8Y1ar - 起风了(林俊杰) (ID: 2636494144) - 标准、无损音质
[2026-05-02 17:45:02] 更新成功：洪辰 - 我乘着风飞过来 (ID: 2116120347) - 标准、无损音质
[2026-05-02 17:45:04] 更新成功：TFBOYS - 青春修炼手册 (ID: 28838178) - 标准、无损音质
[2026-05-02 17:45:06] 更新成功：南征北战NZBZ - 最美的期待 (ID: 862100828) - 标准、无损音质
[2026-05-02 17:45:09] 更新成功：G.E.M.邓紫棋 - 句号 (ID: 1405283464) - 标准、无损音质
[2026-05-02 17:45:11] 更新成功：林依晨 - 恶作剧 (ID: 255574) - 标准、无损音质
[2026-05-02 17:45:13] 更新成功：Justin Bieber - Baby (ID: 1519343) - 标准、无损音质
[2026-05-02 17:45:16] 更新成功：汪苏泷 - 如果爱忘了 (live) (ID: 2124385868) - 标准、无损音质
[2026-05-02 17:45:18] 更新成功：Lady Gaga - The Cure (ID: 472045959) - 标准、无损音质
[2026-05-02 17:45:20] 更新成功：Dizzy Dizzo (蔡诗芸) - 雨过后的风景 (ID: 215382) - 标准、无损音质
[2026-05-02 17:45:22] 更新成功：蓝琦雪宁 - 丹尼尔-辛巴巴巴噜比啦 (ID: 3349954487) - 标准、无损音质
[2026-05-02 17:45:25] 更新成功：陈奕迅 - 孤勇者 (ID: 1901371647) - 标准、无损音质
[2026-05-02 17:45:27] 更新成功：Taylor Swift - Blank Space (ID: 29572501) - 标准、无损音质
[2026-05-02 17:45:29] 更新成功：A12 - 春娇与志明 街道办GDC / 欧阳耀莹 (ID: 2690846376) - 标准、无损音质
[2026-05-02 17:45:31] 更新成功：江辰 - 锈 (我们两个都拉过勾) (ID: 2648204040) - 标准、无损音质
[2026-05-02 17:45:34] 更新成功：林忆莲 - 至少还有你 (ID: 256621) - 标准、无损音质
[2026-05-02 17:45:34] 更新完成：成功更新 18 首歌曲
[2026-05-02 17:59:51] 开始更新音乐URL...
[2026-05-02 17:59:51] 备份创建成功：backups/music_data_2026-05-02_17-59-51.json
[2026-05-02 17:59:56] 更新成功：Cafuné - Tek It (ID: 1859556322) - 标准、无损音质
[2026-05-02 17:59:58] 更新成功：Paperman - The King (ID: 2743846343) - 标准、无损音质
[2026-05-02 18:00:01] 更新成功：8Y1ar - 起风了(林俊杰) (ID: 2636494144) - 标准、无损音质
[2026-05-02 18:00:05] 更新成功：洪辰 - 我乘着风飞过来 (ID: 2116120347) - 标准、无损音质
[2026-05-02 18:00:08] 更新成功：TFBOYS - 青春修炼手册 (ID: 28838178) - 标准、无损音质
[2026-05-02 18:00:11] 更新成功：南征北战NZBZ - 最美的期待 (ID: 862100828) - 标准、无损音质
[2026-05-02 18:00:13] 更新成功：G.E.M.邓紫棋 - 句号 (ID: 1405283464) - 标准、无损音质
[2026-05-02 18:00:16] 更新成功：林依晨 - 恶作剧 (ID: 255574) - 标准、无损音质
[2026-05-02 18:00:18] 更新成功：Justin Bieber - Baby (ID: 1519343) - 标准、无损音质
[2026-05-02 18:00:21] 更新成功：汪苏泷 - 如果爱忘了 (live) (ID: 2124385868) - 标准、无损音质
[2026-05-02 18:00:23] 更新成功：Lady Gaga - The Cure (ID: 472045959) - 标准、无损音质
[2026-05-02 18:00:25] 更新成功：Dizzy Dizzo (蔡诗芸) - 雨过后的风景 (ID: 215382) - 标准、无损音质
[2026-05-02 18:00:28] 更新成功：蓝琦雪宁 - 丹尼尔-辛巴巴巴噜比啦 (ID: 3349954487) - 标准、无损音质
[2026-05-02 18:00:30] 更新成功：陈奕迅 - 孤勇者 (ID: 1901371647) - 标准、无损音质
[2026-05-02 18:00:34] 更新成功：Taylor Swift - Blank Space (ID: 29572501) - 标准、无损音质
[2026-05-02 18:00:36] 更新成功：A12 - 春娇与志明 街道办GDC / 欧阳耀莹 (ID: 2690846376) - 标准、无损音质
[2026-05-02 18:00:39] 更新成功：江辰 - 锈 (我们两个都拉过勾) (ID: 2648204040) - 标准、无损音质
[2026-05-02 18:00:41] 更新成功：林忆莲 - 至少还有你 (ID: 256621) - 标准、无损音质
[2026-05-02 18:00:41] 更新完成：成功更新 18 首歌曲
[2026-05-02 18:14:51] 开始更新音乐URL...
[2026-05-02 18:14:51] 备份创建成功：backups/music_data_2026-05-02_18-14-51.json
[2026-05-02 18:14:56] 更新成功：Cafuné - Tek It (ID: 1859556322) - 标准、无损音质
[2026-05-02 18:15:08] 更新成功：Paperman - The King (ID: 2743846343) - 无损音质
[2026-05-02 18:15:10] 更新成功：8Y1ar - 起风了(林俊杰) (ID: 2636494144) - 标准、无损音质
[2026-05-02 18:15:13] 更新成功：洪辰 - 我乘着风飞过来 (ID: 2116120347) - 标准、无损音质
[2026-05-02 18:15:15] 更新成功：TFBOYS - 青春修炼手册 (ID: 28838178) - 标准、无损音质
[2026-05-02 18:15:17] 更新成功：南征北战NZBZ - 最美的期待 (ID: 862100828) - 标准、无损音质
[2026-05-02 18:15:19] 更新成功：G.E.M.邓紫棋 - 句号 (ID: 1405283464) - 标准、无损音质
[2026-05-02 18:15:22] 更新成功：林依晨 - 恶作剧 (ID: 255574) - 标准、无损音质
[2026-05-02 18:15:24] 更新成功：Justin Bieber - Baby (ID: 1519343) - 标准、无损音质
[2026-05-02 18:15:26] 更新成功：汪苏泷 - 如果爱忘了 (live) (ID: 2124385868) - 标准、无损音质
[2026-05-02 18:15:29] 更新成功：Lady Gaga - The Cure (ID: 472045959) - 标准、无损音质
[2026-05-02 18:15:31] 更新成功：Dizzy Dizzo (蔡诗芸) - 雨过后的风景 (ID: 215382) - 标准、无损音质
[2026-05-02 18:15:33] 更新成功：蓝琦雪宁 - 丹尼尔-辛巴巴巴噜比啦 (ID: 3349954487) - 标准、无损音质
[2026-05-02 18:15:35] 更新成功：陈奕迅 - 孤勇者 (ID: 1901371647) - 标准、无损音质
[2026-05-02 18:15:38] 更新成功：Taylor Swift - Blank Space (ID: 29572501) - 标准、无损音质
[2026-05-02 18:15:40] 更新成功：A12 - 春娇与志明 街道办GDC / 欧阳耀莹 (ID: 2690846376) - 标准、无损音质
[2026-05-02 18:15:42] 更新成功：江辰 - 锈 (我们两个都拉过勾) (ID: 2648204040) - 标准、无损音质
[2026-05-02 18:15:44] 更新成功：林忆莲 - 至少还有你 (ID: 256621) - 标准、无损音质
[2026-05-02 18:15:45] 更新完成：成功更新 18 首歌曲
[2026-05-02 18:29:51] 开始更新音乐URL...
[2026-05-02 18:29:51] 备份创建成功：backups/music_data_2026-05-02_18-29-51.json
[2026-05-02 18:29:55] 更新成功：Cafuné - Tek It (ID: 1859556322) - 标准、无损音质
[2026-05-02 18:29:57] 更新成功：Paperman - The King (ID: 2743846343) - 标准、无损音质
[2026-05-02 18:29:59] 更新成功：8Y1ar - 起风了(林俊杰) (ID: 2636494144) - 标准、无损音质
[2026-05-02 18:30:02] 更新成功：洪辰 - 我乘着风飞过来 (ID: 2116120347) - 标准、无损音质
[2026-05-02 18:30:04] 更新成功：TFBOYS - 青春修炼手册 (ID: 28838178) - 标准、无损音质
[2026-05-02 18:30:06] 更新成功：南征北战NZBZ - 最美的期待 (ID: 862100828) - 标准、无损音质
[2026-05-02 18:30:09] 更新成功：G.E.M.邓紫棋 - 句号 (ID: 1405283464) - 标准、无损音质
[2026-05-02 18:30:11] 更新成功：林依晨 - 恶作剧 (ID: 255574) - 标准、无损音质
[2026-05-02 18:30:13] 更新成功：Justin Bieber - Baby (ID: 1519343) - 标准、无损音质
[2026-05-02 18:30:16] 更新成功：汪苏泷 - 如果爱忘了 (live) (ID: 2124385868) - 标准、无损音质
[2026-05-02 18:30:18] 更新成功：Lady Gaga - The Cure (ID: 472045959) - 标准、无损音质
[2026-05-02 18:30:21] 更新成功：Dizzy Dizzo (蔡诗芸) - 雨过后的风景 (ID: 215382) - 标准、无损音质
[2026-05-02 18:30:23] 更新成功：蓝琦雪宁 - 丹尼尔-辛巴巴巴噜比啦 (ID: 3349954487) - 标准、无损音质
[2026-05-02 18:30:25] 更新成功：陈奕迅 - 孤勇者 (ID: 1901371647) - 标准、无损音质
[2026-05-02 18:30:27] 更新成功：Taylor Swift - Blank Space (ID: 29572501) - 标准、无损音质
[2026-05-02 18:30:29] 更新成功：A12 - 春娇与志明 街道办GDC / 欧阳耀莹 (ID: 2690846376) - 标准、无损音质
[2026-05-02 18:30:32] 更新成功：江辰 - 锈 (我们两个都拉过勾) (ID: 2648204040) - 标准、无损音质
[2026-05-02 18:30:34] 更新成功：林忆莲 - 至少还有你 (ID: 256621) - 标准、无损音质
[2026-05-02 18:30:34] 更新完成：成功更新 18 首歌曲
[2026-05-02 18:44:51] 开始更新音乐URL...
[2026-05-02 18:44:51] 备份创建成功：backups/music_data_2026-05-02_18-44-51.json
[2026-05-02 18:44:54] 更新成功：Cafuné - Tek It (ID: 1859556322) - 标准、无损音质
[2026-05-02 18:44:57] 更新成功：Paperman - The King (ID: 2743846343) - 标准、无损音质
[2026-05-02 18:45:00] 更新成功：8Y1ar - 起风了(林俊杰) (ID: 2636494144) - 标准、无损音质
[2026-05-02 18:45:03] 更新成功：洪辰 - 我乘着风飞过来 (ID: 2116120347) - 标准、无损音质
[2026-05-02 18:45:07] 更新成功：TFBOYS - 青春修炼手册 (ID: 28838178) - 标准、无损音质
[2026-05-02 18:45:11] 更新成功：南征北战NZBZ - 最美的期待 (ID: 862100828) - 标准、无损音质
[2026-05-02 18:45:13] 更新成功：G.E.M.邓紫棋 - 句号 (ID: 1405283464) - 标准、无损音质
[2026-05-02 18:45:17] 更新成功：林依晨 - 恶作剧 (ID: 255574) - 标准、无损音质
[2026-05-02 18:45:20] 更新成功：Justin Bieber - Baby (ID: 1519343) - 标准、无损音质
[2026-05-02 18:45:22] 更新成功：汪苏泷 - 如果爱忘了 (live) (ID: 2124385868) - 标准、无损音质
[2026-05-02 18:45:24] 更新成功：Lady Gaga - The Cure (ID: 472045959) - 标准、无损音质
[2026-05-02 18:45:26] 更新成功：Dizzy Dizzo (蔡诗芸) - 雨过后的风景 (ID: 215382) - 标准、无损音质
[2026-05-02 18:45:28] 更新成功：蓝琦雪宁 - 丹尼尔-辛巴巴巴噜比啦 (ID: 3349954487) - 标准、无损音质
[2026-05-02 18:45:31] 更新成功：陈奕迅 - 孤勇者 (ID: 1901371647) - 标准、无损音质
[2026-05-02 18:45:33] 更新成功：Taylor Swift - Blank Space (ID: 29572501) - 标准、无损音质
[2026-05-02 18:45:35] 更新成功：A12 - 春娇与志明 街道办GDC / 欧阳耀莹 (ID: 2690846376) - 标准、无损音质
[2026-05-02 18:45:37] 更新成功：江辰 - 锈 (我们两个都拉过勾) (ID: 2648204040) - 标准、无损音质
[2026-05-02 18:45:40] 更新成功：林忆莲 - 至少还有你 (ID: 256621) - 标准、无损音质
[2026-05-02 18:45:40] 更新完成：成功更新 18 首歌曲
[2026-05-02 18:59:51] 开始更新音乐URL...
[2026-05-02 18:59:51] 备份创建成功：backups/music_data_2026-05-02_18-59-51.json
[2026-05-02 18:59:54] 更新成功：Cafuné - Tek It (ID: 1859556322) - 标准、无损音质
[2026-05-02 18:59:56] 更新成功：Paperman - The King (ID: 2743846343) - 标准、无损音质
[2026-05-02 18:59:59] 更新成功：8Y1ar - 起风了(林俊杰) (ID: 2636494144) - 标准、无损音质
[2026-05-02 19:00:02] 更新成功：洪辰 - 我乘着风飞过来 (ID: 2116120347) - 标准、无损音质
[2026-05-02 19:00:04] 更新成功：TFBOYS - 青春修炼手册 (ID: 28838178) - 标准、无损音质
[2026-05-02 19:00:07] 更新成功：南征北战NZBZ - 最美的期待 (ID: 862100828) - 标准、无损音质
[2026-05-02 19:00:11] 更新成功：G.E.M.邓紫棋 - 句号 (ID: 1405283464) - 标准、无损音质
[2026-05-02 19:00:14] 更新成功：林依晨 - 恶作剧 (ID: 255574) - 标准、无损音质
[2026-05-02 19:00:18] 更新成功：Justin Bieber - Baby (ID: 1519343) - 标准、无损音质
[2026-05-02 19:00:22] 更新成功：汪苏泷 - 如果爱忘了 (live) (ID: 2124385868) - 标准、无损音质
[2026-05-02 19:00:26] 更新成功：Lady Gaga - The Cure (ID: 472045959) - 标准、无损音质
[2026-05-02 19:00:31] 更新成功：Dizzy Dizzo (蔡诗芸) - 雨过后的风景 (ID: 215382) - 标准、无损音质
[2026-05-02 19:00:35] 更新成功：蓝琦雪宁 - 丹尼尔-辛巴巴巴噜比啦 (ID: 3349954487) - 标准、无损音质
[2026-05-02 19:00:39] 更新成功：陈奕迅 - 孤勇者 (ID: 1901371647) - 标准、无损音质
[2026-05-02 19:00:43] 更新成功：Taylor Swift - Blank Space (ID: 29572501) - 标准、无损音质
[2026-05-02 19:00:47] 更新成功：A12 - 春娇与志明 街道办GDC / 欧阳耀莹 (ID: 2690846376) - 标准、无损音质
[2026-05-02 19:00:51] 更新成功：江辰 - 锈 (我们两个都拉过勾) (ID: 2648204040) - 标准、无损音质
[2026-05-02 19:00:54] 更新成功：林忆莲 - 至少还有你 (ID: 256621) - 标准、无损音质
[2026-05-02 19:00:55] 更新完成：成功更新 18 首歌曲
[2026-05-02 19:14:51] 开始更新音乐URL...
[2026-05-02 19:14:51] 备份创建成功：backups/music_data_2026-05-02_19-14-51.json
[2026-05-02 19:14:54] 更新成功：Cafuné - Tek It (ID: 1859556322) - 标准、无损音质
[2026-05-02 19:14:56] 更新成功：Paperman - The King (ID: 2743846343) - 标准、无损音质
[2026-05-02 19:14:58] 更新成功：8Y1ar - 起风了(林俊杰) (ID: 2636494144) - 标准、无损音质
[2026-05-02 19:15:01] 更新成功：洪辰 - 我乘着风飞过来 (ID: 2116120347) - 标准、无损音质
[2026-05-02 19:15:03] 更新成功：TFBOYS - 青春修炼手册 (ID: 28838178) - 标准、无损音质
[2026-05-02 19:15:06] 更新成功：南征北战NZBZ - 最美的期待 (ID: 862100828) - 标准、无损音质
[2026-05-02 19:15:08] 更新成功：G.E.M.邓紫棋 - 句号 (ID: 1405283464) - 标准、无损音质
[2026-05-02 19:15:10] 更新成功：林依晨 - 恶作剧 (ID: 255574) - 标准、无损音质
[2026-05-02 19:15:12] 更新成功：Justin Bieber - Baby (ID: 1519343) - 标准、无损音质
[2026-05-02 19:15:15] 更新成功：汪苏泷 - 如果爱忘了 (live) (ID: 2124385868) - 标准、无损音质
[2026-05-02 19:15:17] 更新成功：Lady Gaga - The Cure (ID: 472045959) - 标准、无损音质
[2026-05-02 19:15:19] 更新成功：Dizzy Dizzo (蔡诗芸) - 雨过后的风景 (ID: 215382) - 标准、无损音质
[2026-05-02 19:15:21] 更新成功：蓝琦雪宁 - 丹尼尔-辛巴巴巴噜比啦 (ID: 3349954487) - 标准、无损音质
[2026-05-02 19:15:24] 更新成功：陈奕迅 - 孤勇者 (ID: 1901371647) - 标准、无损音质
[2026-05-02 19:15:26] 更新成功：Taylor Swift - Blank Space (ID: 29572501) - 标准、无损音质
[2026-05-02 19:15:28] 更新成功：A12 - 春娇与志明 街道办GDC / 欧阳耀莹 (ID: 2690846376) - 标准、无损音质
[2026-05-02 19:15:30] 更新成功：江辰 - 锈 (我们两个都拉过勾) (ID: 2648204040) - 标准、无损音质
[2026-05-02 19:15:33] 更新成功：林忆莲 - 至少还有你 (ID: 256621) - 标准、无损音质
[2026-05-02 19:15:33] 更新完成：成功更新 18 首歌曲
[2026-05-02 19:29:51] 开始更新音乐URL...
[2026-05-02 19:29:51] 备份创建成功：backups/music_data_2026-05-02_19-29-51.json
[2026-05-02 19:29:54] 更新成功：Cafuné - Tek It (ID: 1859556322) - 标准、无损音质
[2026-05-02 19:29:57] 更新成功：Paperman - The King (ID: 2743846343) - 标准、无损音质
[2026-05-02 19:29:59] 更新成功：8Y1ar - 起风了(林俊杰) (ID: 2636494144) - 标准、无损音质
[2026-05-02 19:30:02] 更新成功：洪辰 - 我乘着风飞过来 (ID: 2116120347) - 标准、无损音质
[2026-05-02 19:30:04] 更新成功：TFBOYS - 青春修炼手册 (ID: 28838178) - 标准、无损音质
[2026-05-02 19:30:07] 更新成功：南征北战NZBZ - 最美的期待 (ID: 862100828) - 标准、无损音质
[2026-05-02 19:30:09] 更新成功：G.E.M.邓紫棋 - 句号 (ID: 1405283464) - 标准、无损音质
[2026-05-02 19:30:11] 更新成功：林依晨 - 恶作剧 (ID: 255574) - 标准、无损音质
[2026-05-02 19:30:13] 更新成功：Justin Bieber - Baby (ID: 1519343) - 标准、无损音质
[2026-05-02 19:30:16] 更新成功：汪苏泷 - 如果爱忘了 (live) (ID: 2124385868) - 标准、无损音质
[2026-05-02 19:30:18] 更新成功：Lady Gaga - The Cure (ID: 472045959) - 标准、无损音质
[2026-05-02 19:30:20] 更新成功：Dizzy Dizzo (蔡诗芸) - 雨过后的风景 (ID: 215382) - 标准、无损音质
[2026-05-02 19:30:22] 更新成功：蓝琦雪宁 - 丹尼尔-辛巴巴巴噜比啦 (ID: 3349954487) - 标准、无损音质
[2026-05-02 19:30:25] 更新成功：陈奕迅 - 孤勇者 (ID: 1901371647) - 标准、无损音质
[2026-05-02 19:30:27] 更新成功：Taylor Swift - Blank Space (ID: 29572501) - 标准、无损音质
[2026-05-02 19:30:29] 更新成功：A12 - 春娇与志明 街道办GDC / 欧阳耀莹 (ID: 2690846376) - 标准、无损音质
[2026-05-02 19:30:31] 更新成功：江辰 - 锈 (我们两个都拉过勾) (ID: 2648204040) - 标准、无损音质
[2026-05-02 19:30:34] 更新成功：林忆莲 - 至少还有你 (ID: 256621) - 标准、无损音质
[2026-05-02 19:30:34] 更新完成：成功更新 18 首歌曲
[2026-05-02 19:44:51] 开始更新音乐URL...
[2026-05-02 19:44:51] 备份创建成功：backups/music_data_2026-05-02_19-44-51.json
[2026-05-02 19:44:54] 更新成功：Cafuné - Tek It (ID: 1859556322) - 标准、无损音质
[2026-05-02 19:44:56] 更新成功：Paperman - The King (ID: 2743846343) - 标准、无损音质
[2026-05-02 19:44:59] 更新成功：8Y1ar - 起风了(林俊杰) (ID: 2636494144) - 标准、无损音质
[2026-05-02 19:45:01] 更新成功：洪辰 - 我乘着风飞过来 (ID: 2116120347) - 标准、无损音质
[2026-05-02 19:45:03] 更新成功：TFBOYS - 青春修炼手册 (ID: 28838178) - 标准、无损音质
[2026-05-02 19:45:05] 更新成功：南征北战NZBZ - 最美的期待 (ID: 862100828) - 标准、无损音质
[2026-05-02 19:45:08] 更新成功：G.E.M.邓紫棋 - 句号 (ID: 1405283464) - 标准、无损音质
[2026-05-02 19:45:10] 更新成功：林依晨 - 恶作剧 (ID: 255574) - 标准、无损音质
[2026-05-02 19:45:12] 更新成功：Justin Bieber - Baby (ID: 1519343) - 标准、无损音质
[2026-05-02 19:45:15] 更新成功：汪苏泷 - 如果爱忘了 (live) (ID: 2124385868) - 标准、无损音质
[2026-05-02 19:45:17] 更新成功：Lady Gaga - The Cure (ID: 472045959) - 标准、无损音质
[2026-05-02 19:45:20] 更新成功：Dizzy Dizzo (蔡诗芸) - 雨过后的风景 (ID: 215382) - 标准、无损音质
[2026-05-02 19:45:22] 更新成功：蓝琦雪宁 - 丹尼尔-辛巴巴巴噜比啦 (ID: 3349954487) - 标准、无损音质
[2026-05-02 19:45:24] 更新成功：陈奕迅 - 孤勇者 (ID: 1901371647) - 标准、无损音质
[2026-05-02 19:45:26] 更新成功：Taylor Swift - Blank Space (ID: 29572501) - 标准、无损音质
[2026-05-02 19:45:29] 更新成功：A12 - 春娇与志明 街道办GDC / 欧阳耀莹 (ID: 2690846376) - 标准、无损音质
[2026-05-02 19:45:31] 更新成功：江辰 - 锈 (我们两个都拉过勾) (ID: 2648204040) - 标准、无损音质
[2026-05-02 19:45:33] 更新成功：林忆莲 - 至少还有你 (ID: 256621) - 标准、无损音质
[2026-05-02 19:45:34] 更新完成：成功更新 18 首歌曲
[2026-05-02 19:59:51] 开始更新音乐URL...
[2026-05-02 19:59:51] 备份创建成功：backups/music_data_2026-05-02_19-59-51.json
[2026-05-02 19:59:55] 更新成功：Cafuné - Tek It (ID: 1859556322) - 标准、无损音质
[2026-05-02 19:59:58] 更新成功：Paperman - The King (ID: 2743846343) - 标准、无损音质
[2026-05-02 20:00:00] 更新成功：8Y1ar - 起风了(林俊杰) (ID: 2636494144) - 标准、无损音质
[2026-05-02 20:00:03] 更新成功：洪辰 - 我乘着风飞过来 (ID: 2116120347) - 标准、无损音质
[2026-05-02 20:00:06] 更新成功：TFBOYS - 青春修炼手册 (ID: 28838178) - 标准、无损音质
[2026-05-02 20:00:10] 更新成功：南征北战NZBZ - 最美的期待 (ID: 862100828) - 标准、无损音质
[2026-05-02 20:00:13] 更新成功：G.E.M.邓紫棋 - 句号 (ID: 1405283464) - 标准、无损音质
[2026-05-02 20:00:16] 更新成功：林依晨 - 恶作剧 (ID: 255574) - 标准、无损音质
[2026-05-02 20:00:18] 更新成功：Justin Bieber - Baby (ID: 1519343) - 标准、无损音质
[2026-05-02 20:00:20] 更新成功：汪苏泷 - 如果爱忘了 (live) (ID: 2124385868) - 标准、无损音质
[2026-05-02 20:00:23] 更新成功：Lady Gaga - The Cure (ID: 472045959) - 标准、无损音质
[2026-05-02 20:00:25] 更新成功：Dizzy Dizzo (蔡诗芸) - 雨过后的风景 (ID: 215382) - 标准、无损音质
[2026-05-02 20:00:27] 更新成功：蓝琦雪宁 - 丹尼尔-辛巴巴巴噜比啦 (ID: 3349954487) - 标准、无损音质
[2026-05-02 20:00:29] 更新成功：陈奕迅 - 孤勇者 (ID: 1901371647) - 标准、无损音质
[2026-05-02 20:00:32] 更新成功：Taylor Swift - Blank Space (ID: 29572501) - 标准、无损音质
[2026-05-02 20:00:36] 更新成功：A12 - 春娇与志明 街道办GDC / 欧阳耀莹 (ID: 2690846376) - 标准、无损音质
[2026-05-02 20:00:40] 更新成功：江辰 - 锈 (我们两个都拉过勾) (ID: 2648204040) - 标准、无损音质
[2026-05-02 20:00:44] 更新成功：林忆莲 - 至少还有你 (ID: 256621) - 标准、无损音质
[2026-05-02 20:00:44] 更新完成：成功更新 18 首歌曲
[2026-05-02 20:14:51] 开始更新音乐URL...
[2026-05-02 20:14:51] 备份创建成功：backups/music_data_2026-05-02_20-14-51.json
[2026-05-02 20:14:54] 更新成功：Cafuné - Tek It (ID: 1859556322) - 标准、无损音质
[2026-05-02 20:14:57] 更新成功：Paperman - The King (ID: 2743846343) - 标准、无损音质
[2026-05-02 20:14:59] 更新成功：8Y1ar - 起风了(林俊杰) (ID: 2636494144) - 标准、无损音质
[2026-05-02 20:15:01] 更新成功：洪辰 - 我乘着风飞过来 (ID: 2116120347) - 标准、无损音质
[2026-05-02 20:15:04] 更新成功：TFBOYS - 青春修炼手册 (ID: 28838178) - 标准、无损音质
[2026-05-02 20:15:07] 更新成功：南征北战NZBZ - 最美的期待 (ID: 862100828) - 标准、无损音质
[2026-05-02 20:15:09] 更新成功：G.E.M.邓紫棋 - 句号 (ID: 1405283464) - 标准、无损音质
[2026-05-02 20:15:12] 更新成功：林依晨 - 恶作剧 (ID: 255574) - 标准、无损音质
[2026-05-02 20:15:14] 更新成功：Justin Bieber - Baby (ID: 1519343) - 标准、无损音质
[2026-05-02 20:15:16] 更新成功：汪苏泷 - 如果爱忘了 (live) (ID: 2124385868) - 标准、无损音质
[2026-05-02 20:15:18] 更新成功：Lady Gaga - The Cure (ID: 472045959) - 标准、无损音质
[2026-05-02 20:15:21] 更新成功：Dizzy Dizzo (蔡诗芸) - 雨过后的风景 (ID: 215382) - 标准、无损音质
[2026-05-02 20:15:23] 更新成功：蓝琦雪宁 - 丹尼尔-辛巴巴巴噜比啦 (ID: 3349954487) - 标准、无损音质
[2026-05-02 20:15:25] 更新成功：陈奕迅 - 孤勇者 (ID: 1901371647) - 标准、无损音质
[2026-05-02 20:15:27] 更新成功：Taylor Swift - Blank Space (ID: 29572501) - 标准、无损音质
[2026-05-02 20:15:30] 更新成功：A12 - 春娇与志明 街道办GDC / 欧阳耀莹 (ID: 2690846376) - 标准、无损音质
[2026-05-02 20:15:32] 更新成功：江辰 - 锈 (我们两个都拉过勾) (ID: 2648204040) - 标准、无损音质
[2026-05-02 20:15:34] 更新成功：林忆莲 - 至少还有你 (ID: 256621) - 标准、无损音质
[2026-05-02 20:15:34] 更新完成：成功更新 18 首歌曲
[2026-05-02 20:29:51] 开始更新音乐URL...
[2026-05-02 20:29:51] 备份创建成功：backups/music_data_2026-05-02_20-29-51.json
[2026-05-02 20:29:55] 更新成功：Cafuné - Tek It (ID: 1859556322) - 标准、无损音质
[2026-05-02 20:29:58] 更新成功：Paperman - The King (ID: 2743846343) - 标准、无损音质
[2026-05-02 20:30:01] 更新成功：8Y1ar - 起风了(林俊杰) (ID: 2636494144) - 标准、无损音质
[2026-05-02 20:30:03] 更新成功：洪辰 - 我乘着风飞过来 (ID: 2116120347) - 标准、无损音质
[2026-05-02 20:30:06] 更新成功：TFBOYS - 青春修炼手册 (ID: 28838178) - 标准、无损音质
[2026-05-02 20:30:08] 更新成功：南征北战NZBZ - 最美的期待 (ID: 862100828) - 标准、无损音质
[2026-05-02 20:30:11] 更新成功：G.E.M.邓紫棋 - 句号 (ID: 1405283464) - 标准、无损音质
[2026-05-02 20:30:13] 更新成功：林依晨 - 恶作剧 (ID: 255574) - 标准、无损音质
[2026-05-02 20:30:15] 更新成功：Justin Bieber - Baby (ID: 1519343) - 标准、无损音质
[2026-05-02 20:30:17] 更新成功：汪苏泷 - 如果爱忘了 (live) (ID: 2124385868) - 标准、无损音质
[2026-05-02 20:30:20] 更新成功：Lady Gaga - The Cure (ID: 472045959) - 标准、无损音质
[2026-05-02 20:30:22] 更新成功：Dizzy Dizzo (蔡诗芸) - 雨过后的风景 (ID: 215382) - 标准、无损音质
[2026-05-02 20:30:24] 更新成功：蓝琦雪宁 - 丹尼尔-辛巴巴巴噜比啦 (ID: 3349954487) - 标准、无损音质
[2026-05-02 20:30:26] 更新成功：陈奕迅 - 孤勇者 (ID: 1901371647) - 标准、无损音质
[2026-05-02 20:30:28] 更新成功：Taylor Swift - Blank Space (ID: 29572501) - 标准、无损音质
[2026-05-02 20:30:31] 更新成功：A12 - 春娇与志明 街道办GDC / 欧阳耀莹 (ID: 2690846376) - 标准、无损音质
[2026-05-02 20:30:33] 更新成功：江辰 - 锈 (我们两个都拉过勾) (ID: 2648204040) - 标准、无损音质
[2026-05-02 20:30:35] 更新成功：林忆莲 - 至少还有你 (ID: 256621) - 标准、无损音质
[2026-05-02 20:30:35] 更新完成：成功更新 18 首歌曲
[2026-05-02 20:44:51] 开始更新音乐URL...
[2026-05-02 20:44:51] 备份创建成功：backups/music_data_2026-05-02_20-44-51.json
[2026-05-02 20:44:54] 更新成功：Cafuné - Tek It (ID: 1859556322) - 标准、无损音质
[2026-05-02 20:44:57] 更新成功：Paperman - The King (ID: 2743846343) - 标准、无损音质
[2026-05-02 20:44:59] 更新成功：8Y1ar - 起风了(林俊杰) (ID: 2636494144) - 标准、无损音质
[2026-05-02 20:45:02] 更新成功：洪辰 - 我乘着风飞过来 (ID: 2116120347) - 标准、无损音质
[2026-05-02 20:45:05] 更新成功：TFBOYS - 青春修炼手册 (ID: 28838178) - 标准、无损音质
[2026-05-02 20:45:07] 更新成功：南征北战NZBZ - 最美的期待 (ID: 862100828) - 标准、无损音质
[2026-05-02 20:45:09] 更新成功：G.E.M.邓紫棋 - 句号 (ID: 1405283464) - 标准、无损音质
[2026-05-02 20:45:12] 更新成功：林依晨 - 恶作剧 (ID: 255574) - 标准、无损音质
[2026-05-02 20:45:14] 更新成功：Justin Bieber - Baby (ID: 1519343) - 标准、无损音质
[2026-05-02 20:45:17] 更新成功：汪苏泷 - 如果爱忘了 (live) (ID: 2124385868) - 标准、无损音质
[2026-05-02 20:45:19] 更新成功：Lady Gaga - The Cure (ID: 472045959) - 标准、无损音质
[2026-05-02 20:45:21] 更新成功：Dizzy Dizzo (蔡诗芸) - 雨过后的风景 (ID: 215382) - 标准、无损音质
[2026-05-02 20:45:23] 更新成功：蓝琦雪宁 - 丹尼尔-辛巴巴巴噜比啦 (ID: 3349954487) - 标准、无损音质
[2026-05-02 20:45:25] 更新成功：陈奕迅 - 孤勇者 (ID: 1901371647) - 标准、无损音质
[2026-05-02 20:45:28] 更新成功：Taylor Swift - Blank Space (ID: 29572501) - 标准、无损音质
[2026-05-02 20:45:30] 更新成功：A12 - 春娇与志明 街道办GDC / 欧阳耀莹 (ID: 2690846376) - 标准、无损音质
[2026-05-02 20:45:32] 更新成功：江辰 - 锈 (我们两个都拉过勾) (ID: 2648204040) - 标准、无损音质
[2026-05-02 20:45:35] 更新成功：林忆莲 - 至少还有你 (ID: 256621) - 标准、无损音质
[2026-05-02 20:45:35] 更新完成：成功更新 18 首歌曲
[2026-05-02 20:59:51] 开始更新音乐URL...
[2026-05-02 20:59:51] 备份创建成功：backups/music_data_2026-05-02_20-59-51.json
[2026-05-02 20:59:54] 更新成功：Cafuné - Tek It (ID: 1859556322) - 标准、无损音质
[2026-05-02 20:59:57] 更新成功：Paperman - The King (ID: 2743846343) - 标准、无损音质
[2026-05-02 20:59:59] 更新成功：8Y1ar - 起风了(林俊杰) (ID: 2636494144) - 标准、无损音质
[2026-05-02 21:00:01] 更新成功：洪辰 - 我乘着风飞过来 (ID: 2116120347) - 标准、无损音质
[2026-05-02 21:00:04] 更新成功：TFBOYS - 青春修炼手册 (ID: 28838178) - 标准、无损音质
[2026-05-02 21:00:07] 更新成功：南征北战NZBZ - 最美的期待 (ID: 862100828) - 标准、无损音质
[2026-05-02 21:00:10] 更新成功：G.E.M.邓紫棋 - 句号 (ID: 1405283464) - 标准、无损音质
[2026-05-02 21:00:13] 更新成功：林依晨 - 恶作剧 (ID: 255574) - 标准、无损音质
[2026-05-02 21:00:15] 更新成功：Justin Bieber - Baby (ID: 1519343) - 标准、无损音质
[2026-05-02 21:00:17] 更新成功：汪苏泷 - 如果爱忘了 (live) (ID: 2124385868) - 标准、无损音质
[2026-05-02 21:00:20] 更新成功：Lady Gaga - The Cure (ID: 472045959) - 标准、无损音质
[2026-05-02 21:00:23] 更新成功：Dizzy Dizzo (蔡诗芸) - 雨过后的风景 (ID: 215382) - 标准、无损音质
[2026-05-02 21:00:25] 更新成功：蓝琦雪宁 - 丹尼尔-辛巴巴巴噜比啦 (ID: 3349954487) - 标准、无损音质
[2026-05-02 21:00:27] 更新成功：陈奕迅 - 孤勇者 (ID: 1901371647) - 标准、无损音质
[2026-05-02 21:00:30] 更新成功：Taylor Swift - Blank Space (ID: 29572501) - 标准、无损音质
[2026-05-02 21:00:32] 更新成功：A12 - 春娇与志明 街道办GDC / 欧阳耀莹 (ID: 2690846376) - 标准、无损音质
[2026-05-02 21:00:34] 更新成功：江辰 - 锈 (我们两个都拉过勾) (ID: 2648204040) - 标准、无损音质
[2026-05-02 21:00:36] 更新成功：林忆莲 - 至少还有你 (ID: 256621) - 标准、无损音质
[2026-05-02 21:00:37] 更新完成：成功更新 18 首歌曲
[2026-05-02 21:14:51] 开始更新音乐URL...
[2026-05-02 21:14:51] 备份创建成功：backups/music_data_2026-05-02_21-14-51.json
[2026-05-02 21:14:53] 更新成功：Cafuné - Tek It (ID: 1859556322) - 标准、无损音质
[2026-05-02 21:14:55] 更新成功：Paperman - The King (ID: 2743846343) - 标准、无损音质
[2026-05-02 21:14:58] 更新成功：8Y1ar - 起风了(林俊杰) (ID: 2636494144) - 标准、无损音质
[2026-05-02 21:15:00] 更新成功：洪辰 - 我乘着风飞过来 (ID: 2116120347) - 标准、无损音质
[2026-05-02 21:15:02] 更新成功：TFBOYS - 青春修炼手册 (ID: 28838178) - 标准、无损音质
[2026-05-02 21:15:04] 更新成功：南征北战NZBZ - 最美的期待 (ID: 862100828) - 标准、无损音质
[2026-05-02 21:15:06] 更新成功：G.E.M.邓紫棋 - 句号 (ID: 1405283464) - 标准、无损音质
[2026-05-02 21:15:09] 更新成功：林依晨 - 恶作剧 (ID: 255574) - 标准、无损音质
[2026-05-02 21:15:11] 更新成功：Justin Bieber - Baby (ID: 1519343) - 标准、无损音质
[2026-05-02 21:15:13] 更新成功：汪苏泷 - 如果爱忘了 (live) (ID: 2124385868) - 标准、无损音质
[2026-05-02 21:15:15] 更新成功：Lady Gaga - The Cure (ID: 472045959) - 标准、无损音质
[2026-05-02 21:15:17] 更新成功：Dizzy Dizzo (蔡诗芸) - 雨过后的风景 (ID: 215382) - 标准、无损音质
[2026-05-02 21:15:19] 更新成功：蓝琦雪宁 - 丹尼尔-辛巴巴巴噜比啦 (ID: 3349954487) - 标准、无损音质
[2026-05-02 21:15:21] 更新成功：陈奕迅 - 孤勇者 (ID: 1901371647) - 标准、无损音质
[2026-05-02 21:15:24] 更新成功：Taylor Swift - Blank Space (ID: 29572501) - 标准、无损音质
[2026-05-02 21:15:26] 更新成功：A12 - 春娇与志明 街道办GDC / 欧阳耀莹 (ID: 2690846376) - 标准、无损音质
[2026-05-02 21:15:28] 更新成功：江辰 - 锈 (我们两个都拉过勾) (ID: 2648204040) - 标准、无损音质
[2026-05-02 21:15:30] 更新成功：林忆莲 - 至少还有你 (ID: 256621) - 标准、无损音质
[2026-05-02 21:15:30] 更新完成：成功更新 18 首歌曲
[2026-05-02 21:29:51] 开始更新音乐URL...
[2026-05-02 21:29:51] 备份创建成功：backups/music_data_2026-05-02_21-29-51.json
[2026-05-02 21:29:54] 更新成功：Cafuné - Tek It (ID: 1859556322) - 标准、无损音质
[2026-05-02 21:29:56] 更新成功：Paperman - The King (ID: 2743846343) - 标准、无损音质
[2026-05-02 21:29:59] 更新成功：8Y1ar - 起风了(林俊杰) (ID: 2636494144) - 标准、无损音质
[2026-05-02 21:30:02] 更新成功：洪辰 - 我乘着风飞过来 (ID: 2116120347) - 标准、无损音质
[2026-05-02 21:30:04] 更新成功：TFBOYS - 青春修炼手册 (ID: 28838178) - 标准、无损音质
[2026-05-02 21:30:07] 更新成功：南征北战NZBZ - 最美的期待 (ID: 862100828) - 标准、无损音质
[2026-05-02 21:30:09] 更新成功：G.E.M.邓紫棋 - 句号 (ID: 1405283464) - 标准、无损音质
[2026-05-02 21:30:12] 更新成功：林依晨 - 恶作剧 (ID: 255574) - 标准、无损音质
[2026-05-02 21:30:14] 更新成功：Justin Bieber - Baby (ID: 1519343) - 标准、无损音质
[2026-05-02 21:30:17] 更新成功：汪苏泷 - 如果爱忘了 (live) (ID: 2124385868) - 标准、无损音质
[2026-05-02 21:30:19] 更新成功：Lady Gaga - The Cure (ID: 472045959) - 标准、无损音质
[2026-05-02 21:30:21] 更新成功：Dizzy Dizzo (蔡诗芸) - 雨过后的风景 (ID: 215382) - 标准、无损音质
[2026-05-02 21:30:23] 更新成功：蓝琦雪宁 - 丹尼尔-辛巴巴巴噜比啦 (ID: 3349954487) - 标准、无损音质
[2026-05-02 21:30:26] 更新成功：陈奕迅 - 孤勇者 (ID: 1901371647) - 标准、无损音质
[2026-05-02 21:30:28] 更新成功：Taylor Swift - Blank Space (ID: 29572501) - 标准、无损音质
[2026-05-02 21:30:30] 更新成功：A12 - 春娇与志明 街道办GDC / 欧阳耀莹 (ID: 2690846376) - 标准、无损音质
[2026-05-02 21:30:32] 更新成功：江辰 - 锈 (我们两个都拉过勾) (ID: 2648204040) - 标准、无损音质
[2026-05-02 21:30:34] 更新成功：林忆莲 - 至少还有你 (ID: 256621) - 标准、无损音质
[2026-05-02 21:30:35] 更新完成：成功更新 18 首歌曲
[2026-05-02 21:44:51] 开始更新音乐URL...
[2026-05-02 21:44:51] 备份创建成功：backups/music_data_2026-05-02_21-44-51.json
[2026-05-02 21:44:55] 更新成功：Cafuné - Tek It (ID: 1859556322) - 标准、无损音质
[2026-05-02 21:44:58] 更新成功：Paperman - The King (ID: 2743846343) - 标准、无损音质
[2026-05-02 21:45:00] 更新成功：8Y1ar - 起风了(林俊杰) (ID: 2636494144) - 标准、无损音质
[2026-05-02 21:45:03] 更新成功：洪辰 - 我乘着风飞过来 (ID: 2116120347) - 标准、无损音质
[2026-05-02 21:45:05] 更新成功：TFBOYS - 青春修炼手册 (ID: 28838178) - 标准、无损音质
[2026-05-02 21:45:08] 更新成功：南征北战NZBZ - 最美的期待 (ID: 862100828) - 标准、无损音质
[2026-05-02 21:45:10] 更新成功：G.E.M.邓紫棋 - 句号 (ID: 1405283464) - 标准、无损音质
[2026-05-02 21:45:12] 更新成功：林依晨 - 恶作剧 (ID: 255574) - 标准、无损音质
[2026-05-02 21:45:15] 更新成功：Justin Bieber - Baby (ID: 1519343) - 标准、无损音质
[2026-05-02 21:45:17] 更新成功：汪苏泷 - 如果爱忘了 (live) (ID: 2124385868) - 标准、无损音质
[2026-05-02 21:45:19] 更新成功：Lady Gaga - The Cure (ID: 472045959) - 标准、无损音质
[2026-05-02 21:45:22] 更新成功：Dizzy Dizzo (蔡诗芸) - 雨过后的风景 (ID: 215382) - 标准、无损音质
[2026-05-02 21:45:24] 更新成功：蓝琦雪宁 - 丹尼尔-辛巴巴巴噜比啦 (ID: 3349954487) - 标准、无损音质
[2026-05-02 21:45:26] 更新成功：陈奕迅 - 孤勇者 (ID: 1901371647) - 标准、无损音质
[2026-05-02 21:45:28] 更新成功：Taylor Swift - Blank Space (ID: 29572501) - 标准、无损音质
[2026-05-02 21:45:31] 更新成功：A12 - 春娇与志明 街道办GDC / 欧阳耀莹 (ID: 2690846376) - 标准、无损音质
[2026-05-02 21:45:33] 更新成功：江辰 - 锈 (我们两个都拉过勾) (ID: 2648204040) - 标准、无损音质
[2026-05-02 21:45:35] 更新成功：林忆莲 - 至少还有你 (ID: 256621) - 标准、无损音质
[2026-05-02 21:45:36] 更新完成：成功更新 18 首歌曲
[2026-05-02 21:59:51] 开始更新音乐URL...
[2026-05-02 21:59:51] 备份创建成功：backups/music_data_2026-05-02_21-59-51.json
[2026-05-02 21:59:55] 更新成功：Cafuné - Tek It (ID: 1859556322) - 标准、无损音质
[2026-05-02 21:59:58] 更新成功：Paperman - The King (ID: 2743846343) - 标准、无损音质
[2026-05-02 22:00:00] 更新成功：8Y1ar - 起风了(林俊杰) (ID: 2636494144) - 标准、无损音质
[2026-05-02 22:00:03] 更新成功：洪辰 - 我乘着风飞过来 (ID: 2116120347) - 标准、无损音质
[2026-05-02 22:00:06] 更新成功：TFBOYS - 青春修炼手册 (ID: 28838178) - 标准、无损音质
[2026-05-02 22:00:09] 更新成功：南征北战NZBZ - 最美的期待 (ID: 862100828) - 标准、无损音质
[2026-05-02 22:00:12] 更新成功：G.E.M.邓紫棋 - 句号 (ID: 1405283464) - 标准、无损音质
[2026-05-02 22:00:14] 更新成功：林依晨 - 恶作剧 (ID: 255574) - 标准、无损音质
[2026-05-02 22:00:17] 更新成功：Justin Bieber - Baby (ID: 1519343) - 标准、无损音质
[2026-05-02 22:00:19] 更新成功：汪苏泷 - 如果爱忘了 (live) (ID: 2124385868) - 标准、无损音质
[2026-05-02 22:00:21] 更新成功：Lady Gaga - The Cure (ID: 472045959) - 标准、无损音质
[2026-05-02 22:00:24] 更新成功：Dizzy Dizzo (蔡诗芸) - 雨过后的风景 (ID: 215382) - 标准、无损音质
[2026-05-02 22:00:26] 更新成功：蓝琦雪宁 - 丹尼尔-辛巴巴巴噜比啦 (ID: 3349954487) - 标准、无损音质
[2026-05-02 22:00:28] 更新成功：陈奕迅 - 孤勇者 (ID: 1901371647) - 标准、无损音质
[2026-05-02 22:00:32] 更新成功：Taylor Swift - Blank Space (ID: 29572501) - 标准、无损音质
[2026-05-02 22:00:34] 更新成功：A12 - 春娇与志明 街道办GDC / 欧阳耀莹 (ID: 2690846376) - 标准、无损音质
[2026-05-02 22:00:37] 更新成功：江辰 - 锈 (我们两个都拉过勾) (ID: 2648204040) - 标准、无损音质
[2026-05-02 22:00:40] 更新成功：林忆莲 - 至少还有你 (ID: 256621) - 标准、无损音质
[2026-05-02 22:00:41] 更新完成：成功更新 18 首歌曲
[2026-05-02 22:14:51] 开始更新音乐URL...
[2026-05-02 22:14:51] 备份创建成功：backups/music_data_2026-05-02_22-14-51.json
[2026-05-02 22:14:55] 更新成功：Cafuné - Tek It (ID: 1859556322) - 标准、无损音质
[2026-05-02 22:14:58] 更新成功：Paperman - The King (ID: 2743846343) - 标准、无损音质
[2026-05-02 22:15:00] 更新成功：8Y1ar - 起风了(林俊杰) (ID: 2636494144) - 标准、无损音质
[2026-05-02 22:15:03] 更新成功：洪辰 - 我乘着风飞过来 (ID: 2116120347) - 标准、无损音质
[2026-05-02 22:15:06] 更新成功：TFBOYS - 青春修炼手册 (ID: 28838178) - 标准、无损音质
[2026-05-02 22:15:08] 更新成功：南征北战NZBZ - 最美的期待 (ID: 862100828) - 标准、无损音质
[2026-05-02 22:15:10] 更新成功：G.E.M.邓紫棋 - 句号 (ID: 1405283464) - 标准、无损音质
[2026-05-02 22:15:13] 更新成功：林依晨 - 恶作剧 (ID: 255574) - 标准、无损音质
[2026-05-02 22:15:15] 更新成功：Justin Bieber - Baby (ID: 1519343) - 标准、无损音质
[2026-05-02 22:15:17] 更新成功：汪苏泷 - 如果爱忘了 (live) (ID: 2124385868) - 标准、无损音质
[2026-05-02 22:15:19] 更新成功：Lady Gaga - The Cure (ID: 472045959) - 标准、无损音质
[2026-05-02 22:15:22] 更新成功：Dizzy Dizzo (蔡诗芸) - 雨过后的风景 (ID: 215382) - 标准、无损音质
[2026-05-02 22:15:24] 更新成功：蓝琦雪宁 - 丹尼尔-辛巴巴巴噜比啦 (ID: 3349954487) - 标准、无损音质
[2026-05-02 22:15:26] 更新成功：陈奕迅 - 孤勇者 (ID: 1901371647) - 标准、无损音质
[2026-05-02 22:15:29] 更新成功：Taylor Swift - Blank Space (ID: 29572501) - 标准、无损音质
[2026-05-02 22:15:31] 更新成功：A12 - 春娇与志明 街道办GDC / 欧阳耀莹 (ID: 2690846376) - 标准、无损音质
[2026-05-02 22:15:33] 更新成功：江辰 - 锈 (我们两个都拉过勾) (ID: 2648204040) - 标准、无损音质
[2026-05-02 22:15:35] 更新成功：林忆莲 - 至少还有你 (ID: 256621) - 标准、无损音质
[2026-05-02 22:15:36] 更新完成：成功更新 18 首歌曲
[2026-05-02 22:29:51] 开始更新音乐URL...
[2026-05-02 22:29:51] 备份创建成功：backups/music_data_2026-05-02_22-29-51.json
[2026-05-02 22:29:55] 更新成功：Cafuné - Tek It (ID: 1859556322) - 标准、无损音质
[2026-05-02 22:29:57] 更新成功：Paperman - The King (ID: 2743846343) - 标准、无损音质
[2026-05-02 22:30:00] 更新成功：8Y1ar - 起风了(林俊杰) (ID: 2636494144) - 标准、无损音质
[2026-05-02 22:30:03] 更新成功：洪辰 - 我乘着风飞过来 (ID: 2116120347) - 标准、无损音质
[2026-05-02 22:30:05] 更新成功：TFBOYS - 青春修炼手册 (ID: 28838178) - 标准、无损音质
[2026-05-02 22:30:08] 更新成功：南征北战NZBZ - 最美的期待 (ID: 862100828) - 标准、无损音质
[2026-05-02 22:30:10] 更新成功：G.E.M.邓紫棋 - 句号 (ID: 1405283464) - 标准、无损音质
[2026-05-02 22:30:12] 更新成功：林依晨 - 恶作剧 (ID: 255574) - 标准、无损音质
[2026-05-02 22:30:15] 更新成功：Justin Bieber - Baby (ID: 1519343) - 标准、无损音质
[2026-05-02 22:30:17] 更新成功：汪苏泷 - 如果爱忘了 (live) (ID: 2124385868) - 标准、无损音质
[2026-05-02 22:30:19] 更新成功：Lady Gaga - The Cure (ID: 472045959) - 标准、无损音质
[2026-05-02 22:30:22] 更新成功：Dizzy Dizzo (蔡诗芸) - 雨过后的风景 (ID: 215382) - 标准、无损音质
[2026-05-02 22:30:24] 更新成功：蓝琦雪宁 - 丹尼尔-辛巴巴巴噜比啦 (ID: 3349954487) - 标准、无损音质
[2026-05-02 22:30:26] 更新成功：陈奕迅 - 孤勇者 (ID: 1901371647) - 标准、无损音质
[2026-05-02 22:30:28] 更新成功：Taylor Swift - Blank Space (ID: 29572501) - 标准、无损音质
[2026-05-02 22:30:31] 更新成功：A12 - 春娇与志明 街道办GDC / 欧阳耀莹 (ID: 2690846376) - 标准、无损音质
[2026-05-02 22:30:33] 更新成功：江辰 - 锈 (我们两个都拉过勾) (ID: 2648204040) - 标准、无损音质
[2026-05-02 22:30:36] 更新成功：林忆莲 - 至少还有你 (ID: 256621) - 标准、无损音质
[2026-05-02 22:30:36] 更新完成：成功更新 18 首歌曲
[2026-05-02 22:44:51] 开始更新音乐URL...
[2026-05-02 22:44:51] 备份创建成功：backups/music_data_2026-05-02_22-44-51.json
[2026-05-02 22:44:56] 更新成功：Cafuné - Tek It (ID: 1859556322) - 标准、无损音质
[2026-05-02 22:44:59] 更新成功：Paperman - The King (ID: 2743846343) - 标准、无损音质
[2026-05-02 22:45:01] 更新成功：8Y1ar - 起风了(林俊杰) (ID: 2636494144) - 标准、无损音质
[2026-05-02 22:45:04] 更新成功：洪辰 - 我乘着风飞过来 (ID: 2116120347) - 标准、无损音质
[2026-05-02 22:45:06] 更新成功：TFBOYS - 青春修炼手册 (ID: 28838178) - 标准、无损音质
[2026-05-02 22:45:09] 更新成功：南征北战NZBZ - 最美的期待 (ID: 862100828) - 标准、无损音质
[2026-05-02 22:45:11] 更新成功：G.E.M.邓紫棋 - 句号 (ID: 1405283464) - 标准、无损音质
[2026-05-02 22:45:13] 更新成功：林依晨 - 恶作剧 (ID: 255574) - 标准、无损音质
[2026-05-02 22:45:15] 更新成功：Justin Bieber - Baby (ID: 1519343) - 标准、无损音质
[2026-05-02 22:45:18] 更新成功：汪苏泷 - 如果爱忘了 (live) (ID: 2124385868) - 标准、无损音质
[2026-05-02 22:45:20] 更新成功：Lady Gaga - The Cure (ID: 472045959) - 标准、无损音质
[2026-05-02 22:45:23] 更新成功：Dizzy Dizzo (蔡诗芸) - 雨过后的风景 (ID: 215382) - 标准、无损音质
[2026-05-02 22:45:25] 更新成功：蓝琦雪宁 - 丹尼尔-辛巴巴巴噜比啦 (ID: 3349954487) - 标准、无损音质
[2026-05-02 22:45:27] 更新成功：陈奕迅 - 孤勇者 (ID: 1901371647) - 标准、无损音质
[2026-05-02 22:45:29] 更新成功：Taylor Swift - Blank Space (ID: 29572501) - 标准、无损音质
[2026-05-02 22:45:32] 更新成功：A12 - 春娇与志明 街道办GDC / 欧阳耀莹 (ID: 2690846376) - 标准、无损音质
[2026-05-02 22:45:34] 更新成功：江辰 - 锈 (我们两个都拉过勾) (ID: 2648204040) - 标准、无损音质
[2026-05-02 22:45:36] 更新成功：林忆莲 - 至少还有你 (ID: 256621) - 标准、无损音质
[2026-05-02 22:45:37] 更新完成：成功更新 18 首歌曲
[2026-05-02 22:59:51] 开始更新音乐URL...
[2026-05-02 22:59:51] 备份创建成功：backups/music_data_2026-05-02_22-59-51.json
[2026-05-02 22:59:54] 更新成功：Cafuné - Tek It (ID: 1859556322) - 标准、无损音质
[2026-05-02 22:59:56] 更新成功：Paperman - The King (ID: 2743846343) - 标准、无损音质
[2026-05-02 22:59:59] 更新成功：8Y1ar - 起风了(林俊杰) (ID: 2636494144) - 标准、无损音质
[2026-05-02 23:00:01] 更新成功：洪辰 - 我乘着风飞过来 (ID: 2116120347) - 标准、无损音质
[2026-05-02 23:00:04] 更新成功：TFBOYS - 青春修炼手册 (ID: 28838178) - 标准、无损音质
[2026-05-02 23:00:07] 更新成功：南征北战NZBZ - 最美的期待 (ID: 862100828) - 标准、无损音质
[2026-05-02 23:00:11] 更新成功：G.E.M.邓紫棋 - 句号 (ID: 1405283464) - 标准、无损音质
[2026-05-02 23:00:14] 更新成功：林依晨 - 恶作剧 (ID: 255574) - 标准、无损音质
[2026-05-02 23:00:16] 更新成功：Justin Bieber - Baby (ID: 1519343) - 标准、无损音质
[2026-05-02 23:00:19] 更新成功：汪苏泷 - 如果爱忘了 (live) (ID: 2124385868) - 标准、无损音质
[2026-05-02 23:00:21] 更新成功：Lady Gaga - The Cure (ID: 472045959) - 标准、无损音质
[2026-05-02 23:00:23] 更新成功：Dizzy Dizzo (蔡诗芸) - 雨过后的风景 (ID: 215382) - 标准、无损音质
[2026-05-02 23:00:26] 更新成功：蓝琦雪宁 - 丹尼尔-辛巴巴巴噜比啦 (ID: 3349954487) - 标准、无损音质
[2026-05-02 23:00:28] 更新成功：陈奕迅 - 孤勇者 (ID: 1901371647) - 标准、无损音质
[2026-05-02 23:00:30] 更新成功：Taylor Swift - Blank Space (ID: 29572501) - 标准、无损音质
[2026-05-02 23:00:32] 更新成功：A12 - 春娇与志明 街道办GDC / 欧阳耀莹 (ID: 2690846376) - 标准、无损音质
[2026-05-02 23:00:35] 更新成功：江辰 - 锈 (我们两个都拉过勾) (ID: 2648204040) - 标准、无损音质
[2026-05-02 23:00:37] 更新成功：林忆莲 - 至少还有你 (ID: 256621) - 标准、无损音质
[2026-05-02 23:00:37] 更新完成：成功更新 18 首歌曲
[2026-05-02 23:14:51] 开始更新音乐URL...
[2026-05-02 23:14:51] 备份创建成功：backups/music_data_2026-05-02_23-14-51.json
[2026-05-02 23:14:54] 更新成功：Cafuné - Tek It (ID: 1859556322) - 标准、无损音质
[2026-05-02 23:14:56] 更新成功：Paperman - The King (ID: 2743846343) - 标准、无损音质
[2026-05-02 23:14:58] 更新成功：8Y1ar - 起风了(林俊杰) (ID: 2636494144) - 标准、无损音质
[2026-05-02 23:15:01] 更新成功：洪辰 - 我乘着风飞过来 (ID: 2116120347) - 标准、无损音质
[2026-05-02 23:15:04] 更新成功：TFBOYS - 青春修炼手册 (ID: 28838178) - 标准、无损音质
[2026-05-02 23:15:06] 更新成功：南征北战NZBZ - 最美的期待 (ID: 862100828) - 标准、无损音质
[2026-05-02 23:15:08] 更新成功：G.E.M.邓紫棋 - 句号 (ID: 1405283464) - 标准、无损音质
[2026-05-02 23:15:11] 更新成功：林依晨 - 恶作剧 (ID: 255574) - 标准、无损音质
[2026-05-02 23:15:13] 更新成功：Justin Bieber - Baby (ID: 1519343) - 标准、无损音质
[2026-05-02 23:15:15] 更新成功：汪苏泷 - 如果爱忘了 (live) (ID: 2124385868) - 标准、无损音质
[2026-05-02 23:15:18] 更新成功：Lady Gaga - The Cure (ID: 472045959) - 标准、无损音质
[2026-05-02 23:15:20] 更新成功：Dizzy Dizzo (蔡诗芸) - 雨过后的风景 (ID: 215382) - 标准、无损音质
[2026-05-02 23:15:22] 更新成功：蓝琦雪宁 - 丹尼尔-辛巴巴巴噜比啦 (ID: 3349954487) - 标准、无损音质
[2026-05-02 23:15:24] 更新成功：陈奕迅 - 孤勇者 (ID: 1901371647) - 标准、无损音质
[2026-05-02 23:15:26] 更新成功：Taylor Swift - Blank Space (ID: 29572501) - 标准、无损音质
[2026-05-02 23:15:29] 更新成功：A12 - 春娇与志明 街道办GDC / 欧阳耀莹 (ID: 2690846376) - 标准、无损音质
[2026-05-02 23:15:31] 更新成功：江辰 - 锈 (我们两个都拉过勾) (ID: 2648204040) - 标准、无损音质
[2026-05-02 23:15:34] 更新成功：林忆莲 - 至少还有你 (ID: 256621) - 标准、无损音质
[2026-05-02 23:15:34] 更新完成：成功更新 18 首歌曲
[2026-05-02 23:29:51] 开始更新音乐URL...
[2026-05-02 23:29:51] 备份创建成功：backups/music_data_2026-05-02_23-29-51.json
[2026-05-02 23:29:55] 更新成功：Cafuné - Tek It (ID: 1859556322) - 标准、无损音质
[2026-05-02 23:29:57] 更新成功：Paperman - The King (ID: 2743846343) - 标准、无损音质
[2026-05-02 23:30:00] 更新成功：8Y1ar - 起风了(林俊杰) (ID: 2636494144) - 标准、无损音质
[2026-05-02 23:30:02] 更新成功：洪辰 - 我乘着风飞过来 (ID: 2116120347) - 标准、无损音质
[2026-05-02 23:30:04] 更新成功：TFBOYS - 青春修炼手册 (ID: 28838178) - 标准、无损音质
[2026-05-02 23:30:07] 更新成功：南征北战NZBZ - 最美的期待 (ID: 862100828) - 标准、无损音质
[2026-05-02 23:30:09] 更新成功：G.E.M.邓紫棋 - 句号 (ID: 1405283464) - 标准、无损音质
[2026-05-02 23:30:11] 更新成功：林依晨 - 恶作剧 (ID: 255574) - 标准、无损音质
[2026-05-02 23:30:14] 更新成功：Justin Bieber - Baby (ID: 1519343) - 标准、无损音质
[2026-05-02 23:30:16] 更新成功：汪苏泷 - 如果爱忘了 (live) (ID: 2124385868) - 标准、无损音质
[2026-05-02 23:30:18] 更新成功：Lady Gaga - The Cure (ID: 472045959) - 标准、无损音质
[2026-05-02 23:30:21] 更新成功：Dizzy Dizzo (蔡诗芸) - 雨过后的风景 (ID: 215382) - 标准、无损音质
[2026-05-02 23:30:23] 更新成功：蓝琦雪宁 - 丹尼尔-辛巴巴巴噜比啦 (ID: 3349954487) - 标准、无损音质
[2026-05-02 23:30:25] 更新成功：陈奕迅 - 孤勇者 (ID: 1901371647) - 标准、无损音质
[2026-05-02 23:30:27] 更新成功：Taylor Swift - Blank Space (ID: 29572501) - 标准、无损音质
[2026-05-02 23:30:30] 更新成功：A12 - 春娇与志明 街道办GDC / 欧阳耀莹 (ID: 2690846376) - 标准、无损音质
[2026-05-02 23:30:32] 更新成功：江辰 - 锈 (我们两个都拉过勾) (ID: 2648204040) - 标准、无损音质
[2026-05-02 23:30:35] 更新成功：林忆莲 - 至少还有你 (ID: 256621) - 标准、无损音质
[2026-05-02 23:30:35] 更新完成：成功更新 18 首歌曲
[2026-05-02 23:44:51] 开始更新音乐URL...
[2026-05-02 23:44:51] 备份创建成功：backups/music_data_2026-05-02_23-44-51.json
[2026-05-02 23:44:54] 更新成功：Cafuné - Tek It (ID: 1859556322) - 标准、无损音质
[2026-05-02 23:44:56] 更新成功：Paperman - The King (ID: 2743846343) - 标准、无损音质
[2026-05-02 23:44:59] 更新成功：8Y1ar - 起风了(林俊杰) (ID: 2636494144) - 标准、无损音质
[2026-05-02 23:45:01] 更新成功：洪辰 - 我乘着风飞过来 (ID: 2116120347) - 标准、无损音质
[2026-05-02 23:45:04] 更新成功：TFBOYS - 青春修炼手册 (ID: 28838178) - 标准、无损音质
[2026-05-02 23:45:06] 更新成功：南征北战NZBZ - 最美的期待 (ID: 862100828) - 标准、无损音质
[2026-05-02 23:45:08] 更新成功：G.E.M.邓紫棋 - 句号 (ID: 1405283464) - 标准、无损音质
[2026-05-02 23:45:11] 更新成功：林依晨 - 恶作剧 (ID: 255574) - 标准、无损音质
[2026-05-02 23:45:13] 更新成功：Justin Bieber - Baby (ID: 1519343) - 标准、无损音质
[2026-05-02 23:45:15] 更新成功：汪苏泷 - 如果爱忘了 (live) (ID: 2124385868) - 标准、无损音质
[2026-05-02 23:45:18] 更新成功：Lady Gaga - The Cure (ID: 472045959) - 标准、无损音质
[2026-05-02 23:45:20] 更新成功：Dizzy Dizzo (蔡诗芸) - 雨过后的风景 (ID: 215382) - 标准、无损音质
[2026-05-02 23:45:22] 更新成功：蓝琦雪宁 - 丹尼尔-辛巴巴巴噜比啦 (ID: 3349954487) - 标准、无损音质
[2026-05-02 23:45:24] 更新成功：陈奕迅 - 孤勇者 (ID: 1901371647) - 标准、无损音质
[2026-05-02 23:45:27] 更新成功：Taylor Swift - Blank Space (ID: 29572501) - 标准、无损音质
[2026-05-02 23:45:29] 更新成功：A12 - 春娇与志明 街道办GDC / 欧阳耀莹 (ID: 2690846376) - 标准、无损音质
[2026-05-02 23:45:31] 更新成功：江辰 - 锈 (我们两个都拉过勾) (ID: 2648204040) - 标准、无损音质
[2026-05-02 23:45:33] 更新成功：林忆莲 - 至少还有你 (ID: 256621) - 标准、无损音质
[2026-05-02 23:45:34] 更新完成：成功更新 18 首歌曲
[2026-05-02 23:59:51] 开始更新音乐URL...
[2026-05-02 23:59:51] 备份创建成功：backups/music_data_2026-05-02_23-59-51.json
[2026-05-02 23:59:54] 更新成功：Cafuné - Tek It (ID: 1859556322) - 标准、无损音质
[2026-05-02 23:59:56] 更新成功：Paperman - The King (ID: 2743846343) - 标准、无损音质
[2026-05-02 23:59:59] 更新成功：8Y1ar - 起风了(林俊杰) (ID: 2636494144) - 标准、无损音质
[2026-05-03 00:00:01] 更新成功：洪辰 - 我乘着风飞过来 (ID: 2116120347) - 标准、无损音质
[2026-05-03 00:00:04] 更新成功：TFBOYS - 青春修炼手册 (ID: 28838178) - 标准、无损音质
[2026-05-03 00:00:07] 更新成功：南征北战NZBZ - 最美的期待 (ID: 862100828) - 标准、无损音质
[2026-05-03 00:00:10] 更新成功：G.E.M.邓紫棋 - 句号 (ID: 1405283464) - 标准、无损音质
[2026-05-03 00:00:14] 更新成功：林依晨 - 恶作剧 (ID: 255574) - 标准、无损音质
[2026-05-03 00:00:16] 更新成功：Justin Bieber - Baby (ID: 1519343) - 标准、无损音质
[2026-05-03 00:00:20] 更新成功：汪苏泷 - 如果爱忘了 (live) (ID: 2124385868) - 标准、无损音质
[2026-05-03 00:00:23] 更新成功：Lady Gaga - The Cure (ID: 472045959) - 标准、无损音质
[2026-05-03 00:00:25] 更新成功：Dizzy Dizzo (蔡诗芸) - 雨过后的风景 (ID: 215382) - 标准、无损音质
[2026-05-03 00:00:28] 更新成功：蓝琦雪宁 - 丹尼尔-辛巴巴巴噜比啦 (ID: 3349954487) - 标准、无损音质
[2026-05-03 00:00:31] 更新成功：陈奕迅 - 孤勇者 (ID: 1901371647) - 标准、无损音质
[2026-05-03 00:00:33] 更新成功：Taylor Swift - Blank Space (ID: 29572501) - 标准、无损音质
[2026-05-03 00:00:35] 更新成功：A12 - 春娇与志明 街道办GDC / 欧阳耀莹 (ID: 2690846376) - 标准、无损音质
[2026-05-03 00:00:38] 更新成功：江辰 - 锈 (我们两个都拉过勾) (ID: 2648204040) - 标准、无损音质
[2026-05-03 00:00:40] 更新成功：林忆莲 - 至少还有你 (ID: 256621) - 标准、无损音质
[2026-05-03 00:00:40] 更新完成：成功更新 18 首歌曲
[2026-05-03 00:14:51] 开始更新音乐URL...
[2026-05-03 00:14:51] 备份创建成功：backups/music_data_2026-05-03_00-14-51.json
[2026-05-03 00:14:55] 更新成功：Cafuné - Tek It (ID: 1859556322) - 标准、无损音质
[2026-05-03 00:14:57] 更新成功：Paperman - The King (ID: 2743846343) - 标准、无损音质
[2026-05-03 00:14:59] 更新成功：8Y1ar - 起风了(林俊杰) (ID: 2636494144) - 标准、无损音质
[2026-05-03 00:15:02] 更新成功：洪辰 - 我乘着风飞过来 (ID: 2116120347) - 标准、无损音质
[2026-05-03 00:15:04] 更新成功：TFBOYS - 青春修炼手册 (ID: 28838178) - 标准、无损音质
[2026-05-03 00:15:06] 更新成功：南征北战NZBZ - 最美的期待 (ID: 862100828) - 标准、无损音质
[2026-05-03 00:15:09] 更新成功：G.E.M.邓紫棋 - 句号 (ID: 1405283464) - 标准、无损音质
[2026-05-03 00:15:11] 更新成功：林依晨 - 恶作剧 (ID: 255574) - 标准、无损音质
[2026-05-03 00:15:13] 更新成功：Justin Bieber - Baby (ID: 1519343) - 标准、无损音质
[2026-05-03 00:15:16] 更新成功：汪苏泷 - 如果爱忘了 (live) (ID: 2124385868) - 标准、无损音质
[2026-05-03 00:15:19] 更新成功：Lady Gaga - The Cure (ID: 472045959) - 标准、无损音质
[2026-05-03 00:15:21] 更新成功：Dizzy Dizzo (蔡诗芸) - 雨过后的风景 (ID: 215382) - 标准、无损音质
[2026-05-03 00:15:23] 更新成功：蓝琦雪宁 - 丹尼尔-辛巴巴巴噜比啦 (ID: 3349954487) - 标准、无损音质
[2026-05-03 00:15:25] 更新成功：陈奕迅 - 孤勇者 (ID: 1901371647) - 标准、无损音质
[2026-05-03 00:15:28] 更新成功：Taylor Swift - Blank Space (ID: 29572501) - 标准、无损音质
[2026-05-03 00:15:30] 更新成功：A12 - 春娇与志明 街道办GDC / 欧阳耀莹 (ID: 2690846376) - 标准、无损音质
[2026-05-03 00:15:32] 更新成功：江辰 - 锈 (我们两个都拉过勾) (ID: 2648204040) - 标准、无损音质
[2026-05-03 00:15:34] 更新成功：林忆莲 - 至少还有你 (ID: 256621) - 标准、无损音质
[2026-05-03 00:15:35] 更新完成：成功更新 18 首歌曲
[2026-05-03 00:29:51] 开始更新音乐URL...
[2026-05-03 00:29:51] 备份创建成功：backups/music_data_2026-05-03_00-29-51.json
[2026-05-03 00:29:54] 更新成功：Cafuné - Tek It (ID: 1859556322) - 标准、无损音质
[2026-05-03 00:29:56] 更新成功：Paperman - The King (ID: 2743846343) - 标准、无损音质
[2026-05-03 00:29:59] 更新成功：8Y1ar - 起风了(林俊杰) (ID: 2636494144) - 标准、无损音质
[2026-05-03 00:30:01] 更新成功：洪辰 - 我乘着风飞过来 (ID: 2116120347) - 标准、无损音质
[2026-05-03 00:30:04] 更新成功：TFBOYS - 青春修炼手册 (ID: 28838178) - 标准、无损音质
[2026-05-03 00:30:06] 更新成功：南征北战NZBZ - 最美的期待 (ID: 862100828) - 标准、无损音质
[2026-05-03 00:30:08] 更新成功：G.E.M.邓紫棋 - 句号 (ID: 1405283464) - 标准、无损音质
[2026-05-03 00:30:10] 更新成功：林依晨 - 恶作剧 (ID: 255574) - 标准、无损音质
[2026-05-03 00:30:13] 更新成功：Justin Bieber - Baby (ID: 1519343) - 标准、无损音质
[2026-05-03 00:30:15] 更新成功：汪苏泷 - 如果爱忘了 (live) (ID: 2124385868) - 标准、无损音质
[2026-05-03 00:30:17] 更新成功：Lady Gaga - The Cure (ID: 472045959) - 标准、无损音质
[2026-05-03 00:30:20] 更新成功：Dizzy Dizzo (蔡诗芸) - 雨过后的风景 (ID: 215382) - 标准、无损音质
[2026-05-03 00:30:22] 更新成功：蓝琦雪宁 - 丹尼尔-辛巴巴巴噜比啦 (ID: 3349954487) - 标准、无损音质
[2026-05-03 00:30:24] 更新成功：陈奕迅 - 孤勇者 (ID: 1901371647) - 标准、无损音质
[2026-05-03 00:30:28] 更新成功：Taylor Swift - Blank Space (ID: 29572501) - 标准、无损音质
[2026-05-03 00:30:31] 更新成功：A12 - 春娇与志明 街道办GDC / 欧阳耀莹 (ID: 2690846376) - 标准、无损音质
[2026-05-03 00:30:50] 更新成功：江辰 - 锈 (我们两个都拉过勾) (ID: 2648204040) - 无损音质
[2026-05-03 00:31:02] 更新成功：林忆莲 - 至少还有你 (ID: 256621) - 无损音质
[2026-05-03 00:31:02] 更新完成：成功更新 18 首歌曲
[2026-05-03 00:44:51] 开始更新音乐URL...
[2026-05-03 00:44:51] 备份创建成功：backups/music_data_2026-05-03_00-44-51.json
[2026-05-03 00:44:55] 更新成功：Cafuné - Tek It (ID: 1859556322) - 标准、无损音质
[2026-05-03 00:44:58] 更新成功：Paperman - The King (ID: 2743846343) - 标准、无损音质
[2026-05-03 00:45:01] 更新成功：8Y1ar - 起风了(林俊杰) (ID: 2636494144) - 标准、无损音质
[2026-05-03 00:45:05] 更新成功：洪辰 - 我乘着风飞过来 (ID: 2116120347) - 标准、无损音质
[2026-05-03 00:45:09] 更新成功：TFBOYS - 青春修炼手册 (ID: 28838178) - 标准、无损音质
[2026-05-03 00:45:12] 更新成功：南征北战NZBZ - 最美的期待 (ID: 862100828) - 标准、无损音质
[2026-05-03 00:45:15] 更新成功：G.E.M.邓紫棋 - 句号 (ID: 1405283464) - 标准、无损音质
[2026-05-03 00:45:17] 更新成功：林依晨 - 恶作剧 (ID: 255574) - 标准、无损音质
[2026-05-03 00:45:19] 更新成功：Justin Bieber - Baby (ID: 1519343) - 标准、无损音质
[2026-05-03 00:45:22] 更新成功：汪苏泷 - 如果爱忘了 (live) (ID: 2124385868) - 标准、无损音质
[2026-05-03 00:45:25] 更新成功：Lady Gaga - The Cure (ID: 472045959) - 标准、无损音质
[2026-05-03 00:45:28] 更新成功：Dizzy Dizzo (蔡诗芸) - 雨过后的风景 (ID: 215382) - 标准、无损音质
[2026-05-03 00:45:30] 更新成功：蓝琦雪宁 - 丹尼尔-辛巴巴巴噜比啦 (ID: 3349954487) - 标准、无损音质
[2026-05-03 00:45:32] 更新成功：陈奕迅 - 孤勇者 (ID: 1901371647) - 标准、无损音质
[2026-05-03 00:45:35] 更新成功：Taylor Swift - Blank Space (ID: 29572501) - 标准、无损音质
[2026-05-03 00:45:37] 更新成功：A12 - 春娇与志明 街道办GDC / 欧阳耀莹 (ID: 2690846376) - 标准、无损音质
[2026-05-03 00:45:39] 更新成功：江辰 - 锈 (我们两个都拉过勾) (ID: 2648204040) - 标准、无损音质
[2026-05-03 00:45:42] 更新成功：林忆莲 - 至少还有你 (ID: 256621) - 标准、无损音质
[2026-05-03 00:45:42] 更新完成：成功更新 18 首歌曲
[2026-05-03 00:59:51] 开始更新音乐URL...
[2026-05-03 00:59:51] 备份创建成功：backups/music_data_2026-05-03_00-59-51.json
[2026-05-03 00:59:54] 更新成功：Cafuné - Tek It (ID: 1859556322) - 标准、无损音质
[2026-05-03 00:59:56] 更新成功：Paperman - The King (ID: 2743846343) - 标准、无损音质
[2026-05-03 00:59:59] 更新成功：8Y1ar - 起风了(林俊杰) (ID: 2636494144) - 标准、无损音质
[2026-05-03 01:00:02] 更新成功：洪辰 - 我乘着风飞过来 (ID: 2116120347) - 标准、无损音质
[2026-05-03 01:00:05] 更新成功：TFBOYS - 青春修炼手册 (ID: 28838178) - 标准、无损音质
[2026-05-03 01:00:09] 更新成功：南征北战NZBZ - 最美的期待 (ID: 862100828) - 标准、无损音质
[2026-05-03 01:00:12] 更新成功：G.E.M.邓紫棋 - 句号 (ID: 1405283464) - 标准、无损音质
[2026-05-03 01:00:15] 更新成功：林依晨 - 恶作剧 (ID: 255574) - 标准、无损音质
[2026-05-03 01:00:17] 更新成功：Justin Bieber - Baby (ID: 1519343) - 标准、无损音质
[2026-05-03 01:00:20] 更新成功：汪苏泷 - 如果爱忘了 (live) (ID: 2124385868) - 标准、无损音质
[2026-05-03 01:00:22] 更新成功：Lady Gaga - The Cure (ID: 472045959) - 标准、无损音质
[2026-05-03 01:00:24] 更新成功：Dizzy Dizzo (蔡诗芸) - 雨过后的风景 (ID: 215382) - 标准、无损音质
[2026-05-03 01:00:28] 更新成功：蓝琦雪宁 - 丹尼尔-辛巴巴巴噜比啦 (ID: 3349954487) - 标准、无损音质
[2026-05-03 01:00:30] 更新成功：陈奕迅 - 孤勇者 (ID: 1901371647) - 标准、无损音质
[2026-05-03 01:00:33] 更新成功：Taylor Swift - Blank Space (ID: 29572501) - 标准、无损音质
[2026-05-03 01:00:35] 更新成功：A12 - 春娇与志明 街道办GDC / 欧阳耀莹 (ID: 2690846376) - 标准、无损音质
[2026-05-03 01:00:37] 更新成功：江辰 - 锈 (我们两个都拉过勾) (ID: 2648204040) - 标准、无损音质
[2026-05-03 01:00:39] 更新成功：林忆莲 - 至少还有你 (ID: 256621) - 标准、无损音质
[2026-05-03 01:00:40] 更新完成：成功更新 18 首歌曲
[2026-05-03 01:14:51] 开始更新音乐URL...
[2026-05-03 01:14:51] 备份创建成功：backups/music_data_2026-05-03_01-14-51.json
[2026-05-03 01:14:54] 更新成功：Cafuné - Tek It (ID: 1859556322) - 标准、无损音质
[2026-05-03 01:14:57] 更新成功：Paperman - The King (ID: 2743846343) - 标准、无损音质
[2026-05-03 01:15:00] 更新成功：8Y1ar - 起风了(林俊杰) (ID: 2636494144) - 标准、无损音质
[2026-05-03 01:15:02] 更新成功：洪辰 - 我乘着风飞过来 (ID: 2116120347) - 标准、无损音质
[2026-05-03 01:15:05] 更新成功：TFBOYS - 青春修炼手册 (ID: 28838178) - 标准、无损音质
[2026-05-03 01:15:08] 更新成功：南征北战NZBZ - 最美的期待 (ID: 862100828) - 标准、无损音质
[2026-05-03 01:15:10] 更新成功：G.E.M.邓紫棋 - 句号 (ID: 1405283464) - 标准、无损音质
[2026-05-03 01:15:12] 更新成功：林依晨 - 恶作剧 (ID: 255574) - 标准、无损音质
[2026-05-03 01:15:14] 更新成功：Justin Bieber - Baby (ID: 1519343) - 标准、无损音质
[2026-05-03 01:15:17] 更新成功：汪苏泷 - 如果爱忘了 (live) (ID: 2124385868) - 标准、无损音质
[2026-05-03 01:15:19] 更新成功：Lady Gaga - The Cure (ID: 472045959) - 标准、无损音质
[2026-05-03 01:15:21] 更新成功：Dizzy Dizzo (蔡诗芸) - 雨过后的风景 (ID: 215382) - 标准、无损音质
[2026-05-03 01:15:23] 更新成功：蓝琦雪宁 - 丹尼尔-辛巴巴巴噜比啦 (ID: 3349954487) - 标准、无损音质
[2026-05-03 01:15:25] 更新成功：陈奕迅 - 孤勇者 (ID: 1901371647) - 标准、无损音质
[2026-05-03 01:15:28] 更新成功：Taylor Swift - Blank Space (ID: 29572501) - 标准、无损音质
[2026-05-03 01:15:31] 更新成功：A12 - 春娇与志明 街道办GDC / 欧阳耀莹 (ID: 2690846376) - 标准、无损音质
[2026-05-03 01:15:33] 更新成功：江辰 - 锈 (我们两个都拉过勾) (ID: 2648204040) - 标准、无损音质
[2026-05-03 01:15:36] 更新成功：林忆莲 - 至少还有你 (ID: 256621) - 标准、无损音质
[2026-05-03 01:15:36] 更新完成：成功更新 18 首歌曲
[2026-05-03 01:29:51] 开始更新音乐URL...
[2026-05-03 01:29:51] 备份创建成功：backups/music_data_2026-05-03_01-29-51.json
[2026-05-03 01:29:53] 更新成功：Cafuné - Tek It (ID: 1859556322) - 标准、无损音质
[2026-05-03 01:29:56] 更新成功：Paperman - The King (ID: 2743846343) - 标准、无损音质
[2026-05-03 01:29:58] 更新成功：8Y1ar - 起风了(林俊杰) (ID: 2636494144) - 标准、无损音质
[2026-05-03 01:30:01] 更新成功：洪辰 - 我乘着风飞过来 (ID: 2116120347) - 标准、无损音质
[2026-05-03 01:30:04] 更新成功：TFBOYS - 青春修炼手册 (ID: 28838178) - 标准、无损音质
[2026-05-03 01:30:12] 更新成功：南征北战NZBZ - 最美的期待 (ID: 862100828) - 标准、无损音质
[2026-05-03 01:30:16] 更新成功：G.E.M.邓紫棋 - 句号 (ID: 1405283464) - 标准、无损音质
[2026-05-03 01:30:19] 更新成功：林依晨 - 恶作剧 (ID: 255574) - 标准、无损音质
[2026-05-03 01:30:21] 更新成功：Justin Bieber - Baby (ID: 1519343) - 标准、无损音质
[2026-05-03 01:30:23] 更新成功：汪苏泷 - 如果爱忘了 (live) (ID: 2124385868) - 标准、无损音质
[2026-05-03 01:30:25] 更新成功：Lady Gaga - The Cure (ID: 472045959) - 标准、无损音质
[2026-05-03 01:30:28] 更新成功：Dizzy Dizzo (蔡诗芸) - 雨过后的风景 (ID: 215382) - 标准、无损音质
[2026-05-03 01:30:30] 更新成功：蓝琦雪宁 - 丹尼尔-辛巴巴巴噜比啦 (ID: 3349954487) - 标准、无损音质
[2026-05-03 01:30:32] 更新成功：陈奕迅 - 孤勇者 (ID: 1901371647) - 标准、无损音质
[2026-05-03 01:30:35] 更新成功：Taylor Swift - Blank Space (ID: 29572501) - 标准、无损音质
[2026-05-03 01:30:37] 更新成功：A12 - 春娇与志明 街道办GDC / 欧阳耀莹 (ID: 2690846376) - 标准、无损音质
[2026-05-03 01:30:39] 更新成功：江辰 - 锈 (我们两个都拉过勾) (ID: 2648204040) - 标准、无损音质
[2026-05-03 01:30:41] 更新成功：林忆莲 - 至少还有你 (ID: 256621) - 标准、无损音质
[2026-05-03 01:30:42] 更新完成：成功更新 18 首歌曲
[2026-05-03 01:44:51] 开始更新音乐URL...
[2026-05-03 01:44:51] 备份创建成功：backups/music_data_2026-05-03_01-44-51.json
[2026-05-03 01:44:55] 更新成功：Cafuné - Tek It (ID: 1859556322) - 标准、无损音质
[2026-05-03 01:44:58] 更新成功：Paperman - The King (ID: 2743846343) - 标准、无损音质
[2026-05-03 01:45:00] 更新成功：8Y1ar - 起风了(林俊杰) (ID: 2636494144) - 标准、无损音质
[2026-05-03 01:45:03] 更新成功：洪辰 - 我乘着风飞过来 (ID: 2116120347) - 标准、无损音质
[2026-05-03 01:45:08] 更新成功：TFBOYS - 青春修炼手册 (ID: 28838178) - 标准、无损音质
[2026-05-03 01:45:11] 更新成功：南征北战NZBZ - 最美的期待 (ID: 862100828) - 标准、无损音质
[2026-05-03 01:45:15] 更新成功：G.E.M.邓紫棋 - 句号 (ID: 1405283464) - 标准、无损音质
[2026-05-03 01:45:20] 更新成功：林依晨 - 恶作剧 (ID: 255574) - 标准、无损音质
[2026-05-03 01:45:26] 更新成功：Justin Bieber - Baby (ID: 1519343) - 标准、无损音质
[2026-05-03 01:45:30] 更新成功：汪苏泷 - 如果爱忘了 (live) (ID: 2124385868) - 标准、无损音质
[2026-05-03 01:45:33] 更新成功：Lady Gaga - The Cure (ID: 472045959) - 标准、无损音质
[2026-05-03 01:45:39] 更新成功：Dizzy Dizzo (蔡诗芸) - 雨过后的风景 (ID: 215382) - 标准、无损音质
[2026-05-03 01:45:42] 更新成功：蓝琦雪宁 - 丹尼尔-辛巴巴巴噜比啦 (ID: 3349954487) - 标准、无损音质
[2026-05-03 01:45:46] 更新成功：陈奕迅 - 孤勇者 (ID: 1901371647) - 标准、无损音质
[2026-05-03 01:45:50] 更新成功：Taylor Swift - Blank Space (ID: 29572501) - 标准、无损音质
[2026-05-03 01:45:52] 更新成功：A12 - 春娇与志明 街道办GDC / 欧阳耀莹 (ID: 2690846376) - 标准、无损音质
[2026-05-03 01:45:54] 更新成功：江辰 - 锈 (我们两个都拉过勾) (ID: 2648204040) - 标准、无损音质
[2026-05-03 01:45:56] 更新成功：林忆莲 - 至少还有你 (ID: 256621) - 标准、无损音质
[2026-05-03 01:45:57] 更新完成：成功更新 18 首歌曲
[2026-05-03 01:59:51] 开始更新音乐URL...
[2026-05-03 01:59:51] 备份创建成功：backups/music_data_2026-05-03_01-59-51.json
[2026-05-03 01:59:54] 更新成功：Cafuné - Tek It (ID: 1859556322) - 标准、无损音质
[2026-05-03 01:59:57] 更新成功：Paperman - The King (ID: 2743846343) - 标准、无损音质
[2026-05-03 01:59:59] 更新成功：8Y1ar - 起风了(林俊杰) (ID: 2636494144) - 标准、无损音质
[2026-05-03 02:00:01] 更新成功：洪辰 - 我乘着风飞过来 (ID: 2116120347) - 标准、无损音质
[2026-05-03 02:00:04] 更新成功：TFBOYS - 青春修炼手册 (ID: 28838178) - 标准、无损音质
[2026-05-03 02:00:08] 更新成功：南征北战NZBZ - 最美的期待 (ID: 862100828) - 标准、无损音质
[2026-05-03 02:00:11] 更新成功：G.E.M.邓紫棋 - 句号 (ID: 1405283464) - 标准、无损音质
[2026-05-03 02:00:15] 更新成功：林依晨 - 恶作剧 (ID: 255574) - 标准、无损音质
[2026-05-03 02:00:18] 更新成功：Justin Bieber - Baby (ID: 1519343) - 标准、无损音质
[2026-05-03 02:00:20] 更新成功：汪苏泷 - 如果爱忘了 (live) (ID: 2124385868) - 标准、无损音质
[2026-05-03 02:00:23] 更新成功：Lady Gaga - The Cure (ID: 472045959) - 标准、无损音质
[2026-05-03 02:00:25] 更新成功：Dizzy Dizzo (蔡诗芸) - 雨过后的风景 (ID: 215382) - 标准、无损音质
[2026-05-03 02:00:30] 更新成功：蓝琦雪宁 - 丹尼尔-辛巴巴巴噜比啦 (ID: 3349954487) - 标准、无损音质
[2026-05-03 02:00:32] 更新成功：陈奕迅 - 孤勇者 (ID: 1901371647) - 标准、无损音质
[2026-05-03 02:00:35] 更新成功：Taylor Swift - Blank Space (ID: 29572501) - 标准、无损音质
[2026-05-03 02:00:38] 更新成功：A12 - 春娇与志明 街道办GDC / 欧阳耀莹 (ID: 2690846376) - 标准、无损音质
[2026-05-03 02:00:41] 更新成功：江辰 - 锈 (我们两个都拉过勾) (ID: 2648204040) - 标准、无损音质
[2026-05-03 02:00:44] 更新成功：林忆莲 - 至少还有你 (ID: 256621) - 标准、无损音质
[2026-05-03 02:00:44] 更新完成：成功更新 18 首歌曲
[2026-05-03 02:14:51] 开始更新音乐URL...
[2026-05-03 02:14:51] 备份创建成功：backups/music_data_2026-05-03_02-14-51.json
[2026-05-03 02:14:55] 更新成功：Cafuné - Tek It (ID: 1859556322) - 标准、无损音质
[2026-05-03 02:14:59] 更新成功：Paperman - The King (ID: 2743846343) - 标准、无损音质
[2026-05-03 02:15:03] 更新成功：8Y1ar - 起风了(林俊杰) (ID: 2636494144) - 标准、无损音质
[2026-05-03 02:15:05] 更新成功：洪辰 - 我乘着风飞过来 (ID: 2116120347) - 标准、无损音质
[2026-05-03 02:15:08] 更新成功：TFBOYS - 青春修炼手册 (ID: 28838178) - 标准、无损音质
[2026-05-03 02:15:10] 更新成功：南征北战NZBZ - 最美的期待 (ID: 862100828) - 标准、无损音质
[2026-05-03 02:15:12] 更新成功：G.E.M.邓紫棋 - 句号 (ID: 1405283464) - 标准、无损音质
[2026-05-03 02:15:15] 更新成功：林依晨 - 恶作剧 (ID: 255574) - 标准、无损音质
[2026-05-03 02:15:17] 更新成功：Justin Bieber - Baby (ID: 1519343) - 标准、无损音质
[2026-05-03 02:15:19] 更新成功：汪苏泷 - 如果爱忘了 (live) (ID: 2124385868) - 标准、无损音质
[2026-05-03 02:15:22] 更新成功：Lady Gaga - The Cure (ID: 472045959) - 标准、无损音质
[2026-05-03 02:15:24] 更新成功：Dizzy Dizzo (蔡诗芸) - 雨过后的风景 (ID: 215382) - 标准、无损音质
[2026-05-03 02:15:26] 更新成功：蓝琦雪宁 - 丹尼尔-辛巴巴巴噜比啦 (ID: 3349954487) - 标准、无损音质
[2026-05-03 02:15:28] 更新成功：陈奕迅 - 孤勇者 (ID: 1901371647) - 标准、无损音质
[2026-05-03 02:15:31] 更新成功：Taylor Swift - Blank Space (ID: 29572501) - 标准、无损音质
[2026-05-03 02:15:33] 更新成功：A12 - 春娇与志明 街道办GDC / 欧阳耀莹 (ID: 2690846376) - 标准、无损音质
[2026-05-03 02:15:35] 更新成功：江辰 - 锈 (我们两个都拉过勾) (ID: 2648204040) - 标准、无损音质
[2026-05-03 02:15:37] 更新成功：林忆莲 - 至少还有你 (ID: 256621) - 标准、无损音质
[2026-05-03 02:15:38] 更新完成：成功更新 18 首歌曲
[2026-05-03 02:29:51] 开始更新音乐URL...
[2026-05-03 02:29:51] 备份创建成功：backups/music_data_2026-05-03_02-29-51.json
[2026-05-03 02:29:55] 更新成功：Cafuné - Tek It (ID: 1859556322) - 标准、无损音质
[2026-05-03 02:29:58] 更新成功：Paperman - The King (ID: 2743846343) - 标准、无损音质
[2026-05-03 02:30:00] 更新成功：8Y1ar - 起风了(林俊杰) (ID: 2636494144) - 标准、无损音质
[2026-05-03 02:30:03] 更新成功：洪辰 - 我乘着风飞过来 (ID: 2116120347) - 标准、无损音质
[2026-05-03 02:30:05] 更新成功：TFBOYS - 青春修炼手册 (ID: 28838178) - 标准、无损音质
[2026-05-03 02:30:08] 更新成功：南征北战NZBZ - 最美的期待 (ID: 862100828) - 标准、无损音质
[2026-05-03 02:30:10] 更新成功：G.E.M.邓紫棋 - 句号 (ID: 1405283464) - 标准、无损音质
[2026-05-03 02:30:12] 更新成功：林依晨 - 恶作剧 (ID: 255574) - 标准、无损音质
[2026-05-03 02:30:15] 更新成功：Justin Bieber - Baby (ID: 1519343) - 标准、无损音质
[2026-05-03 02:30:17] 更新成功：汪苏泷 - 如果爱忘了 (live) (ID: 2124385868) - 标准、无损音质
[2026-05-03 02:30:19] 更新成功：Lady Gaga - The Cure (ID: 472045959) - 标准、无损音质
[2026-05-03 02:30:21] 更新成功：Dizzy Dizzo (蔡诗芸) - 雨过后的风景 (ID: 215382) - 标准、无损音质
[2026-05-03 02:30:24] 更新成功：蓝琦雪宁 - 丹尼尔-辛巴巴巴噜比啦 (ID: 3349954487) - 标准、无损音质
[2026-05-03 02:30:26] 更新成功：陈奕迅 - 孤勇者 (ID: 1901371647) - 标准、无损音质
[2026-05-03 02:30:28] 更新成功：Taylor Swift - Blank Space (ID: 29572501) - 标准、无损音质
[2026-05-03 02:30:30] 更新成功：A12 - 春娇与志明 街道办GDC / 欧阳耀莹 (ID: 2690846376) - 标准、无损音质
[2026-05-03 02:30:33] 更新成功：江辰 - 锈 (我们两个都拉过勾) (ID: 2648204040) - 标准、无损音质
[2026-05-03 02:30:35] 更新成功：林忆莲 - 至少还有你 (ID: 256621) - 标准、无损音质
[2026-05-03 02:30:35] 更新完成：成功更新 18 首歌曲
[2026-05-03 02:44:51] 开始更新音乐URL...
[2026-05-03 02:44:51] 备份创建成功：backups/music_data_2026-05-03_02-44-51.json
[2026-05-03 02:44:56] 更新成功：Cafuné - Tek It (ID: 1859556322) - 标准、无损音质
[2026-05-03 02:44:58] 更新成功：Paperman - The King (ID: 2743846343) - 标准、无损音质
[2026-05-03 02:45:01] 更新成功：8Y1ar - 起风了(林俊杰) (ID: 2636494144) - 标准、无损音质
[2026-05-03 02:45:04] 更新成功：洪辰 - 我乘着风飞过来 (ID: 2116120347) - 标准、无损音质
[2026-05-03 02:45:06] 更新成功：TFBOYS - 青春修炼手册 (ID: 28838178) - 标准、无损音质
[2026-05-03 02:45:08] 更新成功：南征北战NZBZ - 最美的期待 (ID: 862100828) - 标准、无损音质
[2026-05-03 02:45:11] 更新成功：G.E.M.邓紫棋 - 句号 (ID: 1405283464) - 标准、无损音质
[2026-05-03 02:45:13] 更新成功：林依晨 - 恶作剧 (ID: 255574) - 标准、无损音质
[2026-05-03 02:45:15] 更新成功：Justin Bieber - Baby (ID: 1519343) - 标准、无损音质
[2026-05-03 02:45:18] 更新成功：汪苏泷 - 如果爱忘了 (live) (ID: 2124385868) - 标准、无损音质
[2026-05-03 02:45:20] 更新成功：Lady Gaga - The Cure (ID: 472045959) - 标准、无损音质
[2026-05-03 02:45:22] 更新成功：Dizzy Dizzo (蔡诗芸) - 雨过后的风景 (ID: 215382) - 标准、无损音质
[2026-05-03 02:45:25] 更新成功：蓝琦雪宁 - 丹尼尔-辛巴巴巴噜比啦 (ID: 3349954487) - 标准、无损音质
[2026-05-03 02:45:27] 更新成功：陈奕迅 - 孤勇者 (ID: 1901371647) - 标准、无损音质
[2026-05-03 02:45:29] 更新成功：Taylor Swift - Blank Space (ID: 29572501) - 标准、无损音质
[2026-05-03 02:45:31] 更新成功：A12 - 春娇与志明 街道办GDC / 欧阳耀莹 (ID: 2690846376) - 标准、无损音质
[2026-05-03 02:45:34] 更新成功：江辰 - 锈 (我们两个都拉过勾) (ID: 2648204040) - 标准、无损音质
[2026-05-03 02:45:36] 更新成功：林忆莲 - 至少还有你 (ID: 256621) - 标准、无损音质
[2026-05-03 02:45:37] 更新完成：成功更新 18 首歌曲
[2026-05-03 02:59:51] 开始更新音乐URL...
[2026-05-03 02:59:51] 备份创建成功：backups/music_data_2026-05-03_02-59-51.json
[2026-05-03 02:59:55] 更新成功：Cafuné - Tek It (ID: 1859556322) - 标准、无损音质
[2026-05-03 02:59:57] 更新成功：Paperman - The King (ID: 2743846343) - 标准、无损音质
[2026-05-03 03:00:00] 更新成功：8Y1ar - 起风了(林俊杰) (ID: 2636494144) - 标准、无损音质
[2026-05-03 03:00:03] 更新成功：洪辰 - 我乘着风飞过来 (ID: 2116120347) - 标准、无损音质
[2026-05-03 03:00:05] 更新成功：TFBOYS - 青春修炼手册 (ID: 28838178) - 标准、无损音质
[2026-05-03 03:00:09] 更新成功：南征北战NZBZ - 最美的期待 (ID: 862100828) - 标准、无损音质
[2026-05-03 03:00:12] 更新成功：G.E.M.邓紫棋 - 句号 (ID: 1405283464) - 标准、无损音质
[2026-05-03 03:00:15] 更新成功：林依晨 - 恶作剧 (ID: 255574) - 标准、无损音质
[2026-05-03 03:00:21] 更新成功：Justin Bieber - Baby (ID: 1519343) - 标准、无损音质
[2026-05-03 03:00:23] 更新成功：汪苏泷 - 如果爱忘了 (live) (ID: 2124385868) - 标准、无损音质
[2026-05-03 03:00:26] 更新成功：Lady Gaga - The Cure (ID: 472045959) - 标准、无损音质
[2026-05-03 03:00:28] 更新成功：Dizzy Dizzo (蔡诗芸) - 雨过后的风景 (ID: 215382) - 标准、无损音质
[2026-05-03 03:00:31] 更新成功：蓝琦雪宁 - 丹尼尔-辛巴巴巴噜比啦 (ID: 3349954487) - 标准、无损音质
[2026-05-03 03:00:34] 更新成功：陈奕迅 - 孤勇者 (ID: 1901371647) - 标准、无损音质
[2026-05-03 03:00:36] 更新成功：Taylor Swift - Blank Space (ID: 29572501) - 标准、无损音质
[2026-05-03 03:00:39] 更新成功：A12 - 春娇与志明 街道办GDC / 欧阳耀莹 (ID: 2690846376) - 标准、无损音质
[2026-05-03 03:00:41] 更新成功：江辰 - 锈 (我们两个都拉过勾) (ID: 2648204040) - 标准、无损音质
[2026-05-03 03:00:43] 更新成功：林忆莲 - 至少还有你 (ID: 256621) - 标准、无损音质
[2026-05-03 03:00:44] 更新完成：成功更新 18 首歌曲
[2026-05-03 03:14:51] 开始更新音乐URL...
[2026-05-03 03:14:51] 备份创建成功：backups/music_data_2026-05-03_03-14-51.json
[2026-05-03 03:14:54] 更新成功：Cafuné - Tek It (ID: 1859556322) - 标准、无损音质
[2026-05-03 03:14:57] 更新成功：Paperman - The King (ID: 2743846343) - 标准、无损音质
[2026-05-03 03:15:00] 更新成功：8Y1ar - 起风了(林俊杰) (ID: 2636494144) - 标准、无损音质
[2026-05-03 03:15:02] 更新成功：洪辰 - 我乘着风飞过来 (ID: 2116120347) - 标准、无损音质
[2026-05-03 03:15:04] 更新成功：TFBOYS - 青春修炼手册 (ID: 28838178) - 标准、无损音质
[2026-05-03 03:15:07] 更新成功：南征北战NZBZ - 最美的期待 (ID: 862100828) - 标准、无损音质
[2026-05-03 03:15:09] 更新成功：G.E.M.邓紫棋 - 句号 (ID: 1405283464) - 标准、无损音质
[2026-05-03 03:15:11] 更新成功：林依晨 - 恶作剧 (ID: 255574) - 标准、无损音质
[2026-05-03 03:15:14] 更新成功：Justin Bieber - Baby (ID: 1519343) - 标准、无损音质
[2026-05-03 03:15:16] 更新成功：汪苏泷 - 如果爱忘了 (live) (ID: 2124385868) - 标准、无损音质
[2026-05-03 03:15:18] 更新成功：Lady Gaga - The Cure (ID: 472045959) - 标准、无损音质
[2026-05-03 03:15:21] 更新成功：Dizzy Dizzo (蔡诗芸) - 雨过后的风景 (ID: 215382) - 标准、无损音质
[2026-05-03 03:15:23] 更新成功：蓝琦雪宁 - 丹尼尔-辛巴巴巴噜比啦 (ID: 3349954487) - 标准、无损音质
[2026-05-03 03:15:26] 更新成功：陈奕迅 - 孤勇者 (ID: 1901371647) - 标准、无损音质
[2026-05-03 03:15:28] 更新成功：Taylor Swift - Blank Space (ID: 29572501) - 标准、无损音质
[2026-05-03 03:15:30] 更新成功：A12 - 春娇与志明 街道办GDC / 欧阳耀莹 (ID: 2690846376) - 标准、无损音质
[2026-05-03 03:15:32] 更新成功：江辰 - 锈 (我们两个都拉过勾) (ID: 2648204040) - 标准、无损音质
[2026-05-03 03:15:35] 更新成功：林忆莲 - 至少还有你 (ID: 256621) - 标准、无损音质
[2026-05-03 03:15:35] 更新完成：成功更新 18 首歌曲
[2026-05-03 03:29:51] 开始更新音乐URL...
[2026-05-03 03:29:51] 备份创建成功：backups/music_data_2026-05-03_03-29-51.json
[2026-05-03 03:29:54] 更新成功：Cafuné - Tek It (ID: 1859556322) - 标准、无损音质
[2026-05-03 03:29:56] 更新成功：Paperman - The King (ID: 2743846343) - 标准、无损音质
[2026-05-03 03:29:58] 更新成功：8Y1ar - 起风了(林俊杰) (ID: 2636494144) - 标准、无损音质
[2026-05-03 03:30:01] 更新成功：洪辰 - 我乘着风飞过来 (ID: 2116120347) - 标准、无损音质
[2026-05-03 03:30:03] 更新成功：TFBOYS - 青春修炼手册 (ID: 28838178) - 标准、无损音质
[2026-05-03 03:30:05] 更新成功：南征北战NZBZ - 最美的期待 (ID: 862100828) - 标准、无损音质
[2026-05-03 03:30:08] 更新成功：G.E.M.邓紫棋 - 句号 (ID: 1405283464) - 标准、无损音质
[2026-05-03 03:30:10] 更新成功：林依晨 - 恶作剧 (ID: 255574) - 标准、无损音质
[2026-05-03 03:30:13] 更新成功：Justin Bieber - Baby (ID: 1519343) - 标准、无损音质
[2026-05-03 03:30:15] 更新成功：汪苏泷 - 如果爱忘了 (live) (ID: 2124385868) - 标准、无损音质
[2026-05-03 03:30:17] 更新成功：Lady Gaga - The Cure (ID: 472045959) - 标准、无损音质
[2026-05-03 03:30:19] 更新成功：Dizzy Dizzo (蔡诗芸) - 雨过后的风景 (ID: 215382) - 标准、无损音质
[2026-05-03 03:30:22] 更新成功：蓝琦雪宁 - 丹尼尔-辛巴巴巴噜比啦 (ID: 3349954487) - 标准、无损音质
[2026-05-03 03:30:24] 更新成功：陈奕迅 - 孤勇者 (ID: 1901371647) - 标准、无损音质
[2026-05-03 03:30:26] 更新成功：Taylor Swift - Blank Space (ID: 29572501) - 标准、无损音质
[2026-05-03 03:30:28] 更新成功：A12 - 春娇与志明 街道办GDC / 欧阳耀莹 (ID: 2690846376) - 标准、无损音质
[2026-05-03 03:30:31] 更新成功：江辰 - 锈 (我们两个都拉过勾) (ID: 2648204040) - 标准、无损音质
[2026-05-03 03:30:33] 更新成功：林忆莲 - 至少还有你 (ID: 256621) - 标准、无损音质
[2026-05-03 03:30:34] 更新完成：成功更新 18 首歌曲
[2026-05-03 03:44:51] 开始更新音乐URL...
[2026-05-03 03:44:51] 备份创建成功：backups/music_data_2026-05-03_03-44-51.json
[2026-05-03 03:44:55] 更新成功：Cafuné - Tek It (ID: 1859556322) - 标准、无损音质
[2026-05-03 03:44:58] 更新成功：Paperman - The King (ID: 2743846343) - 标准、无损音质
[2026-05-03 03:45:00] 更新成功：8Y1ar - 起风了(林俊杰) (ID: 2636494144) - 标准、无损音质
[2026-05-03 03:45:02] 更新成功：洪辰 - 我乘着风飞过来 (ID: 2116120347) - 标准、无损音质
[2026-05-03 03:45:05] 更新成功：TFBOYS - 青春修炼手册 (ID: 28838178) - 标准、无损音质
[2026-05-03 03:45:07] 更新成功：南征北战NZBZ - 最美的期待 (ID: 862100828) - 标准、无损音质
[2026-05-03 03:45:10] 更新成功：G.E.M.邓紫棋 - 句号 (ID: 1405283464) - 标准、无损音质
[2026-05-03 03:45:12] 更新成功：林依晨 - 恶作剧 (ID: 255574) - 标准、无损音质
[2026-05-03 03:45:14] 更新成功：Justin Bieber - Baby (ID: 1519343) - 标准、无损音质
[2026-05-03 03:45:17] 更新成功：汪苏泷 - 如果爱忘了 (live) (ID: 2124385868) - 标准、无损音质
[2026-05-03 03:45:19] 更新成功：Lady Gaga - The Cure (ID: 472045959) - 标准、无损音质
[2026-05-03 03:45:22] 更新成功：Dizzy Dizzo (蔡诗芸) - 雨过后的风景 (ID: 215382) - 标准、无损音质
[2026-05-03 03:45:24] 更新成功：蓝琦雪宁 - 丹尼尔-辛巴巴巴噜比啦 (ID: 3349954487) - 标准、无损音质
[2026-05-03 03:45:26] 更新成功：陈奕迅 - 孤勇者 (ID: 1901371647) - 标准、无损音质
[2026-05-03 03:45:29] 更新成功：Taylor Swift - Blank Space (ID: 29572501) - 标准、无损音质
[2026-05-03 03:45:31] 更新成功：A12 - 春娇与志明 街道办GDC / 欧阳耀莹 (ID: 2690846376) - 标准、无损音质
[2026-05-03 03:45:33] 更新成功：江辰 - 锈 (我们两个都拉过勾) (ID: 2648204040) - 标准、无损音质
[2026-05-03 03:45:35] 更新成功：林忆莲 - 至少还有你 (ID: 256621) - 标准、无损音质
[2026-05-03 03:45:36] 更新完成：成功更新 18 首歌曲
[2026-05-03 03:59:51] 开始更新音乐URL...
[2026-05-03 03:59:51] 备份创建成功：backups/music_data_2026-05-03_03-59-51.json
[2026-05-03 03:59:54] 更新成功：Cafuné - Tek It (ID: 1859556322) - 标准、无损音质
[2026-05-03 03:59:57] 更新成功：Paperman - The King (ID: 2743846343) - 标准、无损音质
[2026-05-03 03:59:59] 更新成功：8Y1ar - 起风了(林俊杰) (ID: 2636494144) - 标准、无损音质
[2026-05-03 04:00:02] 更新成功：洪辰 - 我乘着风飞过来 (ID: 2116120347) - 标准、无损音质
[2026-05-03 04:00:06] 更新成功：TFBOYS - 青春修炼手册 (ID: 28838178) - 标准、无损音质
[2026-05-03 04:00:09] 更新成功：南征北战NZBZ - 最美的期待 (ID: 862100828) - 标准、无损音质
[2026-05-03 04:00:12] 更新成功：G.E.M.邓紫棋 - 句号 (ID: 1405283464) - 标准、无损音质
[2026-05-03 04:00:15] 更新成功：林依晨 - 恶作剧 (ID: 255574) - 标准、无损音质
[2026-05-03 04:00:17] 更新成功：Justin Bieber - Baby (ID: 1519343) - 标准、无损音质
[2026-05-03 04:00:21] 更新成功：汪苏泷 - 如果爱忘了 (live) (ID: 2124385868) - 标准、无损音质
[2026-05-03 04:00:23] 更新成功：Lady Gaga - The Cure (ID: 472045959) - 标准、无损音质
[2026-05-03 04:00:26] 更新成功：Dizzy Dizzo (蔡诗芸) - 雨过后的风景 (ID: 215382) - 标准、无损音质
[2026-05-03 04:00:28] 更新成功：蓝琦雪宁 - 丹尼尔-辛巴巴巴噜比啦 (ID: 3349954487) - 标准、无损音质
[2026-05-03 04:00:30] 更新成功：陈奕迅 - 孤勇者 (ID: 1901371647) - 标准、无损音质
[2026-05-03 04:00:33] 更新成功：Taylor Swift - Blank Space (ID: 29572501) - 标准、无损音质
[2026-05-03 04:00:36] 更新成功：A12 - 春娇与志明 街道办GDC / 欧阳耀莹 (ID: 2690846376) - 标准、无损音质
[2026-05-03 04:00:41] 更新成功：江辰 - 锈 (我们两个都拉过勾) (ID: 2648204040) - 标准、无损音质
[2026-05-03 04:00:43] 更新成功：林忆莲 - 至少还有你 (ID: 256621) - 标准、无损音质
[2026-05-03 04:00:43] 更新完成：成功更新 18 首歌曲
[2026-05-03 04:14:51] 开始更新音乐URL...
[2026-05-03 04:14:51] 备份创建成功：backups/music_data_2026-05-03_04-14-51.json
[2026-05-03 04:14:54] 更新成功：Cafuné - Tek It (ID: 1859556322) - 标准、无损音质
[2026-05-03 04:14:57] 更新成功：Paperman - The King (ID: 2743846343) - 标准、无损音质
[2026-05-03 04:14:59] 更新成功：8Y1ar - 起风了(林俊杰) (ID: 2636494144) - 标准、无损音质
[2026-05-03 04:15:02] 更新成功：洪辰 - 我乘着风飞过来 (ID: 2116120347) - 标准、无损音质
[2026-05-03 04:15:07] 更新成功：TFBOYS - 青春修炼手册 (ID: 28838178) - 标准、无损音质
[2026-05-03 04:15:09] 更新成功：南征北战NZBZ - 最美的期待 (ID: 862100828) - 标准、无损音质
[2026-05-03 04:15:12] 更新成功：G.E.M.邓紫棋 - 句号 (ID: 1405283464) - 标准、无损音质
[2026-05-03 04:15:16] 更新成功：林依晨 - 恶作剧 (ID: 255574) - 标准、无损音质
[2026-05-03 04:15:19] 更新成功：Justin Bieber - Baby (ID: 1519343) - 标准、无损音质
[2026-05-03 04:15:22] 更新成功：汪苏泷 - 如果爱忘了 (live) (ID: 2124385868) - 标准、无损音质
[2026-05-03 04:15:26] 更新成功：Lady Gaga - The Cure (ID: 472045959) - 标准、无损音质
[2026-05-03 04:15:29] 更新成功：Dizzy Dizzo (蔡诗芸) - 雨过后的风景 (ID: 215382) - 标准、无损音质
[2026-05-03 04:15:32] 更新成功：蓝琦雪宁 - 丹尼尔-辛巴巴巴噜比啦 (ID: 3349954487) - 标准、无损音质
[2026-05-03 04:15:34] 更新成功：陈奕迅 - 孤勇者 (ID: 1901371647) - 标准、无损音质
[2026-05-03 04:15:36] 更新成功：Taylor Swift - Blank Space (ID: 29572501) - 标准、无损音质
[2026-05-03 04:15:39] 更新成功：A12 - 春娇与志明 街道办GDC / 欧阳耀莹 (ID: 2690846376) - 标准、无损音质
[2026-05-03 04:15:41] 更新成功：江辰 - 锈 (我们两个都拉过勾) (ID: 2648204040) - 标准、无损音质
[2026-05-03 04:15:43] 更新成功：林忆莲 - 至少还有你 (ID: 256621) - 标准、无损音质
[2026-05-03 04:15:44] 更新完成：成功更新 18 首歌曲
[2026-05-03 04:29:51] 开始更新音乐URL...
[2026-05-03 04:29:51] 备份创建成功：backups/music_data_2026-05-03_04-29-51.json
[2026-05-03 04:29:55] 更新成功：Cafuné - Tek It (ID: 1859556322) - 标准、无损音质
[2026-05-03 04:29:57] 更新成功：Paperman - The King (ID: 2743846343) - 标准、无损音质
[2026-05-03 04:30:00] 更新成功：8Y1ar - 起风了(林俊杰) (ID: 2636494144) - 标准、无损音质
[2026-05-03 04:30:03] 更新成功：洪辰 - 我乘着风飞过来 (ID: 2116120347) - 标准、无损音质
[2026-05-03 04:30:05] 更新成功：TFBOYS - 青春修炼手册 (ID: 28838178) - 标准、无损音质
[2026-05-03 04:30:08] 更新成功：南征北战NZBZ - 最美的期待 (ID: 862100828) - 标准、无损音质
[2026-05-03 04:30:10] 更新成功：G.E.M.邓紫棋 - 句号 (ID: 1405283464) - 标准、无损音质
[2026-05-03 04:30:12] 更新成功：林依晨 - 恶作剧 (ID: 255574) - 标准、无损音质
[2026-05-03 04:30:15] 更新成功：Justin Bieber - Baby (ID: 1519343) - 标准、无损音质
[2026-05-03 04:30:17] 更新成功：汪苏泷 - 如果爱忘了 (live) (ID: 2124385868) - 标准、无损音质
[2026-05-03 04:30:20] 更新成功：Lady Gaga - The Cure (ID: 472045959) - 标准、无损音质
[2026-05-03 04:30:22] 更新成功：Dizzy Dizzo (蔡诗芸) - 雨过后的风景 (ID: 215382) - 标准、无损音质
[2026-05-03 04:30:24] 更新成功：蓝琦雪宁 - 丹尼尔-辛巴巴巴噜比啦 (ID: 3349954487) - 标准、无损音质
[2026-05-03 04:30:26] 更新成功：陈奕迅 - 孤勇者 (ID: 1901371647) - 标准、无损音质
[2026-05-03 04:30:29] 更新成功：Taylor Swift - Blank Space (ID: 29572501) - 标准、无损音质
[2026-05-03 04:30:31] 更新成功：A12 - 春娇与志明 街道办GDC / 欧阳耀莹 (ID: 2690846376) - 标准、无损音质
[2026-05-03 04:30:34] 更新成功：江辰 - 锈 (我们两个都拉过勾) (ID: 2648204040) - 标准、无损音质
[2026-05-03 04:30:36] 更新成功：林忆莲 - 至少还有你 (ID: 256621) - 标准、无损音质
[2026-05-03 04:30:36] 更新完成：成功更新 18 首歌曲
[2026-05-03 04:44:51] 开始更新音乐URL...
[2026-05-03 04:44:51] 备份创建成功：backups/music_data_2026-05-03_04-44-51.json
[2026-05-03 04:44:53] 更新成功：Cafuné - Tek It (ID: 1859556322) - 标准、无损音质
[2026-05-03 04:44:56] 更新成功：Paperman - The King (ID: 2743846343) - 标准、无损音质
[2026-05-03 04:44:58] 更新成功：8Y1ar - 起风了(林俊杰) (ID: 2636494144) - 标准、无损音质
[2026-05-03 04:45:01] 更新成功：洪辰 - 我乘着风飞过来 (ID: 2116120347) - 标准、无损音质
[2026-05-03 04:45:04] 更新成功：TFBOYS - 青春修炼手册 (ID: 28838178) - 标准、无损音质
[2026-05-03 04:45:06] 更新成功：南征北战NZBZ - 最美的期待 (ID: 862100828) - 标准、无损音质
[2026-05-03 04:45:08] 更新成功：G.E.M.邓紫棋 - 句号 (ID: 1405283464) - 标准、无损音质
[2026-05-03 04:45:11] 更新成功：林依晨 - 恶作剧 (ID: 255574) - 标准、无损音质
[2026-05-03 04:45:13] 更新成功：Justin Bieber - Baby (ID: 1519343) - 标准、无损音质
[2026-05-03 04:45:15] 更新成功：汪苏泷 - 如果爱忘了 (live) (ID: 2124385868) - 标准、无损音质
[2026-05-03 04:45:17] 更新成功：Lady Gaga - The Cure (ID: 472045959) - 标准、无损音质
[2026-05-03 04:45:20] 更新成功：Dizzy Dizzo (蔡诗芸) - 雨过后的风景 (ID: 215382) - 标准、无损音质
[2026-05-03 04:45:22] 更新成功：蓝琦雪宁 - 丹尼尔-辛巴巴巴噜比啦 (ID: 3349954487) - 标准、无损音质
[2026-05-03 04:45:25] 更新成功：陈奕迅 - 孤勇者 (ID: 1901371647) - 标准、无损音质
[2026-05-03 04:45:27] 更新成功：Taylor Swift - Blank Space (ID: 29572501) - 标准、无损音质
[2026-05-03 04:45:29] 更新成功：A12 - 春娇与志明 街道办GDC / 欧阳耀莹 (ID: 2690846376) - 标准、无损音质
[2026-05-03 04:45:32] 更新成功：江辰 - 锈 (我们两个都拉过勾) (ID: 2648204040) - 标准、无损音质
[2026-05-03 04:45:34] 更新成功：林忆莲 - 至少还有你 (ID: 256621) - 标准、无损音质
[2026-05-03 04:45:34] 更新完成：成功更新 18 首歌曲
[2026-05-03 04:59:51] 开始更新音乐URL...
[2026-05-03 04:59:51] 备份创建成功：backups/music_data_2026-05-03_04-59-51.json
[2026-05-03 04:59:54] 更新成功：Justin Bieber - Peaches (ID: 1830419924) - 标准、无损音质
[2026-05-03 04:59:56] 更新成功：宇多田ヒカル - Come Back To Me (ID: 1361336636) - 标准、无损音质
[2026-05-03 04:59:58] 更新成功：Cafuné - Tek It (ID: 1859556322) - 标准、无损音质
[2026-05-03 05:00:01] 更新成功：Paperman - The King (ID: 2743846343) - 标准、无损音质
[2026-05-03 05:00:04] 更新成功：8Y1ar - 起风了(林俊杰) (ID: 2636494144) - 标准、无损音质
[2026-05-03 05:00:08] 更新成功：洪辰 - 我乘着风飞过来 (ID: 2116120347) - 标准、无损音质
[2026-05-03 05:00:11] 更新成功：TFBOYS - 青春修炼手册 (ID: 28838178) - 标准、无损音质
[2026-05-03 05:00:14] 更新成功：南征北战NZBZ - 最美的期待 (ID: 862100828) - 标准、无损音质
[2026-05-03 05:00:18] 更新成功：G.E.M.邓紫棋 - 句号 (ID: 1405283464) - 标准、无损音质
[2026-05-03 05:00:20] 更新成功：林依晨 - 恶作剧 (ID: 255574) - 标准、无损音质
[2026-05-03 05:00:23] 更新成功：Justin Bieber - Baby (ID: 1519343) - 标准、无损音质
[2026-05-03 05:00:25] 更新成功：汪苏泷 - 如果爱忘了 (live) (ID: 2124385868) - 标准、无损音质
[2026-05-03 05:00:27] 更新成功：Lady Gaga - The Cure (ID: 472045959) - 标准、无损音质
[2026-05-03 05:00:30] 更新成功：Dizzy Dizzo (蔡诗芸) - 雨过后的风景 (ID: 215382) - 标准、无损音质
[2026-05-03 05:00:32] 更新成功：蓝琦雪宁 - 丹尼尔-辛巴巴巴噜比啦 (ID: 3349954487) - 标准、无损音质
[2026-05-03 05:00:35] 更新成功：陈奕迅 - 孤勇者 (ID: 1901371647) - 标准、无损音质
[2026-05-03 05:00:38] 更新成功：Taylor Swift - Blank Space (ID: 29572501) - 标准、无损音质
[2026-05-03 05:00:40] 更新成功：A12 - 春娇与志明 街道办GDC / 欧阳耀莹 (ID: 2690846376) - 标准、无损音质
[2026-05-03 05:00:43] 更新成功：江辰 - 锈 (我们两个都拉过勾) (ID: 2648204040) - 标准、无损音质
[2026-05-03 05:00:45] 更新成功：林忆莲 - 至少还有你 (ID: 256621) - 标准、无损音质
[2026-05-03 05:00:45] 更新完成：成功更新 20 首歌曲
[2026-05-03 05:14:51] 开始更新音乐URL...
[2026-05-03 05:14:51] 备份创建成功：backups/music_data_2026-05-03_05-14-51.json
[2026-05-03 05:14:54] 更新成功：Justin Bieber - Peaches (ID: 1830419924) - 标准、无损音质
[2026-05-03 05:14:57] 更新成功：宇多田ヒカル - Come Back To Me (ID: 1361336636) - 标准、无损音质
[2026-05-03 05:15:00] 更新成功：Cafuné - Tek It (ID: 1859556322) - 标准、无损音质
[2026-05-03 05:15:02] 更新成功：Paperman - The King (ID: 2743846343) - 标准、无损音质
[2026-05-03 05:15:05] 更新成功：8Y1ar - 起风了(林俊杰) (ID: 2636494144) - 标准、无损音质
[2026-05-03 05:15:08] 更新成功：洪辰 - 我乘着风飞过来 (ID: 2116120347) - 标准、无损音质
[2026-05-03 05:15:10] 更新成功：TFBOYS - 青春修炼手册 (ID: 28838178) - 标准、无损音质
[2026-05-03 05:15:12] 更新成功：南征北战NZBZ - 最美的期待 (ID: 862100828) - 标准、无损音质
[2026-05-03 05:15:15] 更新成功：G.E.M.邓紫棋 - 句号 (ID: 1405283464) - 标准、无损音质
[2026-05-03 05:15:17] 更新成功：林依晨 - 恶作剧 (ID: 255574) - 标准、无损音质
[2026-05-03 05:15:19] 更新成功：Justin Bieber - Baby (ID: 1519343) - 标准、无损音质
[2026-05-03 05:15:21] 更新成功：汪苏泷 - 如果爱忘了 (live) (ID: 2124385868) - 标准、无损音质
[2026-05-03 05:15:23] 更新成功：Lady Gaga - The Cure (ID: 472045959) - 标准、无损音质
[2026-05-03 05:15:26] 更新成功：Dizzy Dizzo (蔡诗芸) - 雨过后的风景 (ID: 215382) - 标准、无损音质
[2026-05-03 05:15:28] 更新成功：蓝琦雪宁 - 丹尼尔-辛巴巴巴噜比啦 (ID: 3349954487) - 标准、无损音质
[2026-05-03 05:15:31] 更新成功：陈奕迅 - 孤勇者 (ID: 1901371647) - 标准、无损音质
[2026-05-03 05:15:33] 更新成功：Taylor Swift - Blank Space (ID: 29572501) - 标准、无损音质
[2026-05-03 05:15:36] 更新成功：A12 - 春娇与志明 街道办GDC / 欧阳耀莹 (ID: 2690846376) - 标准、无损音质
[2026-05-03 05:15:38] 更新成功：江辰 - 锈 (我们两个都拉过勾) (ID: 2648204040) - 标准、无损音质
[2026-05-03 05:15:40] 更新成功：林忆莲 - 至少还有你 (ID: 256621) - 标准、无损音质
[2026-05-03 05:15:40] 更新完成：成功更新 20 首歌曲
[2026-05-03 05:29:51] 开始更新音乐URL...
[2026-05-03 05:29:51] 备份创建成功：backups/music_data_2026-05-03_05-29-51.json
[2026-05-03 05:29:56] 更新成功：Justin Bieber - Peaches (ID: 1830419924) - 标准、无损音质
[2026-05-03 05:29:59] 更新成功：宇多田ヒカル - Come Back To Me (ID: 1361336636) - 标准、无损音质
[2026-05-03 05:30:02] 更新成功：Cafuné - Tek It (ID: 1859556322) - 标准、无损音质
[2026-05-03 05:30:04] 更新成功：Paperman - The King (ID: 2743846343) - 标准、无损音质
[2026-05-03 05:30:07] 更新成功：8Y1ar - 起风了(林俊杰) (ID: 2636494144) - 标准、无损音质
[2026-05-03 05:30:09] 更新成功：洪辰 - 我乘着风飞过来 (ID: 2116120347) - 标准、无损音质
[2026-05-03 05:30:12] 更新成功：TFBOYS - 青春修炼手册 (ID: 28838178) - 标准、无损音质
[2026-05-03 05:30:14] 更新成功：南征北战NZBZ - 最美的期待 (ID: 862100828) - 标准、无损音质
[2026-05-03 05:30:17] 更新成功：G.E.M.邓紫棋 - 句号 (ID: 1405283464) - 标准、无损音质
[2026-05-03 05:30:19] 更新成功：林依晨 - 恶作剧 (ID: 255574) - 标准、无损音质
[2026-05-03 05:30:21] 更新成功：Justin Bieber - Baby (ID: 1519343) - 标准、无损音质
[2026-05-03 05:30:24] 更新成功：汪苏泷 - 如果爱忘了 (live) (ID: 2124385868) - 标准、无损音质
[2026-05-03 05:30:26] 更新成功：Lady Gaga - The Cure (ID: 472045959) - 标准、无损音质
[2026-05-03 05:30:28] 更新成功：Dizzy Dizzo (蔡诗芸) - 雨过后的风景 (ID: 215382) - 标准、无损音质
[2026-05-03 05:30:31] 更新成功：蓝琦雪宁 - 丹尼尔-辛巴巴巴噜比啦 (ID: 3349954487) - 标准、无损音质
[2026-05-03 05:30:33] 更新成功：陈奕迅 - 孤勇者 (ID: 1901371647) - 标准、无损音质
[2026-05-03 05:30:35] 更新成功：Taylor Swift - Blank Space (ID: 29572501) - 标准、无损音质
[2026-05-03 05:30:38] 更新成功：A12 - 春娇与志明 街道办GDC / 欧阳耀莹 (ID: 2690846376) - 标准、无损音质
[2026-05-03 05:30:40] 更新成功：江辰 - 锈 (我们两个都拉过勾) (ID: 2648204040) - 标准、无损音质
[2026-05-03 05:30:43] 更新成功：林忆莲 - 至少还有你 (ID: 256621) - 标准、无损音质
[2026-05-03 05:30:43] 更新完成：成功更新 20 首歌曲
[2026-05-03 05:44:51] 开始更新音乐URL...
[2026-05-03 05:44:51] 备份创建成功：backups/music_data_2026-05-03_05-44-51.json
[2026-05-03 05:44:53] 更新成功：Justin Bieber - Peaches (ID: 1830419924) - 标准、无损音质
[2026-05-03 05:44:55] 更新成功：宇多田ヒカル - Come Back To Me (ID: 1361336636) - 标准、无损音质
[2026-05-03 05:44:58] 更新成功：Cafuné - Tek It (ID: 1859556322) - 标准、无损音质
[2026-05-03 05:45:01] 更新成功：Paperman - The King (ID: 2743846343) - 标准、无损音质
[2026-05-03 05:45:04] 更新成功：8Y1ar - 起风了(林俊杰) (ID: 2636494144) - 标准、无损音质
[2026-05-03 05:45:06] 更新成功：洪辰 - 我乘着风飞过来 (ID: 2116120347) - 标准、无损音质
[2026-05-03 05:45:08] 更新成功：TFBOYS - 青春修炼手册 (ID: 28838178) - 标准、无损音质
[2026-05-03 05:45:10] 更新成功：南征北战NZBZ - 最美的期待 (ID: 862100828) - 标准、无损音质
[2026-05-03 05:45:13] 更新成功：G.E.M.邓紫棋 - 句号 (ID: 1405283464) - 标准、无损音质
[2026-05-03 05:45:15] 更新成功：林依晨 - 恶作剧 (ID: 255574) - 标准、无损音质
[2026-05-03 05:45:18] 更新成功：Justin Bieber - Baby (ID: 1519343) - 标准、无损音质
[2026-05-03 05:45:20] 更新成功：汪苏泷 - 如果爱忘了 (live) (ID: 2124385868) - 标准、无损音质
[2026-05-03 05:45:22] 更新成功：Lady Gaga - The Cure (ID: 472045959) - 标准、无损音质
[2026-05-03 05:45:25] 更新成功：Dizzy Dizzo (蔡诗芸) - 雨过后的风景 (ID: 215382) - 标准、无损音质
[2026-05-03 05:45:27] 更新成功：蓝琦雪宁 - 丹尼尔-辛巴巴巴噜比啦 (ID: 3349954487) - 标准、无损音质
[2026-05-03 05:45:33] 更新成功：陈奕迅 - 孤勇者 (ID: 1901371647) - 标准、无损音质
[2026-05-03 05:45:36] 更新成功：Taylor Swift - Blank Space (ID: 29572501) - 标准、无损音质
[2026-05-03 05:45:39] 更新成功：A12 - 春娇与志明 街道办GDC / 欧阳耀莹 (ID: 2690846376) - 标准、无损音质
[2026-05-03 05:45:41] 更新成功：江辰 - 锈 (我们两个都拉过勾) (ID: 2648204040) - 标准、无损音质
[2026-05-03 05:45:43] 更新成功：林忆莲 - 至少还有你 (ID: 256621) - 标准、无损音质
[2026-05-03 05:45:44] 更新完成：成功更新 20 首歌曲
[2026-05-03 05:59:51] 开始更新音乐URL...
[2026-05-03 05:59:51] 备份创建成功：backups/music_data_2026-05-03_05-59-51.json
[2026-05-03 05:59:55] 更新成功：Justin Bieber - Peaches (ID: 1830419924) - 标准、无损音质
[2026-05-03 05:59:58] 更新成功：宇多田ヒカル - Come Back To Me (ID: 1361336636) - 标准、无损音质
[2026-05-03 06:00:00] 更新成功：Cafuné - Tek It (ID: 1859556322) - 标准、无损音质
[2026-05-03 06:00:04] 更新成功：Paperman - The King (ID: 2743846343) - 标准、无损音质
[2026-05-03 06:00:07] 更新成功：8Y1ar - 起风了(林俊杰) (ID: 2636494144) - 标准、无损音质
[2026-05-03 06:00:10] 更新成功：洪辰 - 我乘着风飞过来 (ID: 2116120347) - 标准、无损音质
[2026-05-03 06:00:14] 更新成功：TFBOYS - 青春修炼手册 (ID: 28838178) - 标准、无损音质
[2026-05-03 06:00:17] 更新成功：南征北战NZBZ - 最美的期待 (ID: 862100828) - 标准、无损音质
[2026-05-03 06:00:20] 更新成功：G.E.M.邓紫棋 - 句号 (ID: 1405283464) - 标准、无损音质
[2026-05-03 06:00:24] 更新成功：林依晨 - 恶作剧 (ID: 255574) - 标准、无损音质
[2026-05-03 06:00:27] 更新成功：Justin Bieber - Baby (ID: 1519343) - 标准、无损音质
[2026-05-03 06:00:29] 更新成功：汪苏泷 - 如果爱忘了 (live) (ID: 2124385868) - 标准、无损音质
[2026-05-03 06:00:31] 更新成功：Lady Gaga - The Cure (ID: 472045959) - 标准、无损音质
[2026-05-03 06:00:34] 更新成功：Dizzy Dizzo (蔡诗芸) - 雨过后的风景 (ID: 215382) - 标准、无损音质
[2026-05-03 06:00:38] 更新成功：蓝琦雪宁 - 丹尼尔-辛巴巴巴噜比啦 (ID: 3349954487) - 标准、无损音质
[2026-05-03 06:00:43] 更新成功：陈奕迅 - 孤勇者 (ID: 1901371647) - 标准、无损音质
[2026-05-03 06:00:47] 更新成功：Taylor Swift - Blank Space (ID: 29572501) - 标准、无损音质
[2026-05-03 06:00:50] 更新成功：A12 - 春娇与志明 街道办GDC / 欧阳耀莹 (ID: 2690846376) - 标准、无损音质
[2026-05-03 06:00:52] 更新成功：江辰 - 锈 (我们两个都拉过勾) (ID: 2648204040) - 标准、无损音质
[2026-05-03 06:00:55] 更新成功：林忆莲 - 至少还有你 (ID: 256621) - 标准、无损音质
[2026-05-03 06:00:55] 更新完成：成功更新 20 首歌曲
[2026-05-03 06:14:51] 开始更新音乐URL...
[2026-05-03 06:14:51] 备份创建成功：backups/music_data_2026-05-03_06-14-51.json
[2026-05-03 06:14:54] 更新成功：Justin Bieber - Peaches (ID: 1830419924) - 标准、无损音质
[2026-05-03 06:14:57] 更新成功：宇多田ヒカル - Come Back To Me (ID: 1361336636) - 标准、无损音质
[2026-05-03 06:15:00] 更新成功：Cafuné - Tek It (ID: 1859556322) - 标准、无损音质
[2026-05-03 06:15:03] 更新成功：Paperman - The King (ID: 2743846343) - 标准、无损音质
[2026-05-03 06:15:05] 更新成功：8Y1ar - 起风了(林俊杰) (ID: 2636494144) - 标准、无损音质
[2026-05-03 06:15:08] 更新成功：洪辰 - 我乘着风飞过来 (ID: 2116120347) - 标准、无损音质
[2026-05-03 06:15:10] 更新成功：TFBOYS - 青春修炼手册 (ID: 28838178) - 标准、无损音质
[2026-05-03 06:15:13] 更新成功：南征北战NZBZ - 最美的期待 (ID: 862100828) - 标准、无损音质
[2026-05-03 06:15:15] 更新成功：G.E.M.邓紫棋 - 句号 (ID: 1405283464) - 标准、无损音质
[2026-05-03 06:15:17] 更新成功：林依晨 - 恶作剧 (ID: 255574) - 标准、无损音质
[2026-05-03 06:15:20] 更新成功：Justin Bieber - Baby (ID: 1519343) - 标准、无损音质
[2026-05-03 06:15:22] 更新成功：汪苏泷 - 如果爱忘了 (live) (ID: 2124385868) - 标准、无损音质
[2026-05-03 06:15:24] 更新成功：Lady Gaga - The Cure (ID: 472045959) - 标准、无损音质
[2026-05-03 06:15:26] 更新成功：Dizzy Dizzo (蔡诗芸) - 雨过后的风景 (ID: 215382) - 标准、无损音质
[2026-05-03 06:15:29] 更新成功：蓝琦雪宁 - 丹尼尔-辛巴巴巴噜比啦 (ID: 3349954487) - 标准、无损音质
[2026-05-03 06:15:31] 更新成功：陈奕迅 - 孤勇者 (ID: 1901371647) - 标准、无损音质
[2026-05-03 06:15:33] 更新成功：Taylor Swift - Blank Space (ID: 29572501) - 标准、无损音质
[2026-05-03 06:15:36] 更新成功：A12 - 春娇与志明 街道办GDC / 欧阳耀莹 (ID: 2690846376) - 标准、无损音质
[2026-05-03 06:15:38] 更新成功：江辰 - 锈 (我们两个都拉过勾) (ID: 2648204040) - 标准、无损音质
[2026-05-03 06:15:40] 更新成功：林忆莲 - 至少还有你 (ID: 256621) - 标准、无损音质
[2026-05-03 06:15:41] 更新完成：成功更新 20 首歌曲
[2026-05-03 06:29:51] 开始更新音乐URL...
[2026-05-03 06:29:51] 备份创建成功：backups/music_data_2026-05-03_06-29-51.json
[2026-05-03 06:29:56] 更新成功：Justin Bieber - Peaches (ID: 1830419924) - 标准、无损音质
[2026-05-03 06:29:58] 更新成功：宇多田ヒカル - Come Back To Me (ID: 1361336636) - 标准、无损音质
[2026-05-03 06:30:01] 更新成功：Cafuné - Tek It (ID: 1859556322) - 标准、无损音质
[2026-05-03 06:30:04] 更新成功：Paperman - The King (ID: 2743846343) - 标准、无损音质
[2026-05-03 06:30:06] 更新成功：8Y1ar - 起风了(林俊杰) (ID: 2636494144) - 标准、无损音质
[2026-05-03 06:30:11] 更新成功：洪辰 - 我乘着风飞过来 (ID: 2116120347) - 标准、无损音质
[2026-05-03 06:30:16] 更新成功：TFBOYS - 青春修炼手册 (ID: 28838178) - 标准、无损音质
[2026-05-03 06:30:21] 更新成功：南征北战NZBZ - 最美的期待 (ID: 862100828) - 标准、无损音质
[2026-05-03 06:30:26] 更新成功：G.E.M.邓紫棋 - 句号 (ID: 1405283464) - 标准、无损音质
[2026-05-03 06:30:30] 更新成功：林依晨 - 恶作剧 (ID: 255574) - 标准、无损音质
[2026-05-03 06:30:33] 更新成功：Justin Bieber - Baby (ID: 1519343) - 标准、无损音质
[2026-05-03 06:30:36] 更新成功：汪苏泷 - 如果爱忘了 (live) (ID: 2124385868) - 标准、无损音质
[2026-05-03 06:30:39] 更新成功：Lady Gaga - The Cure (ID: 472045959) - 标准、无损音质
[2026-05-03 06:30:43] 更新成功：Dizzy Dizzo (蔡诗芸) - 雨过后的风景 (ID: 215382) - 标准、无损音质
[2026-05-03 06:30:47] 更新成功：蓝琦雪宁 - 丹尼尔-辛巴巴巴噜比啦 (ID: 3349954487) - 标准、无损音质
[2026-05-03 06:30:52] 更新成功：陈奕迅 - 孤勇者 (ID: 1901371647) - 标准、无损音质
[2026-05-03 06:30:56] 更新成功：Taylor Swift - Blank Space (ID: 29572501) - 标准、无损音质
[2026-05-03 06:30:59] 更新成功：A12 - 春娇与志明 街道办GDC / 欧阳耀莹 (ID: 2690846376) - 标准、无损音质
[2026-05-03 06:31:05] 更新成功：江辰 - 锈 (我们两个都拉过勾) (ID: 2648204040) - 标准、无损音质
[2026-05-03 06:31:09] 更新成功：林忆莲 - 至少还有你 (ID: 256621) - 标准、无损音质
[2026-05-03 06:31:10] 更新完成：成功更新 20 首歌曲
[2026-05-03 06:44:51] 开始更新音乐URL...
[2026-05-03 06:44:51] 备份创建成功：backups/music_data_2026-05-03_06-44-51.json
[2026-05-03 06:44:56] 更新成功：Justin Bieber - Peaches (ID: 1830419924) - 标准、无损音质
[2026-05-03 06:44:59] 更新成功：宇多田ヒカル - Come Back To Me (ID: 1361336636) - 标准、无损音质
[2026-05-03 06:45:03] 更新成功：Cafuné - Tek It (ID: 1859556322) - 标准、无损音质
[2026-05-03 06:45:05] 更新成功：Paperman - The King (ID: 2743846343) - 标准、无损音质
[2026-05-03 06:45:07] 更新成功：8Y1ar - 起风了(林俊杰) (ID: 2636494144) - 标准、无损音质
[2026-05-03 06:45:10] 更新成功：洪辰 - 我乘着风飞过来 (ID: 2116120347) - 标准、无损音质
[2026-05-03 06:45:12] 更新成功：TFBOYS - 青春修炼手册 (ID: 28838178) - 标准、无损音质
[2026-05-03 06:45:15] 更新成功：南征北战NZBZ - 最美的期待 (ID: 862100828) - 标准、无损音质
[2026-05-03 06:45:17] 更新成功：G.E.M.邓紫棋 - 句号 (ID: 1405283464) - 标准、无损音质
[2026-05-03 06:45:20] 更新成功：林依晨 - 恶作剧 (ID: 255574) - 标准、无损音质
[2026-05-03 06:45:23] 更新成功：Justin Bieber - Baby (ID: 1519343) - 标准、无损音质
[2026-05-03 06:45:25] 更新成功：汪苏泷 - 如果爱忘了 (live) (ID: 2124385868) - 标准、无损音质
[2026-05-03 06:45:28] 更新成功：Lady Gaga - The Cure (ID: 472045959) - 标准、无损音质
[2026-05-03 06:45:30] 更新成功：Dizzy Dizzo (蔡诗芸) - 雨过后的风景 (ID: 215382) - 标准、无损音质
[2026-05-03 06:45:32] 更新成功：蓝琦雪宁 - 丹尼尔-辛巴巴巴噜比啦 (ID: 3349954487) - 标准、无损音质
[2026-05-03 06:45:34] 更新成功：陈奕迅 - 孤勇者 (ID: 1901371647) - 标准、无损音质
[2026-05-03 06:45:39] 更新成功：Taylor Swift - Blank Space (ID: 29572501) - 标准、无损音质
[2026-05-03 06:45:42] 更新成功：A12 - 春娇与志明 街道办GDC / 欧阳耀莹 (ID: 2690846376) - 标准、无损音质
[2026-05-03 06:45:44] 更新成功：江辰 - 锈 (我们两个都拉过勾) (ID: 2648204040) - 标准、无损音质
[2026-05-03 06:45:47] 更新成功：林忆莲 - 至少还有你 (ID: 256621) - 标准、无损音质
[2026-05-03 06:45:47] 更新完成：成功更新 20 首歌曲
[2026-05-03 06:59:51] 开始更新音乐URL...
[2026-05-03 06:59:51] 备份创建成功：backups/music_data_2026-05-03_06-59-51.json
[2026-05-03 06:59:56] 更新成功：Justin Bieber - Peaches (ID: 1830419924) - 标准、无损音质
[2026-05-03 06:59:59] 更新成功：宇多田ヒカル - Come Back To Me (ID: 1361336636) - 标准、无损音质
[2026-05-03 07:00:04] 更新成功：Cafuné - Tek It (ID: 1859556322) - 标准、无损音质
[2026-05-03 07:00:08] 更新成功：Paperman - The King (ID: 2743846343) - 标准、无损音质
[2026-05-03 07:00:11] 更新成功：8Y1ar - 起风了(林俊杰) (ID: 2636494144) - 标准、无损音质
[2026-05-03 07:00:14] 更新成功：洪辰 - 我乘着风飞过来 (ID: 2116120347) - 标准、无损音质
[2026-05-03 07:00:19] 更新成功：TFBOYS - 青春修炼手册 (ID: 28838178) - 标准、无损音质
[2026-05-03 07:00:21] 更新成功：南征北战NZBZ - 最美的期待 (ID: 862100828) - 标准、无损音质
[2026-05-03 07:00:24] 更新成功：G.E.M.邓紫棋 - 句号 (ID: 1405283464) - 标准、无损音质
[2026-05-03 07:00:26] 更新成功：林依晨 - 恶作剧 (ID: 255574) - 标准、无损音质
[2026-05-03 07:00:29] 更新成功：Justin Bieber - Baby (ID: 1519343) - 标准、无损音质
[2026-05-03 07:00:31] 更新成功：汪苏泷 - 如果爱忘了 (live) (ID: 2124385868) - 标准、无损音质
[2026-05-03 07:00:35] 更新成功：Lady Gaga - The Cure (ID: 472045959) - 标准、无损音质
[2026-05-03 07:00:38] 更新成功：Dizzy Dizzo (蔡诗芸) - 雨过后的风景 (ID: 215382) - 标准、无损音质
[2026-05-03 07:00:41] 更新成功：蓝琦雪宁 - 丹尼尔-辛巴巴巴噜比啦 (ID: 3349954487) - 标准、无损音质
[2026-05-03 07:00:43] 更新成功：陈奕迅 - 孤勇者 (ID: 1901371647) - 标准、无损音质
[2026-05-03 07:00:46] 更新成功：Taylor Swift - Blank Space (ID: 29572501) - 标准、无损音质
[2026-05-03 07:00:49] 更新成功：A12 - 春娇与志明 街道办GDC / 欧阳耀莹 (ID: 2690846376) - 标准、无损音质
[2026-05-03 07:00:51] 更新成功：江辰 - 锈 (我们两个都拉过勾) (ID: 2648204040) - 标准、无损音质
[2026-05-03 07:00:53] 更新成功：林忆莲 - 至少还有你 (ID: 256621) - 标准、无损音质
[2026-05-03 07:00:54] 更新完成：成功更新 20 首歌曲
[2026-05-03 07:14:51] 开始更新音乐URL...
[2026-05-03 07:14:51] 备份创建成功：backups/music_data_2026-05-03_07-14-51.json
[2026-05-03 07:14:57] 更新成功：Russ - Psycho, Pt. 2 (ID: 440208643) - 标准、无损音质
[2026-05-03 07:15:01] 更新成功：Justin Bieber - Peaches (ID: 1830419924) - 标准、无损音质
[2026-05-03 07:15:04] 更新成功：宇多田ヒカル - Come Back To Me (ID: 1361336636) - 标准、无损音质
[2026-05-03 07:15:06] 更新成功：Cafuné - Tek It (ID: 1859556322) - 标准、无损音质
[2026-05-03 07:15:09] 更新成功：Paperman - The King (ID: 2743846343) - 标准、无损音质
[2026-05-03 07:15:11] 更新成功：8Y1ar - 起风了(林俊杰) (ID: 2636494144) - 标准、无损音质
[2026-05-03 07:15:13] 更新成功：洪辰 - 我乘着风飞过来 (ID: 2116120347) - 标准、无损音质
[2026-05-03 07:15:16] 更新成功：TFBOYS - 青春修炼手册 (ID: 28838178) - 标准、无损音质
[2026-05-03 07:15:20] 更新成功：南征北战NZBZ - 最美的期待 (ID: 862100828) - 标准、无损音质
[2026-05-03 07:15:24] 更新成功：G.E.M.邓紫棋 - 句号 (ID: 1405283464) - 标准、无损音质
[2026-05-03 07:15:26] 更新成功：林依晨 - 恶作剧 (ID: 255574) - 标准、无损音质
[2026-05-03 07:15:29] 更新成功：Justin Bieber - Baby (ID: 1519343) - 标准、无损音质
[2026-05-03 07:15:31] 更新成功：汪苏泷 - 如果爱忘了 (live) (ID: 2124385868) - 标准、无损音质
[2026-05-03 07:15:34] 更新成功：Lady Gaga - The Cure (ID: 472045959) - 标准、无损音质
[2026-05-03 07:15:36] 更新成功：Dizzy Dizzo (蔡诗芸) - 雨过后的风景 (ID: 215382) - 标准、无损音质
[2026-05-03 07:15:38] 更新成功：蓝琦雪宁 - 丹尼尔-辛巴巴巴噜比啦 (ID: 3349954487) - 标准、无损音质
[2026-05-03 07:15:41] 更新成功：陈奕迅 - 孤勇者 (ID: 1901371647) - 标准、无损音质
[2026-05-03 07:15:44] 更新成功：Taylor Swift - Blank Space (ID: 29572501) - 标准、无损音质
[2026-05-03 07:15:49] 更新成功：A12 - 春娇与志明 街道办GDC / 欧阳耀莹 (ID: 2690846376) - 标准、无损音质
[2026-05-03 07:15:54] 更新成功：江辰 - 锈 (我们两个都拉过勾) (ID: 2648204040) - 标准、无损音质
[2026-05-03 07:15:58] 更新成功：林忆莲 - 至少还有你 (ID: 256621) - 标准、无损音质
[2026-05-03 07:15:58] 更新完成：成功更新 21 首歌曲
[2026-05-03 07:29:51] 开始更新音乐URL...
[2026-05-03 07:29:51] 备份创建成功：backups/music_data_2026-05-03_07-29-51.json
[2026-05-03 07:29:54] 更新成功：Russ - Psycho, Pt. 2 (ID: 440208643) - 标准、无损音质
[2026-05-03 07:29:57] 更新成功：Justin Bieber - Peaches (ID: 1830419924) - 标准、无损音质
[2026-05-03 07:30:00] 更新成功：宇多田ヒカル - Come Back To Me (ID: 1361336636) - 标准、无损音质
[2026-05-03 07:30:03] 更新成功：Cafuné - Tek It (ID: 1859556322) - 标准、无损音质
[2026-05-03 07:30:05] 更新成功：Paperman - The King (ID: 2743846343) - 标准、无损音质
[2026-05-03 07:30:07] 更新成功：8Y1ar - 起风了(林俊杰) (ID: 2636494144) - 标准、无损音质
[2026-05-03 07:30:10] 更新成功：洪辰 - 我乘着风飞过来 (ID: 2116120347) - 标准、无损音质
[2026-05-03 07:30:12] 更新成功：TFBOYS - 青春修炼手册 (ID: 28838178) - 标准、无损音质
[2026-05-03 07:30:14] 更新成功：南征北战NZBZ - 最美的期待 (ID: 862100828) - 标准、无损音质
[2026-05-03 07:30:17] 更新成功：G.E.M.邓紫棋 - 句号 (ID: 1405283464) - 标准、无损音质
[2026-05-03 07:30:19] 更新成功：林依晨 - 恶作剧 (ID: 255574) - 标准、无损音质
[2026-05-03 07:30:21] 更新成功：Justin Bieber - Baby (ID: 1519343) - 标准、无损音质
[2026-05-03 07:30:24] 更新成功：汪苏泷 - 如果爱忘了 (live) (ID: 2124385868) - 标准、无损音质
[2026-05-03 07:30:26] 更新成功：Lady Gaga - The Cure (ID: 472045959) - 标准、无损音质
[2026-05-03 07:30:29] 更新成功：Dizzy Dizzo (蔡诗芸) - 雨过后的风景 (ID: 215382) - 标准、无损音质
[2026-05-03 07:30:31] 更新成功：蓝琦雪宁 - 丹尼尔-辛巴巴巴噜比啦 (ID: 3349954487) - 标准、无损音质
[2026-05-03 07:30:33] 更新成功：陈奕迅 - 孤勇者 (ID: 1901371647) - 标准、无损音质
[2026-05-03 07:30:36] 更新成功：Taylor Swift - Blank Space (ID: 29572501) - 标准、无损音质
[2026-05-03 07:30:38] 更新成功：A12 - 春娇与志明 街道办GDC / 欧阳耀莹 (ID: 2690846376) - 标准、无损音质
[2026-05-03 07:30:41] 更新成功：江辰 - 锈 (我们两个都拉过勾) (ID: 2648204040) - 标准、无损音质
[2026-05-03 07:30:44] 更新成功：林忆莲 - 至少还有你 (ID: 256621) - 标准、无损音质
[2026-05-03 07:30:44] 更新完成：成功更新 21 首歌曲
[2026-05-03 07:44:51] 开始更新音乐URL...
[2026-05-03 07:44:51] 备份创建成功：backups/music_data_2026-05-03_07-44-51.json
[2026-05-03 07:44:58] 更新成功：Russ - Psycho, Pt. 2 (ID: 440208643) - 标准、无损音质
[2026-05-03 07:45:00] 更新成功：Justin Bieber - Peaches (ID: 1830419924) - 标准、无损音质
[2026-05-03 07:45:03] 更新成功：宇多田ヒカル - Come Back To Me (ID: 1361336636) - 标准、无损音质
[2026-05-03 07:45:05] 更新成功：Cafuné - Tek It (ID: 1859556322) - 标准、无损音质
[2026-05-03 07:45:08] 更新成功：Paperman - The King (ID: 2743846343) - 标准、无损音质
[2026-05-03 07:45:10] 更新成功：8Y1ar - 起风了(林俊杰) (ID: 2636494144) - 标准、无损音质
[2026-05-03 07:45:12] 更新成功：洪辰 - 我乘着风飞过来 (ID: 2116120347) - 标准、无损音质
[2026-05-03 07:45:15] 更新成功：TFBOYS - 青春修炼手册 (ID: 28838178) - 标准、无损音质
[2026-05-03 07:45:17] 更新成功：南征北战NZBZ - 最美的期待 (ID: 862100828) - 标准、无损音质
[2026-05-03 07:45:19] 更新成功：G.E.M.邓紫棋 - 句号 (ID: 1405283464) - 标准、无损音质
[2026-05-03 07:45:21] 更新成功：林依晨 - 恶作剧 (ID: 255574) - 标准、无损音质
[2026-05-03 07:45:24] 更新成功：Justin Bieber - Baby (ID: 1519343) - 标准、无损音质
[2026-05-03 07:45:26] 更新成功：汪苏泷 - 如果爱忘了 (live) (ID: 2124385868) - 标准、无损音质
[2026-05-03 07:45:28] 更新成功：Lady Gaga - The Cure (ID: 472045959) - 标准、无损音质
[2026-05-03 07:45:31] 更新成功：Dizzy Dizzo (蔡诗芸) - 雨过后的风景 (ID: 215382) - 标准、无损音质
[2026-05-03 07:45:33] 更新成功：蓝琦雪宁 - 丹尼尔-辛巴巴巴噜比啦 (ID: 3349954487) - 标准、无损音质
[2026-05-03 07:45:35] 更新成功：陈奕迅 - 孤勇者 (ID: 1901371647) - 标准、无损音质
[2026-05-03 07:45:38] 更新成功：Taylor Swift - Blank Space (ID: 29572501) - 标准、无损音质
[2026-05-03 07:45:40] 更新成功：A12 - 春娇与志明 街道办GDC / 欧阳耀莹 (ID: 2690846376) - 标准、无损音质
[2026-05-03 07:45:42] 更新成功：江辰 - 锈 (我们两个都拉过勾) (ID: 2648204040) - 标准、无损音质
[2026-05-03 07:45:45] 更新成功：林忆莲 - 至少还有你 (ID: 256621) - 标准、无损音质
[2026-05-03 07:45:45] 更新完成：成功更新 21 首歌曲
[2026-05-03 07:59:52] 开始更新音乐URL...
[2026-05-03 07:59:52] 备份创建成功：backups/music_data_2026-05-03_07-59-52.json
[2026-05-03 08:00:01] 更新成功：TFBOYS - 幸运符号 (ID: 29738196) - 标准、无损音质
[2026-05-03 08:00:05] 更新成功：Taylor Swift - Last Christmas (ID: 2002351) - 标准、无损音质
[2026-05-03 08:00:09] 更新成功：Russ - Psycho, Pt. 2 (ID: 440208643) - 标准、无损音质
[2026-05-03 08:00:12] 更新成功：Justin Bieber - Peaches (ID: 1830419924) - 标准、无损音质
[2026-05-03 08:00:15] 更新成功：宇多田ヒカル - Come Back To Me (ID: 1361336636) - 标准、无损音质
[2026-05-03 08:00:18] 更新成功：Cafuné - Tek It (ID: 1859556322) - 标准、无损音质
[2026-05-03 08:00:20] 更新成功：Paperman - The King (ID: 2743846343) - 标准、无损音质
[2026-05-03 08:00:22] 更新成功：8Y1ar - 起风了(林俊杰) (ID: 2636494144) - 标准、无损音质
[2026-05-03 08:00:24] 更新成功：洪辰 - 我乘着风飞过来 (ID: 2116120347) - 标准、无损音质
[2026-05-03 08:00:27] 更新成功：TFBOYS - 青春修炼手册 (ID: 28838178) - 标准、无损音质
[2026-05-03 08:00:29] 更新成功：南征北战NZBZ - 最美的期待 (ID: 862100828) - 标准、无损音质
[2026-05-03 08:00:33] 更新成功：G.E.M.邓紫棋 - 句号 (ID: 1405283464) - 标准、无损音质
[2026-05-03 08:00:37] 更新成功：林依晨 - 恶作剧 (ID: 255574) - 标准、无损音质
[2026-05-03 08:00:41] 更新成功：Justin Bieber - Baby (ID: 1519343) - 标准、无损音质
[2026-05-03 08:00:45] 更新成功：汪苏泷 - 如果爱忘了 (live) (ID: 2124385868) - 标准、无损音质
[2026-05-03 08:00:47] 更新成功：Lady Gaga - The Cure (ID: 472045959) - 标准、无损音质
[2026-05-03 08:00:51] 更新成功：Dizzy Dizzo (蔡诗芸) - 雨过后的风景 (ID: 215382) - 标准、无损音质
[2026-05-03 08:00:53] 更新成功：蓝琦雪宁 - 丹尼尔-辛巴巴巴噜比啦 (ID: 3349954487) - 标准、无损音质
[2026-05-03 08:00:56] 更新成功：陈奕迅 - 孤勇者 (ID: 1901371647) - 标准、无损音质
[2026-05-03 08:00:58] 更新成功：Taylor Swift - Blank Space (ID: 29572501) - 标准、无损音质
[2026-05-03 08:01:00] 更新成功：A12 - 春娇与志明 街道办GDC / 欧阳耀莹 (ID: 2690846376) - 标准、无损音质
[2026-05-03 08:01:03] 更新成功：江辰 - 锈 (我们两个都拉过勾) (ID: 2648204040) - 标准、无损音质
[2026-05-03 08:01:05] 更新成功：林忆莲 - 至少还有你 (ID: 256621) - 标准、无损音质
[2026-05-03 08:01:05] 更新完成：成功更新 23 首歌曲
[2026-05-03 08:14:51] 开始更新音乐URL...
[2026-05-03 08:14:51] 备份创建成功：backups/music_data_2026-05-03_08-14-51.json
[2026-05-03 08:14:54] 更新成功：陈伟霆 - Love U 2 (ID: 70713) - 标准、无损音质
[2026-05-03 08:14:56] 更新成功：Trouble Maker - Trouble Maker (ID: 22843672) - 标准、无损音质
[2026-05-03 08:14:58] 更新成功：Lauv - Paris in the Rain (ID: 564000295) - 标准、无损音质
[2026-05-03 08:15:01] 更新成功：TFBOYS - 幸运符号 (ID: 29738196) - 标准、无损音质
[2026-05-03 08:15:03] 更新成功：Taylor Swift - Last Christmas (ID: 2002351) - 标准、无损音质
[2026-05-03 08:15:06] 更新成功：Russ - Psycho, Pt. 2 (ID: 440208643) - 标准、无损音质
[2026-05-03 08:15:08] 更新成功：Justin Bieber - Peaches (ID: 1830419924) - 标准、无损音质
[2026-05-03 08:15:10] 更新成功：宇多田ヒカル - Come Back To Me (ID: 1361336636) - 标准、无损音质
[2026-05-03 08:15:13] 更新成功：Cafuné - Tek It (ID: 1859556322) - 标准、无损音质
[2026-05-03 08:15:15] 更新成功：Paperman - The King (ID: 2743846343) - 标准、无损音质
[2026-05-03 08:15:17] 更新成功：8Y1ar - 起风了(林俊杰) (ID: 2636494144) - 标准、无损音质
[2026-05-03 08:15:19] 更新成功：洪辰 - 我乘着风飞过来 (ID: 2116120347) - 标准、无损音质
[2026-05-03 08:15:22] 更新成功：南征北战NZBZ - 最美的期待 (ID: 862100828) - 标准、无损音质
[2026-05-03 08:15:24] 更新成功：G.E.M.邓紫棋 - 句号 (ID: 1405283464) - 标准、无损音质
[2026-05-03 08:15:26] 更新成功：林依晨 - 恶作剧 (ID: 255574) - 标准、无损音质
[2026-05-03 08:15:29] 更新成功：Justin Bieber - Baby (ID: 1519343) - 标准、无损音质
[2026-05-03 08:15:31] 更新成功：汪苏泷 - 如果爱忘了 (live) (ID: 2124385868) - 标准、无损音质
[2026-05-03 08:15:33] 更新成功：Lady Gaga - The Cure (ID: 472045959) - 标准、无损音质
[2026-05-03 08:15:35] 更新成功：Dizzy Dizzo (蔡诗芸) - 雨过后的风景 (ID: 215382) - 标准、无损音质
[2026-05-03 08:15:37] 更新成功：蓝琦雪宁 - 丹尼尔-辛巴巴巴噜比啦 (ID: 3349954487) - 标准、无损音质
[2026-05-03 08:15:40] 更新成功：陈奕迅 - 孤勇者 (ID: 1901371647) - 标准、无损音质
[2026-05-03 08:15:42] 更新成功：Taylor Swift - Blank Space (ID: 29572501) - 标准、无损音质
[2026-05-03 08:15:44] 更新成功：A12 - 春娇与志明 街道办GDC / 欧阳耀莹 (ID: 2690846376) - 标准、无损音质
[2026-05-03 08:15:46] 更新成功：江辰 - 锈 (我们两个都拉过勾) (ID: 2648204040) - 标准、无损音质
[2026-05-03 08:15:49] 更新成功：林忆莲 - 至少还有你 (ID: 256621) - 标准、无损音质
[2026-05-03 08:15:49] 更新完成：成功更新 25 首歌曲
[2026-05-03 08:29:51] 开始更新音乐URL...
[2026-05-03 08:29:51] 备份创建成功：backups/music_data_2026-05-03_08-29-51.json
[2026-05-03 08:29:55] 更新成功：TF家族 - 超人诞生日记 (ID: 512489670) - 标准、无损音质
[2026-05-03 08:29:57] 更新成功：沙一汀EL - red lips（被我蒙对） (ID: 1456659704) - 标准、无损音质
[2026-05-03 08:30:00] 更新成功：陈伟霆 - Love U 2 (ID: 70713) - 标准、无损音质
[2026-05-03 08:30:03] 更新成功：Trouble Maker - Trouble Maker (ID: 22843672) - 标准、无损音质
[2026-05-03 08:30:07] 更新成功：Lauv - Paris in the Rain (ID: 564000295) - 标准、无损音质
[2026-05-03 08:30:10] 更新成功：TFBOYS - 幸运符号 (ID: 29738196) - 标准、无损音质
[2026-05-03 08:30:14] 更新成功：Taylor Swift - Last Christmas (ID: 2002351) - 标准、无损音质
[2026-05-03 08:30:17] 更新成功：Russ - Psycho, Pt. 2 (ID: 440208643) - 标准、无损音质
[2026-05-03 08:30:21] 更新成功：Justin Bieber - Peaches (ID: 1830419924) - 标准、无损音质
[2026-05-03 08:30:23] 更新成功：宇多田ヒカル - Come Back To Me (ID: 1361336636) - 标准、无损音质
[2026-05-03 08:30:25] 更新成功：Cafuné - Tek It (ID: 1859556322) - 标准、无损音质
[2026-05-03 08:30:28] 更新成功：Paperman - The King (ID: 2743846343) - 标准、无损音质
[2026-05-03 08:30:30] 更新成功：8Y1ar - 起风了(林俊杰) (ID: 2636494144) - 标准、无损音质
[2026-05-03 08:30:32] 更新成功：洪辰 - 我乘着风飞过来 (ID: 2116120347) - 标准、无损音质
[2026-05-03 08:30:35] 更新成功：南征北战NZBZ - 最美的期待 (ID: 862100828) - 标准、无损音质
[2026-05-03 08:30:37] 更新成功：G.E.M.邓紫棋 - 句号 (ID: 1405283464) - 标准、无损音质
[2026-05-03 08:30:39] 更新成功：林依晨 - 恶作剧 (ID: 255574) - 标准、无损音质
[2026-05-03 08:30:41] 更新成功：Justin Bieber - Baby (ID: 1519343) - 标准、无损音质
[2026-05-03 08:30:43] 更新成功：汪苏泷 - 如果爱忘了 (live) (ID: 2124385868) - 标准、无损音质
[2026-05-03 08:30:46] 更新成功：Lady Gaga - The Cure (ID: 472045959) - 标准、无损音质
[2026-05-03 08:30:48] 更新成功：Dizzy Dizzo (蔡诗芸) - 雨过后的风景 (ID: 215382) - 标准、无损音质
[2026-05-03 08:30:51] 更新成功：蓝琦雪宁 - 丹尼尔-辛巴巴巴噜比啦 (ID: 3349954487) - 标准、无损音质
[2026-05-03 08:30:53] 更新成功：陈奕迅 - 孤勇者 (ID: 1901371647) - 标准、无损音质
[2026-05-03 08:30:56] 更新成功：Taylor Swift - Blank Space (ID: 29572501) - 标准、无损音质
[2026-05-03 08:30:58] 更新成功：A12 - 春娇与志明 街道办GDC / 欧阳耀莹 (ID: 2690846376) - 标准、无损音质
[2026-05-03 08:31:01] 更新成功：江辰 - 锈 (我们两个都拉过勾) (ID: 2648204040) - 标准、无损音质
[2026-05-03 08:31:03] 更新成功：林忆莲 - 至少还有你 (ID: 256621) - 标准、无损音质
[2026-05-03 08:31:04] 更新完成：成功更新 27 首歌曲
[2026-05-03 08:44:51] 开始更新音乐URL...
[2026-05-03 08:44:51] 备份创建成功：backups/music_data_2026-05-03_08-44-51.json
[2026-05-03 08:44:55] 更新成功：Justin Bieber - One Time (ID: 18638059) - 标准、无损音质
[2026-05-03 08:44:58] 更新成功：陈粒 - 绝对占有 相对自由 (ID: 30431377) - 标准、无损音质
[2026-05-03 08:45:00] 更新成功：TizzyT - 100 (ID: 1983456716) - 标准、无损音质
[2026-05-03 08:45:03] 更新成功：Ty. - 高，还没富，但帅 (ID: 482056804) - 标准、无损音质
[2026-05-03 08:45:05] 更新成功：Whitney Houston - Call You Tonight (ID: 19827042) - 标准、无损音质
[2026-05-03 08:45:08] 更新成功：Ailee - I NEED YOU (ID: 433018100) - 标准、无损音质
[2026-05-03 08:45:10] 更新成功：TF家族 - 超人诞生日记 (ID: 512489670) - 标准、无损音质
[2026-05-03 08:45:12] 更新成功：沙一汀EL - red lips（被我蒙对） (ID: 1456659704) - 标准、无损音质
[2026-05-03 08:45:15] 更新成功：陈伟霆 - Love U 2 (ID: 70713) - 标准、无损音质
[2026-05-03 08:45:17] 更新成功：Trouble Maker - Trouble Maker (ID: 22843672) - 标准、无损音质
[2026-05-03 08:45:26] 更新成功：Lauv - Paris in the Rain (ID: 564000295) - 标准、无损音质
[2026-05-03 08:45:28] 更新成功：TFBOYS - 幸运符号 (ID: 29738196) - 标准、无损音质
[2026-05-03 08:45:30] 更新成功：Taylor Swift - Last Christmas (ID: 2002351) - 标准、无损音质
[2026-05-03 08:45:32] 更新成功：Russ - Psycho, Pt. 2 (ID: 440208643) - 标准、无损音质
[2026-05-03 08:45:35] 更新成功：Justin Bieber - Peaches (ID: 1830419924) - 标准、无损音质
[2026-05-03 08:45:37] 更新成功：宇多田ヒカル - Come Back To Me (ID: 1361336636) - 标准、无损音质
[2026-05-03 08:45:40] 更新成功：Cafuné - Tek It (ID: 1859556322) - 标准、无损音质
[2026-05-03 08:45:42] 更新成功：Paperman - The King (ID: 2743846343) - 标准、无损音质
[2026-05-03 08:45:44] 更新成功：8Y1ar - 起风了(林俊杰) (ID: 2636494144) - 标准、无损音质
[2026-05-03 08:45:47] 更新成功：洪辰 - 我乘着风飞过来 (ID: 2116120347) - 标准、无损音质
[2026-05-03 08:45:49] 更新成功：南征北战NZBZ - 最美的期待 (ID: 862100828) - 标准、无损音质
[2026-05-03 08:45:51] 更新成功：G.E.M.邓紫棋 - 句号 (ID: 1405283464) - 标准、无损音质
[2026-05-03 08:45:53] 更新成功：林依晨 - 恶作剧 (ID: 255574) - 标准、无损音质
[2026-05-03 08:45:56] 更新成功：Justin Bieber - Baby (ID: 1519343) - 标准、无损音质
[2026-05-03 08:45:58] 更新成功：汪苏泷 - 如果爱忘了 (live) (ID: 2124385868) - 标准、无损音质
[2026-05-03 08:46:00] 更新成功：Lady Gaga - The Cure (ID: 472045959) - 标准、无损音质
[2026-05-03 08:46:03] 更新成功：Dizzy Dizzo (蔡诗芸) - 雨过后的风景 (ID: 215382) - 标准、无损音质
[2026-05-03 08:46:05] 更新成功：蓝琦雪宁 - 丹尼尔-辛巴巴巴噜比啦 (ID: 3349954487) - 标准、无损音质
[2026-05-03 08:46:08] 更新成功：陈奕迅 - 孤勇者 (ID: 1901371647) - 标准、无损音质
[2026-05-03 08:46:10] 更新成功：Taylor Swift - Blank Space (ID: 29572501) - 标准、无损音质
[2026-05-03 08:46:13] 更新成功：A12 - 春娇与志明 街道办GDC / 欧阳耀莹 (ID: 2690846376) - 标准、无损音质
[2026-05-03 08:46:15] 更新成功：江辰 - 锈 (我们两个都拉过勾) (ID: 2648204040) - 标准、无损音质
[2026-05-03 08:46:17] 更新成功：林忆莲 - 至少还有你 (ID: 256621) - 标准、无损音质
[2026-05-03 08:46:18] 更新完成：成功更新 33 首歌曲
[2026-05-03 08:59:51] 开始更新音乐URL...
[2026-05-03 08:59:51] 备份创建成功：backups/music_data_2026-05-03_08-59-51.json
[2026-05-03 08:59:55] 更新成功：颜人中 - 有些 (ID: 1406649619) - 标准、无损音质
[2026-05-03 08:59:58] 更新成功：Justin Bieber - One Time (ID: 18638059) - 标准、无损音质
[2026-05-03 09:00:00] 更新成功：陈粒 - 绝对占有 相对自由 (ID: 30431377) - 标准、无损音质
[2026-05-03 09:00:04] 更新成功：TizzyT - 100 (ID: 1983456716) - 标准、无损音质
[2026-05-03 09:00:07] 更新成功：Ty. - 高，还没富，但帅 (ID: 482056804) - 标准、无损音质
[2026-05-03 09:00:10] 更新成功：Whitney Houston - Call You Tonight (ID: 19827042) - 标准、无损音质
[2026-05-03 09:00:13] 更新成功：Ailee - I NEED YOU (ID: 433018100) - 标准、无损音质
[2026-05-03 09:00:16] 更新成功：TF家族 - 超人诞生日记 (ID: 512489670) - 标准、无损音质
[2026-05-03 09:00:18] 更新成功：沙一汀EL - red lips（被我蒙对） (ID: 1456659704) - 标准、无损音质
[2026-05-03 09:00:20] 更新成功：陈伟霆 - Love U 2 (ID: 70713) - 标准、无损音质
[2026-05-03 09:00:23] 更新成功：Trouble Maker - Trouble Maker (ID: 22843672) - 标准、无损音质
[2026-05-03 09:00:25] 更新成功：Lauv - Paris in the Rain (ID: 564000295) - 标准、无损音质
[2026-05-03 09:00:27] 更新成功：TFBOYS - 幸运符号 (ID: 29738196) - 标准、无损音质
[2026-05-03 09:00:30] 更新成功：Taylor Swift - Last Christmas (ID: 2002351) - 标准、无损音质
[2026-05-03 09:00:32] 更新成功：Russ - Psycho, Pt. 2 (ID: 440208643) - 标准、无损音质
[2026-05-03 09:00:35] 更新成功：Justin Bieber - Peaches (ID: 1830419924) - 标准、无损音质
[2026-05-03 09:00:37] 更新成功：宇多田ヒカル - Come Back To Me (ID: 1361336636) - 标准、无损音质
[2026-05-03 09:00:39] 更新成功：Cafuné - Tek It (ID: 1859556322) - 标准、无损音质
[2026-05-03 09:00:41] 更新成功：Paperman - The King (ID: 2743846343) - 标准、无损音质
[2026-05-03 09:00:44] 更新成功：8Y1ar - 起风了(林俊杰) (ID: 2636494144) - 标准、无损音质
[2026-05-03 09:00:46] 更新成功：洪辰 - 我乘着风飞过来 (ID: 2116120347) - 标准、无损音质
[2026-05-03 09:00:49] 更新成功：南征北战NZBZ - 最美的期待 (ID: 862100828) - 标准、无损音质
[2026-05-03 09:00:51] 更新成功：G.E.M.邓紫棋 - 句号 (ID: 1405283464) - 标准、无损音质
[2026-05-03 09:00:53] 更新成功：林依晨 - 恶作剧 (ID: 255574) - 标准、无损音质
[2026-05-03 09:00:55] 更新成功：Justin Bieber - Baby (ID: 1519343) - 标准、无损音质
[2026-05-03 09:00:58] 更新成功：汪苏泷 - 如果爱忘了 (live) (ID: 2124385868) - 标准、无损音质
[2026-05-03 09:01:00] 更新成功：Lady Gaga - The Cure (ID: 472045959) - 标准、无损音质
[2026-05-03 09:01:02] 更新成功：Dizzy Dizzo (蔡诗芸) - 雨过后的风景 (ID: 215382) - 标准、无损音质
[2026-05-03 09:01:05] 更新成功：蓝琦雪宁 - 丹尼尔-辛巴巴巴噜比啦 (ID: 3349954487) - 标准、无损音质
[2026-05-03 09:01:07] 更新成功：陈奕迅 - 孤勇者 (ID: 1901371647) - 标准、无损音质
[2026-05-03 09:01:09] 更新成功：Taylor Swift - Blank Space (ID: 29572501) - 标准、无损音质
[2026-05-03 09:01:12] 更新成功：A12 - 春娇与志明 街道办GDC / 欧阳耀莹 (ID: 2690846376) - 标准、无损音质
[2026-05-03 09:01:15] 更新成功：江辰 - 锈 (我们两个都拉过勾) (ID: 2648204040) - 标准、无损音质
[2026-05-03 09:01:17] 更新成功：林忆莲 - 至少还有你 (ID: 256621) - 标准、无损音质
[2026-05-03 09:01:17] 更新完成：成功更新 34 首歌曲
[2026-05-03 09:14:51] 开始更新音乐URL...
[2026-05-03 09:14:51] 备份创建成功：backups/music_data_2026-05-03_09-14-51.json
[2026-05-03 09:14:56] 更新成功：Justin Bieber - One Time (ID: 18638059) - 标准、无损音质
[2026-05-03 09:15:00] 更新成功：陈粒 - 绝对占有 相对自由 (ID: 30431377) - 标准、无损音质
[2026-05-03 09:15:04] 更新成功：Ty. - 高，还没富，但帅 (ID: 482056804) - 标准、无损音质
[2026-05-03 09:15:09] 更新成功：Whitney Houston - Call You Tonight (ID: 19827042) - 标准、无损音质
[2026-05-03 09:15:13] 更新成功：Ailee - I NEED YOU (ID: 433018100) - 标准、无损音质
[2026-05-03 09:15:18] 更新成功：TF家族 - 超人诞生日记 (ID: 512489670) - 标准、无损音质
[2026-05-03 09:15:23] 更新成功：沙一汀EL - red lips（被我蒙对） (ID: 1456659704) - 标准、无损音质
[2026-05-03 09:15:27] 更新成功：陈伟霆 - Love U 2 (ID: 70713) - 标准、无损音质
[2026-05-03 09:15:31] 更新成功：Trouble Maker - Trouble Maker (ID: 22843672) - 标准、无损音质
[2026-05-03 09:15:35] 更新成功：Lauv - Paris in the Rain (ID: 564000295) - 标准、无损音质
[2026-05-03 09:15:38] 更新成功：TFBOYS - 幸运符号 (ID: 29738196) - 标准、无损音质
[2026-05-03 09:15:42] 更新成功：Taylor Swift - Last Christmas (ID: 2002351) - 标准、无损音质
[2026-05-03 09:15:45] 更新成功：Russ - Psycho, Pt. 2 (ID: 440208643) - 标准、无损音质
[2026-05-03 09:15:48] 更新成功：Justin Bieber - Peaches (ID: 1830419924) - 标准、无损音质
[2026-05-03 09:15:50] 更新成功：宇多田ヒカル - Come Back To Me (ID: 1361336636) - 标准、无损音质
[2026-05-03 09:15:52] 更新成功：Cafuné - Tek It (ID: 1859556322) - 标准、无损音质
[2026-05-03 09:15:55] 更新成功：Paperman - The King (ID: 2743846343) - 标准、无损音质
[2026-05-03 09:15:57] 更新成功：8Y1ar - 起风了(林俊杰) (ID: 2636494144) - 标准、无损音质
[2026-05-03 09:16:00] 更新成功：洪辰 - 我乘着风飞过来 (ID: 2116120347) - 标准、无损音质
[2026-05-03 09:16:02] 更新成功：南征北战NZBZ - 最美的期待 (ID: 862100828) - 标准、无损音质
[2026-05-03 09:16:04] 更新成功：G.E.M.邓紫棋 - 句号 (ID: 1405283464) - 标准、无损音质
[2026-05-03 09:16:06] 更新成功：林依晨 - 恶作剧 (ID: 255574) - 标准、无损音质
[2026-05-03 09:16:09] 更新成功：Justin Bieber - Baby (ID: 1519343) - 标准、无损音质
[2026-05-03 09:16:11] 更新成功：汪苏泷 - 如果爱忘了 (live) (ID: 2124385868) - 标准、无损音质
[2026-05-03 09:16:14] 更新成功：Lady Gaga - The Cure (ID: 472045959) - 标准、无损音质
[2026-05-03 09:16:16] 更新成功：Dizzy Dizzo (蔡诗芸) - 雨过后的风景 (ID: 215382) - 标准、无损音质
[2026-05-03 09:16:21] 更新成功：蓝琦雪宁 - 丹尼尔-辛巴巴巴噜比啦 (ID: 3349954487) - 标准、无损音质
[2026-05-03 09:16:25] 更新成功：陈奕迅 - 孤勇者 (ID: 1901371647) - 标准、无损音质
[2026-05-03 09:16:29] 更新成功：Taylor Swift - Blank Space (ID: 29572501) - 标准、无损音质
[2026-05-03 09:16:33] 更新成功：A12 - 春娇与志明 街道办GDC / 欧阳耀莹 (ID: 2690846376) - 标准、无损音质
[2026-05-03 09:16:37] 更新成功：江辰 - 锈 (我们两个都拉过勾) (ID: 2648204040) - 标准、无损音质
[2026-05-03 09:16:42] 更新成功：林忆莲 - 至少还有你 (ID: 256621) - 标准、无损音质
[2026-05-03 09:16:42] 更新完成：成功更新 32 首歌曲
[2026-05-03 09:29:51] 开始更新音乐URL...
[2026-05-03 09:29:51] 备份创建成功：backups/music_data_2026-05-03_09-29-51.json
[2026-05-03 09:29:58] 更新成功：JVKE - this is what winter feels like (ID: 2116728806) - 标准、无损音质
[2026-05-03 09:30:01] 更新成功：Justin Bieber - One Time (ID: 18638059) - 标准、无损音质
[2026-05-03 09:30:04] 更新成功：Ty. - 高，还没富，但帅 (ID: 482056804) - 标准、无损音质
[2026-05-03 09:30:06] 更新成功：Whitney Houston - Call You Tonight (ID: 19827042) - 标准、无损音质
[2026-05-03 09:30:12] 更新成功：Ailee - I NEED YOU (ID: 433018100) - 标准、无损音质
[2026-05-03 09:30:16] 更新成功：沙一汀EL - red lips（被我蒙对） (ID: 1456659704) - 标准、无损音质
[2026-05-03 09:30:21] 更新成功：陈伟霆 - Love U 2 (ID: 70713) - 标准、无损音质
[2026-05-03 09:30:24] 更新成功：Trouble Maker - Trouble Maker (ID: 22843672) - 标准、无损音质
[2026-05-03 09:30:28] 更新成功：Lauv - Paris in the Rain (ID: 564000295) - 标准、无损音质
[2026-05-03 09:30:31] 更新成功：TFBOYS - 幸运符号 (ID: 29738196) - 标准、无损音质
[2026-05-03 09:30:36] 更新成功：Taylor Swift - Last Christmas (ID: 2002351) - 标准、无损音质
[2026-05-03 09:30:40] 更新成功：Russ - Psycho, Pt. 2 (ID: 440208643) - 标准、无损音质
[2026-05-03 09:30:43] 更新成功：Justin Bieber - Peaches (ID: 1830419924) - 标准、无损音质
[2026-05-03 09:30:46] 更新成功：宇多田ヒカル - Come Back To Me (ID: 1361336636) - 标准、无损音质
[2026-05-03 09:30:50] 更新成功：Cafuné - Tek It (ID: 1859556322) - 标准、无损音质
[2026-05-03 09:30:54] 更新成功：Paperman - The King (ID: 2743846343) - 标准、无损音质
[2026-05-03 09:31:00] 更新成功：洪辰 - 我乘着风飞过来 (ID: 2116120347) - 标准、无损音质
[2026-05-03 09:31:04] 更新成功：南征北战NZBZ - 最美的期待 (ID: 862100828) - 标准、无损音质
[2026-05-03 09:31:07] 更新成功：G.E.M.邓紫棋 - 句号 (ID: 1405283464) - 标准、无损音质
[2026-05-03 09:31:11] 更新成功：Justin Bieber - Baby (ID: 1519343) - 标准、无损音质
[2026-05-03 09:31:14] 更新成功：汪苏泷 - 如果爱忘了 (live) (ID: 2124385868) - 标准、无损音质
[2026-05-03 09:31:20] 更新成功：Lady Gaga - The Cure (ID: 472045959) - 标准、无损音质
[2026-05-03 09:31:24] 更新成功：Dizzy Dizzo (蔡诗芸) - 雨过后的风景 (ID: 215382) - 标准、无损音质
[2026-05-03 09:31:28] 更新成功：陈奕迅 - 孤勇者 (ID: 1901371647) - 标准、无损音质
[2026-05-03 09:31:31] 更新成功：Taylor Swift - Blank Space (ID: 29572501) - 标准、无损音质
[2026-05-03 09:31:34] 更新成功：A12 - 春娇与志明 街道办GDC / 欧阳耀莹 (ID: 2690846376) - 标准、无损音质
[2026-05-03 09:31:38] 更新成功：江辰 - 锈 (我们两个都拉过勾) (ID: 2648204040) - 标准、无损音质
[2026-05-03 09:31:42] 更新成功：林忆莲 - 至少还有你 (ID: 256621) - 标准、无损音质
[2026-05-03 09:31:43] 更新完成：成功更新 28 首歌曲
[2026-05-03 09:44:51] 开始更新音乐URL...
[2026-05-03 09:44:51] 备份创建成功：backups/music_data_2026-05-03_09-44-51.json
[2026-05-03 09:44:55] 更新成功：JVKE - this is what winter feels like (ID: 2116728806) - 标准、无损音质
[2026-05-03 09:44:57] 更新成功：Justin Bieber - One Time (ID: 18638059) - 标准、无损音质
[2026-05-03 09:45:00] 更新成功：Ty. - 高，还没富，但帅 (ID: 482056804) - 标准、无损音质
[2026-05-03 09:45:02] 更新成功：Whitney Houston - Call You Tonight (ID: 19827042) - 标准、无损音质
[2026-05-03 09:45:05] 更新成功：Ailee - I NEED YOU (ID: 433018100) - 标准、无损音质
[2026-05-03 09:45:07] 更新成功：沙一汀EL - red lips（被我蒙对） (ID: 1456659704) - 标准、无损音质
[2026-05-03 09:45:10] 更新成功：陈伟霆 - Love U 2 (ID: 70713) - 标准、无损音质
[2026-05-03 09:45:12] 更新成功：Trouble Maker - Trouble Maker (ID: 22843672) - 标准、无损音质
[2026-05-03 09:45:14] 更新成功：Lauv - Paris in the Rain (ID: 564000295) - 标准、无损音质
[2026-05-03 09:45:17] 更新成功：TFBOYS - 幸运符号 (ID: 29738196) - 标准、无损音质
[2026-05-03 09:45:19] 更新成功：Taylor Swift - Last Christmas (ID: 2002351) - 标准、无损音质
[2026-05-03 09:45:21] 更新成功：Russ - Psycho, Pt. 2 (ID: 440208643) - 标准、无损音质
[2026-05-03 09:45:23] 更新成功：Justin Bieber - Peaches (ID: 1830419924) - 标准、无损音质
[2026-05-03 09:45:26] 更新成功：宇多田ヒカル - Come Back To Me (ID: 1361336636) - 标准、无损音质
[2026-05-03 09:45:28] 更新成功：Cafuné - Tek It (ID: 1859556322) - 标准、无损音质
[2026-05-03 09:45:30] 更新成功：Paperman - The King (ID: 2743846343) - 标准、无损音质
[2026-05-03 09:45:32] 更新成功：洪辰 - 我乘着风飞过来 (ID: 2116120347) - 标准、无损音质
[2026-05-03 09:45:35] 更新成功：南征北战NZBZ - 最美的期待 (ID: 862100828) - 标准、无损音质
[2026-05-03 09:45:37] 更新成功：G.E.M.邓紫棋 - 句号 (ID: 1405283464) - 标准、无损音质
[2026-05-03 09:45:39] 更新成功：Justin Bieber - Baby (ID: 1519343) - 标准、无损音质
[2026-05-03 09:45:42] 更新成功：汪苏泷 - 如果爱忘了 (live) (ID: 2124385868) - 标准、无损音质
[2026-05-03 09:45:44] 更新成功：Lady Gaga - The Cure (ID: 472045959) - 标准、无损音质
[2026-05-03 09:45:46] 更新成功：Dizzy Dizzo (蔡诗芸) - 雨过后的风景 (ID: 215382) - 标准、无损音质
[2026-05-03 09:45:48] 更新成功：陈奕迅 - 孤勇者 (ID: 1901371647) - 标准、无损音质
[2026-05-03 09:45:51] 更新成功：Taylor Swift - Blank Space (ID: 29572501) - 标准、无损音质
[2026-05-03 09:45:53] 更新成功：A12 - 春娇与志明 街道办GDC / 欧阳耀莹 (ID: 2690846376) - 标准、无损音质
[2026-05-03 09:45:55] 更新成功：江辰 - 锈 (我们两个都拉过勾) (ID: 2648204040) - 标准、无损音质
[2026-05-03 09:45:58] 更新成功：林忆莲 - 至少还有你 (ID: 256621) - 标准、无损音质
[2026-05-03 09:45:58] 更新完成：成功更新 28 首歌曲
[2026-05-03 09:59:51] 开始更新音乐URL...
[2026-05-03 09:59:51] 备份创建成功：backups/music_data_2026-05-03_09-59-51.json
[2026-05-03 09:59:54] 更新成功：JVKE - this is what winter feels like (ID: 2116728806) - 标准、无损音质
[2026-05-03 09:59:57] 更新成功：Justin Bieber - One Time (ID: 18638059) - 标准、无损音质
[2026-05-03 09:59:59] 更新成功：Ty. - 高，还没富，但帅 (ID: 482056804) - 标准、无损音质
[2026-05-03 10:00:01] 更新成功：Whitney Houston - Call You Tonight (ID: 19827042) - 标准、无损音质
[2026-05-03 10:00:05] 更新成功：Ailee - I NEED YOU (ID: 433018100) - 标准、无损音质
[2026-05-03 10:00:08] 更新成功：沙一汀EL - red lips（被我蒙对） (ID: 1456659704) - 标准、无损音质
[2026-05-03 10:00:12] 更新成功：陈伟霆 - Love U 2 (ID: 70713) - 标准、无损音质
[2026-05-03 10:00:15] 更新成功：Trouble Maker - Trouble Maker (ID: 22843672) - 标准、无损音质
[2026-05-03 10:00:18] 更新成功：Lauv - Paris in the Rain (ID: 564000295) - 标准、无损音质
[2026-05-03 10:00:21] 更新成功：TFBOYS - 幸运符号 (ID: 29738196) - 标准、无损音质
[2026-05-03 10:00:24] 更新成功：Taylor Swift - Last Christmas (ID: 2002351) - 标准、无损音质
[2026-05-03 10:00:26] 更新成功：Russ - Psycho, Pt. 2 (ID: 440208643) - 标准、无损音质
[2026-05-03 10:00:28] 更新成功：Justin Bieber - Peaches (ID: 1830419924) - 标准、无损音质
[2026-05-03 10:00:31] 更新成功：宇多田ヒカル - Come Back To Me (ID: 1361336636) - 标准、无损音质
[2026-05-03 10:00:33] 更新成功：Cafuné - Tek It (ID: 1859556322) - 标准、无损音质
[2026-05-03 10:00:36] 更新成功：Paperman - The King (ID: 2743846343) - 标准、无损音质
[2026-05-03 10:00:40] 更新成功：洪辰 - 我乘着风飞过来 (ID: 2116120347) - 标准、无损音质
[2026-05-03 10:00:44] 更新成功：南征北战NZBZ - 最美的期待 (ID: 862100828) - 标准、无损音质
[2026-05-03 10:00:46] 更新成功：G.E.M.邓紫棋 - 句号 (ID: 1405283464) - 标准、无损音质
[2026-05-03 10:00:48] 更新成功：Justin Bieber - Baby (ID: 1519343) - 标准、无损音质
[2026-05-03 10:00:51] 更新成功：汪苏泷 - 如果爱忘了 (live) (ID: 2124385868) - 标准、无损音质
[2026-05-03 10:00:53] 更新成功：Lady Gaga - The Cure (ID: 472045959) - 标准、无损音质
[2026-05-03 10:00:56] 更新成功：Dizzy Dizzo (蔡诗芸) - 雨过后的风景 (ID: 215382) - 标准、无损音质
[2026-05-03 10:00:58] 更新成功：陈奕迅 - 孤勇者 (ID: 1901371647) - 标准、无损音质
[2026-05-03 10:01:00] 更新成功：Taylor Swift - Blank Space (ID: 29572501) - 标准、无损音质
[2026-05-03 10:01:03] 更新成功：A12 - 春娇与志明 街道办GDC / 欧阳耀莹 (ID: 2690846376) - 标准、无损音质
[2026-05-03 10:01:05] 更新成功：江辰 - 锈 (我们两个都拉过勾) (ID: 2648204040) - 标准、无损音质
[2026-05-03 10:01:07] 更新成功：林忆莲 - 至少还有你 (ID: 256621) - 标准、无损音质
[2026-05-03 10:01:08] 更新完成：成功更新 28 首歌曲
[2026-05-03 10:14:51] 开始更新音乐URL...
[2026-05-03 10:14:51] 备份创建成功：backups/music_data_2026-05-03_10-14-51.json
[2026-05-03 10:14:54] 更新成功：JVKE - this is what winter feels like (ID: 2116728806) - 标准、无损音质
[2026-05-03 10:14:57] 更新成功：Justin Bieber - One Time (ID: 18638059) - 标准、无损音质
[2026-05-03 10:14:59] 更新成功：Ty. - 高，还没富，但帅 (ID: 482056804) - 标准、无损音质
[2026-05-03 10:15:01] 更新成功：Whitney Houston - Call You Tonight (ID: 19827042) - 标准、无损音质
[2026-05-03 10:15:08] 更新成功：Ailee - I NEED YOU (ID: 433018100) - 标准音质
[2026-05-03 10:15:19] 更新成功：沙一汀EL - red lips（被我蒙对） (ID: 1456659704) - 标准音质
[2026-05-03 10:15:31] 更新成功：陈伟霆 - Love U 2 (ID: 70713) - 无损音质
[2026-05-03 10:15:51] 更新成功：Trouble Maker - Trouble Maker (ID: 22843672) - 标准、无损音质
[2026-05-03 10:15:59] 更新成功：Lauv - Paris in the Rain (ID: 564000295) - 标准音质
[2026-05-03 10:16:02] 更新成功：TFBOYS - 幸运符号 (ID: 29738196) - 标准、无损音质
[2026-05-03 10:16:05] 更新成功：Taylor Swift - Last Christmas (ID: 2002351) - 标准、无损音质
[2026-05-03 10:16:07] 更新成功：Russ - Psycho, Pt. 2 (ID: 440208643) - 标准、无损音质
[2026-05-03 10:16:10] 更新成功：Justin Bieber - Peaches (ID: 1830419924) - 标准、无损音质
[2026-05-03 10:16:12] 更新成功：宇多田ヒカル - Come Back To Me (ID: 1361336636) - 标准、无损音质
[2026-05-03 10:16:15] 更新成功：Cafuné - Tek It (ID: 1859556322) - 标准、无损音质
[2026-05-03 10:16:17] 更新成功：Paperman - The King (ID: 2743846343) - 标准、无损音质
[2026-05-03 10:16:19] 更新成功：洪辰 - 我乘着风飞过来 (ID: 2116120347) - 标准、无损音质
[2026-05-03 10:16:22] 更新成功：南征北战NZBZ - 最美的期待 (ID: 862100828) - 标准、无损音质
[2026-05-03 10:16:24] 更新成功：G.E.M.邓紫棋 - 句号 (ID: 1405283464) - 标准、无损音质
[2026-05-03 10:16:26] 更新成功：Justin Bieber - Baby (ID: 1519343) - 标准、无损音质
[2026-05-03 10:16:29] 更新成功：汪苏泷 - 如果爱忘了 (live) (ID: 2124385868) - 标准、无损音质
[2026-05-03 10:16:32] 更新成功：Lady Gaga - The Cure (ID: 472045959) - 标准、无损音质
[2026-05-03 10:16:34] 更新成功：Dizzy Dizzo (蔡诗芸) - 雨过后的风景 (ID: 215382) - 标准、无损音质
[2026-05-03 10:16:36] 更新成功：陈奕迅 - 孤勇者 (ID: 1901371647) - 标准、无损音质
[2026-05-03 10:16:39] 更新成功：Taylor Swift - Blank Space (ID: 29572501) - 标准、无损音质
[2026-05-03 10:16:41] 更新成功：A12 - 春娇与志明 街道办GDC / 欧阳耀莹 (ID: 2690846376) - 标准、无损音质
[2026-05-03 10:16:43] 更新成功：江辰 - 锈 (我们两个都拉过勾) (ID: 2648204040) - 标准、无损音质
[2026-05-03 10:16:46] 更新成功：林忆莲 - 至少还有你 (ID: 256621) - 标准、无损音质
[2026-05-03 10:16:46] 更新完成：成功更新 28 首歌曲
[2026-05-03 10:29:51] 开始更新音乐URL...
[2026-05-03 10:29:51] 备份创建成功：backups/music_data_2026-05-03_10-29-51.json
[2026-05-03 10:29:57] 更新成功：JVKE - this is what winter feels like (ID: 2116728806) - 标准、无损音质
[2026-05-03 10:29:59] 更新成功：Justin Bieber - One Time (ID: 18638059) - 标准、无损音质
[2026-05-03 10:30:02] 更新成功：Ty. - 高，还没富，但帅 (ID: 482056804) - 标准、无损音质
[2026-05-03 10:30:06] 更新成功：Whitney Houston - Call You Tonight (ID: 19827042) - 标准、无损音质
[2026-05-03 10:30:13] 更新成功：Ailee - I NEED YOU (ID: 433018100) - 标准、无损音质
[2026-05-03 10:30:18] 更新成功：陈伟霆 - Love U 2 (ID: 70713) - 标准、无损音质
[2026-05-03 10:30:20] 更新成功：Trouble Maker - Trouble Maker (ID: 22843672) - 标准、无损音质
[2026-05-03 10:30:23] 更新成功：TFBOYS - 幸运符号 (ID: 29738196) - 标准、无损音质
[2026-05-03 10:30:25] 更新成功：Taylor Swift - Last Christmas (ID: 2002351) - 标准、无损音质
[2026-05-03 10:30:27] 更新成功：Russ - Psycho, Pt. 2 (ID: 440208643) - 标准、无损音质
[2026-05-03 10:30:29] 更新成功：Justin Bieber - Peaches (ID: 1830419924) - 标准、无损音质
[2026-05-03 10:30:32] 更新成功：宇多田ヒカル - Come Back To Me (ID: 1361336636) - 标准、无损音质
[2026-05-03 10:30:34] 更新成功：Cafuné - Tek It (ID: 1859556322) - 标准、无损音质
[2026-05-03 10:30:37] 更新成功：洪辰 - 我乘着风飞过来 (ID: 2116120347) - 标准、无损音质
[2026-05-03 10:30:39] 更新成功：南征北战NZBZ - 最美的期待 (ID: 862100828) - 标准、无损音质
[2026-05-03 10:30:41] 更新成功：G.E.M.邓紫棋 - 句号 (ID: 1405283464) - 标准、无损音质
[2026-05-03 10:30:43] 更新成功：Lady Gaga - The Cure (ID: 472045959) - 标准、无损音质
[2026-05-03 10:30:45] 更新成功：Dizzy Dizzo (蔡诗芸) - 雨过后的风景 (ID: 215382) - 标准、无损音质
[2026-05-03 10:30:48] 更新成功：A12 - 春娇与志明 街道办GDC / 欧阳耀莹 (ID: 2690846376) - 标准、无损音质
[2026-05-03 10:30:50] 更新成功：江辰 - 锈 (我们两个都拉过勾) (ID: 2648204040) - 标准、无损音质
[2026-05-03 10:30:52] 更新成功：林忆莲 - 至少还有你 (ID: 256621) - 标准、无损音质
[2026-05-03 10:30:54] 更新成功：穆祉丞 - Dreamin (ID: 2729743751) - 标准、无损音质
[2026-05-03 10:30:57] 更新成功：刘柏辛Lexie - Manta (ID: 1409329965) - 标准、无损音质
[2026-05-03 10:30:57] 更新完成：成功更新 23 首歌曲
[2026-05-03 10:44:51] 开始更新音乐URL...
[2026-05-03 10:44:51] 备份创建成功：backups/music_data_2026-05-03_10-44-51.json
[2026-05-03 10:44:54] 更新成功：JVKE - this is what winter feels like (ID: 2116728806) - 标准、无损音质
[2026-05-03 10:44:57] 更新成功：Justin Bieber - One Time (ID: 18638059) - 标准、无损音质
[2026-05-03 10:45:00] 更新成功：Ty. - 高，还没富，但帅 (ID: 482056804) - 标准、无损音质
[2026-05-03 10:45:03] 更新成功：Whitney Houston - Call You Tonight (ID: 19827042) - 标准、无损音质
[2026-05-03 10:45:05] 更新成功：Ailee - I NEED YOU (ID: 433018100) - 标准、无损音质
[2026-05-03 10:45:08] 更新成功：陈伟霆 - Love U 2 (ID: 70713) - 标准、无损音质
[2026-05-03 10:45:10] 更新成功：Trouble Maker - Trouble Maker (ID: 22843672) - 标准、无损音质
[2026-05-03 10:45:12] 更新成功：TFBOYS - 幸运符号 (ID: 29738196) - 标准、无损音质
[2026-05-03 10:45:14] 更新成功：Taylor Swift - Last Christmas (ID: 2002351) - 标准、无损音质
[2026-05-03 10:45:17] 更新成功：Russ - Psycho, Pt. 2 (ID: 440208643) - 标准、无损音质
[2026-05-03 10:45:19] 更新成功：Justin Bieber - Peaches (ID: 1830419924) - 标准、无损音质
[2026-05-03 10:45:21] 更新成功：宇多田ヒカル - Come Back To Me (ID: 1361336636) - 标准、无损音质
[2026-05-03 10:45:24] 更新成功：Cafuné - Tek It (ID: 1859556322) - 标准、无损音质
[2026-05-03 10:45:26] 更新成功：洪辰 - 我乘着风飞过来 (ID: 2116120347) - 标准、无损音质
[2026-05-03 10:45:29] 更新成功：南征北战NZBZ - 最美的期待 (ID: 862100828) - 标准、无损音质
[2026-05-03 10:45:31] 更新成功：G.E.M.邓紫棋 - 句号 (ID: 1405283464) - 标准、无损音质
[2026-05-03 10:45:33] 更新成功：Lady Gaga - The Cure (ID: 472045959) - 标准、无损音质
[2026-05-03 10:45:35] 更新成功：Dizzy Dizzo (蔡诗芸) - 雨过后的风景 (ID: 215382) - 标准、无损音质
[2026-05-03 10:45:38] 更新成功：A12 - 春娇与志明 街道办GDC / 欧阳耀莹 (ID: 2690846376) - 标准、无损音质
[2026-05-03 10:45:40] 更新成功：江辰 - 锈 (我们两个都拉过勾) (ID: 2648204040) - 标准、无损音质
[2026-05-03 10:45:42] 更新成功：林忆莲 - 至少还有你 (ID: 256621) - 标准、无损音质
[2026-05-03 10:45:44] 更新成功：穆祉丞 - Dreamin (ID: 2729743751) - 标准、无损音质
[2026-05-03 10:45:46] 更新成功：刘柏辛Lexie - Manta (ID: 1409329965) - 标准、无损音质
[2026-05-03 10:45:49] 更新成功：Keyshia Cole - Fallin' Out (ID: 25917315) - 标准、无损音质
[2026-05-03 10:45:51] 更新成功：Billie Eilish - Ocean Eyes (ID: 399343818) - 标准、无损音质
[2026-05-03 10:45:53] 更新成功：BoA - Only one (ID: 5341517) - 标准、无损音质
[2026-05-03 10:45:54] 更新完成：成功更新 26 首歌曲
[2026-05-03 10:59:51] 开始更新音乐URL...
[2026-05-03 10:59:51] 备份创建成功：backups/music_data_2026-05-03_10-59-51.json
[2026-05-03 10:59:54] 更新成功：JVKE - this is what winter feels like (ID: 2116728806) - 标准、无损音质
[2026-05-03 10:59:56] 更新成功：Justin Bieber - One Time (ID: 18638059) - 标准、无损音质
[2026-05-03 10:59:58] 更新成功：Ty. - 高，还没富，但帅 (ID: 482056804) - 标准、无损音质
[2026-05-03 11:00:00] 更新成功：Whitney Houston - Call You Tonight (ID: 19827042) - 标准、无损音质
[2026-05-03 11:00:04] 更新成功：Ailee - I NEED YOU (ID: 433018100) - 标准、无损音质
[2026-05-03 11:00:09] 更新成功：陈伟霆 - Love U 2 (ID: 70713) - 标准、无损音质
[2026-05-03 11:00:12] 更新成功：Trouble Maker - Trouble Maker (ID: 22843672) - 标准、无损音质
[2026-05-03 11:00:15] 更新成功：TFBOYS - 幸运符号 (ID: 29738196) - 标准、无损音质
[2026-05-03 11:00:17] 更新成功：Taylor Swift - Last Christmas (ID: 2002351) - 标准、无损音质
[2026-05-03 11:00:19] 更新成功：Russ - Psycho, Pt. 2 (ID: 440208643) - 标准、无损音质
[2026-05-03 11:00:22] 更新成功：Justin Bieber - Peaches (ID: 1830419924) - 标准、无损音质
[2026-05-03 11:00:25] 更新成功：宇多田ヒカル - Come Back To Me (ID: 1361336636) - 标准、无损音质
[2026-05-03 11:00:28] 更新成功：Cafuné - Tek It (ID: 1859556322) - 标准、无损音质
[2026-05-03 11:00:30] 更新成功：洪辰 - 我乘着风飞过来 (ID: 2116120347) - 标准、无损音质
[2026-05-03 11:00:33] 更新成功：南征北战NZBZ - 最美的期待 (ID: 862100828) - 标准、无损音质
[2026-05-03 11:00:35] 更新成功：G.E.M.邓紫棋 - 句号 (ID: 1405283464) - 标准、无损音质
[2026-05-03 11:00:37] 更新成功：Lady Gaga - The Cure (ID: 472045959) - 标准、无损音质
[2026-05-03 11:00:40] 更新成功：Dizzy Dizzo (蔡诗芸) - 雨过后的风景 (ID: 215382) - 标准、无损音质
[2026-05-03 11:00:42] 更新成功：A12 - 春娇与志明 街道办GDC / 欧阳耀莹 (ID: 2690846376) - 标准、无损音质
[2026-05-03 11:00:45] 更新成功：江辰 - 锈 (我们两个都拉过勾) (ID: 2648204040) - 标准、无损音质
[2026-05-03 11:00:47] 更新成功：林忆莲 - 至少还有你 (ID: 256621) - 标准、无损音质
[2026-05-03 11:00:50] 更新成功：穆祉丞 - Dreamin (ID: 2729743751) - 标准、无损音质
[2026-05-03 11:00:52] 更新成功：刘柏辛Lexie - Manta (ID: 1409329965) - 标准、无损音质
[2026-05-03 11:00:54] 更新成功：Keyshia Cole - Fallin' Out (ID: 25917315) - 标准、无损音质
[2026-05-03 11:00:57] 更新成功：Billie Eilish - Ocean Eyes (ID: 399343818) - 标准、无损音质
[2026-05-03 11:00:59] 更新成功：BoA - Only one (ID: 5341517) - 标准、无损音质
[2026-05-03 11:00:59] 更新完成：成功更新 26 首歌曲
[2026-05-03 11:14:51] 开始更新音乐URL...
[2026-05-03 11:14:51] 备份创建成功：backups/music_data_2026-05-03_11-14-51.json
[2026-05-03 11:14:56] 更新成功：JVKE - this is what winter feels like (ID: 2116728806) - 标准、无损音质
[2026-05-03 11:14:59] 更新成功：Justin Bieber - One Time (ID: 18638059) - 标准、无损音质
[2026-05-03 11:15:01] 更新成功：Ty. - 高，还没富，但帅 (ID: 482056804) - 标准、无损音质
[2026-05-03 11:15:04] 更新成功：Whitney Houston - Call You Tonight (ID: 19827042) - 标准、无损音质
[2026-05-03 11:15:06] 更新成功：Ailee - I NEED YOU (ID: 433018100) - 标准、无损音质
[2026-05-03 11:15:09] 更新成功：陈伟霆 - Love U 2 (ID: 70713) - 标准、无损音质
[2026-05-03 11:15:11] 更新成功：Trouble Maker - Trouble Maker (ID: 22843672) - 标准、无损音质
[2026-05-03 11:15:14] 更新成功：TFBOYS - 幸运符号 (ID: 29738196) - 标准、无损音质
[2026-05-03 11:15:16] 更新成功：Taylor Swift - Last Christmas (ID: 2002351) - 标准、无损音质
[2026-05-03 11:15:18] 更新成功：Russ - Psycho, Pt. 2 (ID: 440208643) - 标准、无损音质
[2026-05-03 11:15:21] 更新成功：Justin Bieber - Peaches (ID: 1830419924) - 标准、无损音质
[2026-05-03 11:15:23] 更新成功：宇多田ヒカル - Come Back To Me (ID: 1361336636) - 标准、无损音质
[2026-05-03 11:15:25] 更新成功：Cafuné - Tek It (ID: 1859556322) - 标准、无损音质
[2026-05-03 11:15:27] 更新成功：洪辰 - 我乘着风飞过来 (ID: 2116120347) - 标准、无损音质
[2026-05-03 11:15:29] 更新成功：南征北战NZBZ - 最美的期待 (ID: 862100828) - 标准、无损音质
[2026-05-03 11:15:32] 更新成功：G.E.M.邓紫棋 - 句号 (ID: 1405283464) - 标准、无损音质
[2026-05-03 11:15:34] 更新成功：Lady Gaga - The Cure (ID: 472045959) - 标准、无损音质
[2026-05-03 11:15:37] 更新成功：Dizzy Dizzo (蔡诗芸) - 雨过后的风景 (ID: 215382) - 标准、无损音质
[2026-05-03 11:15:39] 更新成功：A12 - 春娇与志明 街道办GDC / 欧阳耀莹 (ID: 2690846376) - 标准、无损音质
[2026-05-03 11:15:41] 更新成功：江辰 - 锈 (我们两个都拉过勾) (ID: 2648204040) - 标准、无损音质
[2026-05-03 11:15:43] 更新成功：林忆莲 - 至少还有你 (ID: 256621) - 标准、无损音质
[2026-05-03 11:15:46] 更新成功：穆祉丞 - Dreamin (ID: 2729743751) - 标准、无损音质
[2026-05-03 11:15:48] 更新成功：刘柏辛Lexie - Manta (ID: 1409329965) - 标准、无损音质
[2026-05-03 11:15:50] 更新成功：Keyshia Cole - Fallin' Out (ID: 25917315) - 标准、无损音质
[2026-05-03 11:15:52] 更新成功：Billie Eilish - Ocean Eyes (ID: 399343818) - 标准、无损音质
[2026-05-03 11:15:55] 更新成功：BoA - Only one (ID: 5341517) - 标准、无损音质
[2026-05-03 11:15:55] 更新完成：成功更新 26 首歌曲
[2026-05-03 11:29:51] 开始更新音乐URL...
[2026-05-03 11:29:51] 备份创建成功：backups/music_data_2026-05-03_11-29-51.json
[2026-05-03 11:29:55] 更新成功：Ty. - 高，还没富，但帅 (ID: 482056804) - 标准、无损音质
[2026-05-03 11:29:58] 更新成功：Whitney Houston - Call You Tonight (ID: 19827042) - 标准、无损音质
[2026-05-03 11:30:00] 更新成功：Ailee - I NEED YOU (ID: 433018100) - 标准、无损音质
[2026-05-03 11:30:02] 更新成功：陈伟霆 - Love U 2 (ID: 70713) - 标准、无损音质
[2026-05-03 11:30:04] 更新成功：Trouble Maker - Trouble Maker (ID: 22843672) - 标准、无损音质
[2026-05-03 11:30:06] 更新成功：TFBOYS - 幸运符号 (ID: 29738196) - 标准、无损音质
[2026-05-03 11:30:10] 更新成功：Justin Bieber - Peaches (ID: 1830419924) - 标准、无损音质
[2026-05-03 11:30:12] 更新成功：宇多田ヒカル - Come Back To Me (ID: 1361336636) - 标准、无损音质
[2026-05-03 11:30:15] 更新成功：Cafuné - Tek It (ID: 1859556322) - 标准、无损音质
[2026-05-03 11:30:17] 更新成功：洪辰 - 我乘着风飞过来 (ID: 2116120347) - 标准、无损音质
[2026-05-03 11:30:20] 更新成功：南征北战NZBZ - 最美的期待 (ID: 862100828) - 标准、无损音质
[2026-05-03 11:30:23] 更新成功：G.E.M.邓紫棋 - 句号 (ID: 1405283464) - 标准、无损音质
[2026-05-03 11:30:25] 更新成功：Lady Gaga - The Cure (ID: 472045959) - 标准、无损音质
[2026-05-03 11:30:28] 更新成功：Dizzy Dizzo (蔡诗芸) - 雨过后的风景 (ID: 215382) - 标准、无损音质
[2026-05-03 11:30:30] 更新成功：A12 - 春娇与志明 街道办GDC / 欧阳耀莹 (ID: 2690846376) - 标准、无损音质
[2026-05-03 11:30:33] 更新成功：江辰 - 锈 (我们两个都拉过勾) (ID: 2648204040) - 标准、无损音质
[2026-05-03 11:30:35] 更新成功：林忆莲 - 至少还有你 (ID: 256621) - 标准、无损音质
[2026-05-03 11:30:37] 更新成功：穆祉丞 - Dreamin (ID: 2729743751) - 标准、无损音质
[2026-05-03 11:30:40] 更新成功：刘柏辛Lexie - Manta (ID: 1409329965) - 标准、无损音质
[2026-05-03 11:30:42] 更新成功：Keyshia Cole - Fallin' Out (ID: 25917315) - 标准、无损音质
[2026-05-03 11:30:45] 更新成功：Billie Eilish - Ocean Eyes (ID: 399343818) - 标准、无损音质
[2026-05-03 11:30:45] 更新完成：成功更新 21 首歌曲
[2026-05-03 11:44:51] 开始更新音乐URL...
[2026-05-03 11:44:51] 备份创建成功：backups/music_data_2026-05-03_11-44-51.json
[2026-05-03 11:44:57] 更新成功：Ty. - 高，还没富，但帅 (ID: 482056804) - 标准、无损音质
[2026-05-03 11:44:59] 更新成功：Whitney Houston - Call You Tonight (ID: 19827042) - 标准、无损音质
[2026-05-03 11:45:02] 更新成功：Ailee - I NEED YOU (ID: 433018100) - 标准、无损音质
[2026-05-03 11:45:04] 更新成功：陈伟霆 - Love U 2 (ID: 70713) - 标准、无损音质
[2026-05-03 11:45:07] 更新成功：Trouble Maker - Trouble Maker (ID: 22843672) - 标准、无损音质
[2026-05-03 11:45:09] 更新成功：TFBOYS - 幸运符号 (ID: 29738196) - 标准、无损音质
[2026-05-03 11:45:12] 更新成功：Justin Bieber - Peaches (ID: 1830419924) - 标准、无损音质
[2026-05-03 11:45:14] 更新成功：宇多田ヒカル - Come Back To Me (ID: 1361336636) - 标准、无损音质
[2026-05-03 11:45:16] 更新成功：Cafuné - Tek It (ID: 1859556322) - 标准、无损音质
[2026-05-03 11:45:19] 更新成功：洪辰 - 我乘着风飞过来 (ID: 2116120347) - 标准、无损音质
[2026-05-03 11:45:21] 更新成功：南征北战NZBZ - 最美的期待 (ID: 862100828) - 标准、无损音质
[2026-05-03 11:45:23] 更新成功：G.E.M.邓紫棋 - 句号 (ID: 1405283464) - 标准、无损音质
[2026-05-03 11:45:26] 更新成功：Lady Gaga - The Cure (ID: 472045959) - 标准、无损音质
[2026-05-03 11:45:28] 更新成功：Dizzy Dizzo (蔡诗芸) - 雨过后的风景 (ID: 215382) - 标准、无损音质
[2026-05-03 11:45:30] 更新成功：A12 - 春娇与志明 街道办GDC / 欧阳耀莹 (ID: 2690846376) - 标准、无损音质
[2026-05-03 11:45:33] 更新成功：江辰 - 锈 (我们两个都拉过勾) (ID: 2648204040) - 标准、无损音质
[2026-05-03 11:45:35] 更新成功：林忆莲 - 至少还有你 (ID: 256621) - 标准、无损音质
[2026-05-03 11:45:37] 更新成功：穆祉丞 - Dreamin (ID: 2729743751) - 标准、无损音质
[2026-05-03 11:45:39] 更新成功：刘柏辛Lexie - Manta (ID: 1409329965) - 标准、无损音质
[2026-05-03 11:45:42] 更新成功：Keyshia Cole - Fallin' Out (ID: 25917315) - 标准、无损音质
[2026-05-03 11:45:44] 更新成功：Billie Eilish - Ocean Eyes (ID: 399343818) - 标准、无损音质
[2026-05-03 11:45:44] 更新完成：成功更新 21 首歌曲
[2026-05-03 11:59:51] 开始更新音乐URL...
[2026-05-03 11:59:51] 备份创建成功：backups/music_data_2026-05-03_11-59-51.json
[2026-05-03 11:59:57] 更新成功：Ty. - 高，还没富，但帅 (ID: 482056804) - 标准、无损音质
[2026-05-03 12:00:00] 更新成功：Whitney Houston - Call You Tonight (ID: 19827042) - 标准、无损音质
[2026-05-03 12:00:03] 更新成功：Ailee - I NEED YOU (ID: 433018100) - 标准、无损音质
[2026-05-03 12:00:06] 更新成功：陈伟霆 - Love U 2 (ID: 70713) - 标准、无损音质
[2026-05-03 12:00:10] 更新成功：Trouble Maker - Trouble Maker (ID: 22843672) - 标准、无损音质
[2026-05-03 12:00:14] 更新成功：TFBOYS - 幸运符号 (ID: 29738196) - 标准、无损音质
[2026-05-03 12:00:17] 更新成功：Justin Bieber - Peaches (ID: 1830419924) - 标准、无损音质
[2026-05-03 12:00:20] 更新成功：宇多田ヒカル - Come Back To Me (ID: 1361336636) - 标准、无损音质
[2026-05-03 12:00:24] 更新成功：Cafuné - Tek It (ID: 1859556322) - 标准、无损音质
[2026-05-03 12:00:26] 更新成功：洪辰 - 我乘着风飞过来 (ID: 2116120347) - 标准、无损音质
[2026-05-03 12:00:28] 更新成功：南征北战NZBZ - 最美的期待 (ID: 862100828) - 标准、无损音质
[2026-05-03 12:00:31] 更新成功：G.E.M.邓紫棋 - 句号 (ID: 1405283464) - 标准、无损音质
[2026-05-03 12:00:33] 更新成功：Lady Gaga - The Cure (ID: 472045959) - 标准、无损音质
[2026-05-03 12:00:36] 更新成功：Dizzy Dizzo (蔡诗芸) - 雨过后的风景 (ID: 215382) - 标准、无损音质
[2026-05-03 12:00:39] 更新成功：A12 - 春娇与志明 街道办GDC / 欧阳耀莹 (ID: 2690846376) - 标准、无损音质
[2026-05-03 12:00:43] 更新成功：江辰 - 锈 (我们两个都拉过勾) (ID: 2648204040) - 标准、无损音质
[2026-05-03 12:00:46] 更新成功：林忆莲 - 至少还有你 (ID: 256621) - 标准、无损音质
[2026-05-03 12:00:48] 更新成功：穆祉丞 - Dreamin (ID: 2729743751) - 标准、无损音质
[2026-05-03 12:00:51] 更新成功：刘柏辛Lexie - Manta (ID: 1409329965) - 标准、无损音质
[2026-05-03 12:00:53] 更新成功：Keyshia Cole - Fallin' Out (ID: 25917315) - 标准、无损音质
[2026-05-03 12:00:55] 更新成功：Billie Eilish - Ocean Eyes (ID: 399343818) - 标准、无损音质
[2026-05-03 12:00:56] 更新完成：成功更新 21 首歌曲
[2026-05-03 12:14:51] 开始更新音乐URL...
[2026-05-03 12:14:51] 备份创建成功：backups/music_data_2026-05-03_12-14-51.json
[2026-05-03 12:14:56] 更新成功：Ty. - 高，还没富，但帅 (ID: 482056804) - 标准、无损音质
[2026-05-03 12:14:58] 更新成功：Whitney Houston - Call You Tonight (ID: 19827042) - 标准、无损音质
[2026-05-03 12:15:01] 更新成功：Ailee - I NEED YOU (ID: 433018100) - 标准、无损音质
[2026-05-03 12:15:04] 更新成功：陈伟霆 - Love U 2 (ID: 70713) - 标准、无损音质
[2026-05-03 12:15:06] 更新成功：Trouble Maker - Trouble Maker (ID: 22843672) - 标准、无损音质
[2026-05-03 12:15:09] 更新成功：TFBOYS - 幸运符号 (ID: 29738196) - 标准、无损音质
[2026-05-03 12:15:11] 更新成功：Justin Bieber - Peaches (ID: 1830419924) - 标准、无损音质
[2026-05-03 12:15:13] 更新成功：宇多田ヒカル - Come Back To Me (ID: 1361336636) - 标准、无损音质
[2026-05-03 12:15:16] 更新成功：Cafuné - Tek It (ID: 1859556322) - 标准、无损音质
[2026-05-03 12:15:18] 更新成功：洪辰 - 我乘着风飞过来 (ID: 2116120347) - 标准、无损音质
[2026-05-03 12:15:21] 更新成功：南征北战NZBZ - 最美的期待 (ID: 862100828) - 标准、无损音质
[2026-05-03 12:15:23] 更新成功：G.E.M.邓紫棋 - 句号 (ID: 1405283464) - 标准、无损音质
[2026-05-03 12:15:25] 更新成功：Lady Gaga - The Cure (ID: 472045959) - 标准、无损音质
[2026-05-03 12:15:27] 更新成功：Dizzy Dizzo (蔡诗芸) - 雨过后的风景 (ID: 215382) - 标准、无损音质
[2026-05-03 12:15:29] 更新成功：A12 - 春娇与志明 街道办GDC / 欧阳耀莹 (ID: 2690846376) - 标准、无损音质
[2026-05-03 12:15:32] 更新成功：江辰 - 锈 (我们两个都拉过勾) (ID: 2648204040) - 标准、无损音质
[2026-05-03 12:15:34] 更新成功：林忆莲 - 至少还有你 (ID: 256621) - 标准、无损音质
[2026-05-03 12:15:36] 更新成功：穆祉丞 - Dreamin (ID: 2729743751) - 标准、无损音质
[2026-05-03 12:15:38] 更新成功：刘柏辛Lexie - Manta (ID: 1409329965) - 标准、无损音质
[2026-05-03 12:15:41] 更新成功：Keyshia Cole - Fallin' Out (ID: 25917315) - 标准、无损音质
[2026-05-03 12:15:44] 更新成功：Billie Eilish - Ocean Eyes (ID: 399343818) - 标准、无损音质
[2026-05-03 12:15:45] 更新完成：成功更新 21 首歌曲
[2026-05-03 12:29:51] 开始更新音乐URL...
[2026-05-03 12:29:51] 备份创建成功：backups/music_data_2026-05-03_12-29-51.json
[2026-05-03 12:29:54] 更新成功：Ty. - 高，还没富，但帅 (ID: 482056804) - 标准、无损音质
[2026-05-03 12:29:56] 更新成功：Whitney Houston - Call You Tonight (ID: 19827042) - 标准、无损音质
[2026-05-03 12:29:59] 更新成功：Ailee - I NEED YOU (ID: 433018100) - 标准、无损音质
[2026-05-03 12:30:01] 更新成功：陈伟霆 - Love U 2 (ID: 70713) - 标准、无损音质
[2026-05-03 12:30:03] 更新成功：Trouble Maker - Trouble Maker (ID: 22843672) - 标准、无损音质
[2026-05-03 12:30:06] 更新成功：TFBOYS - 幸运符号 (ID: 29738196) - 标准、无损音质
[2026-05-03 12:30:08] 更新成功：Justin Bieber - Peaches (ID: 1830419924) - 标准、无损音质
[2026-05-03 12:30:10] 更新成功：宇多田ヒカル - Come Back To Me (ID: 1361336636) - 标准、无损音质
[2026-05-03 12:30:13] 更新成功：Cafuné - Tek It (ID: 1859556322) - 标准、无损音质
[2026-05-03 12:30:15] 更新成功：洪辰 - 我乘着风飞过来 (ID: 2116120347) - 标准、无损音质
[2026-05-03 12:30:18] 更新成功：南征北战NZBZ - 最美的期待 (ID: 862100828) - 标准、无损音质
[2026-05-03 12:30:20] 更新成功：G.E.M.邓紫棋 - 句号 (ID: 1405283464) - 标准、无损音质
[2026-05-03 12:30:22] 更新成功：Lady Gaga - The Cure (ID: 472045959) - 标准、无损音质
[2026-05-03 12:30:25] 更新成功：Dizzy Dizzo (蔡诗芸) - 雨过后的风景 (ID: 215382) - 标准、无损音质
[2026-05-03 12:30:28] 更新成功：A12 - 春娇与志明 街道办GDC / 欧阳耀莹 (ID: 2690846376) - 标准、无损音质
[2026-05-03 12:30:41] 更新成功：江辰 - 锈 (我们两个都拉过勾) (ID: 2648204040) - 无损音质
[2026-05-03 12:31:20] 更新失败：林忆莲 - 至少还有你 (ID: 256621) - 所有音质获取失败
[2026-05-03 12:31:33] 更新成功：穆祉丞 - Dreamin (ID: 2729743751) - 无损音质
[2026-05-03 12:31:35] 更新成功：刘柏辛Lexie - Manta (ID: 1409329965) - 标准、无损音质
[2026-05-03 12:31:38] 更新成功：Keyshia Cole - Fallin' Out (ID: 25917315) - 标准、无损音质
[2026-05-03 12:31:40] 更新成功：Billie Eilish - Ocean Eyes (ID: 399343818) - 标准、无损音质
[2026-05-03 12:31:41] 更新完成：成功更新 20 首歌曲，1 首歌曲更新失败
[2026-05-03 12:44:51] 开始更新音乐URL...
[2026-05-03 12:44:51] 备份创建成功：backups/music_data_2026-05-03_12-44-51.json
[2026-05-03 12:44:57] 更新成功：Ty. - 高，还没富，但帅 (ID: 482056804) - 标准、无损音质
[2026-05-03 12:45:00] 更新成功：Whitney Houston - Call You Tonight (ID: 19827042) - 标准、无损音质
[2026-05-03 12:45:02] 更新成功：Ailee - I NEED YOU (ID: 433018100) - 标准、无损音质
[2026-05-03 12:45:05] 更新成功：陈伟霆 - Love U 2 (ID: 70713) - 标准、无损音质
[2026-05-03 12:45:08] 更新成功：Trouble Maker - Trouble Maker (ID: 22843672) - 标准、无损音质
[2026-05-03 12:45:10] 更新成功：TFBOYS - 幸运符号 (ID: 29738196) - 标准、无损音质
[2026-05-03 12:45:12] 更新成功：Justin Bieber - Peaches (ID: 1830419924) - 标准、无损音质
[2026-05-03 12:45:15] 更新成功：宇多田ヒカル - Come Back To Me (ID: 1361336636) - 标准、无损音质
[2026-05-03 12:45:17] 更新成功：Cafuné - Tek It (ID: 1859556322) - 标准、无损音质
[2026-05-03 12:45:19] 更新成功：洪辰 - 我乘着风飞过来 (ID: 2116120347) - 标准、无损音质
[2026-05-03 12:45:22] 更新成功：南征北战NZBZ - 最美的期待 (ID: 862100828) - 标准、无损音质
[2026-05-03 12:45:25] 更新成功：G.E.M.邓紫棋 - 句号 (ID: 1405283464) - 标准、无损音质
[2026-05-03 12:45:27] 更新成功：Lady Gaga - The Cure (ID: 472045959) - 标准、无损音质
[2026-05-03 12:45:29] 更新成功：Dizzy Dizzo (蔡诗芸) - 雨过后的风景 (ID: 215382) - 标准、无损音质
[2026-05-03 12:45:31] 更新成功：A12 - 春娇与志明 街道办GDC / 欧阳耀莹 (ID: 2690846376) - 标准、无损音质
[2026-05-03 12:45:34] 更新成功：江辰 - 锈 (我们两个都拉过勾) (ID: 2648204040) - 标准、无损音质
[2026-05-03 12:45:36] 更新成功：林忆莲 - 至少还有你 (ID: 256621) - 标准、无损音质
[2026-05-03 12:45:38] 更新成功：穆祉丞 - Dreamin (ID: 2729743751) - 标准、无损音质
[2026-05-03 12:45:40] 更新成功：刘柏辛Lexie - Manta (ID: 1409329965) - 标准、无损音质
[2026-05-03 12:45:43] 更新成功：Keyshia Cole - Fallin' Out (ID: 25917315) - 标准、无损音质
[2026-05-03 12:45:45] 更新成功：Billie Eilish - Ocean Eyes (ID: 399343818) - 标准、无损音质
[2026-05-03 12:45:45] 更新完成：成功更新 21 首歌曲
[2026-05-03 12:59:52] 开始更新音乐URL...
[2026-05-03 12:59:52] 备份创建成功：backups/music_data_2026-05-03_12-59-52.json
[2026-05-03 12:59:58] 更新成功：Ty. - 高，还没富，但帅 (ID: 482056804) - 标准、无损音质
[2026-05-03 13:00:01] 更新成功：Whitney Houston - Call You Tonight (ID: 19827042) - 标准、无损音质
[2026-05-03 13:00:04] 更新成功：Ailee - I NEED YOU (ID: 433018100) - 标准、无损音质
[2026-05-03 13:00:08] 更新成功：陈伟霆 - Love U 2 (ID: 70713) - 标准、无损音质
[2026-05-03 13:00:11] 更新成功：Trouble Maker - Trouble Maker (ID: 22843672) - 标准、无损音质
[2026-05-03 13:00:14] 更新成功：TFBOYS - 幸运符号 (ID: 29738196) - 标准、无损音质
[2026-05-03 13:00:17] 更新成功：Justin Bieber - Peaches (ID: 1830419924) - 标准、无损音质
[2026-05-03 13:00:19] 更新成功：宇多田ヒカル - Come Back To Me (ID: 1361336636) - 标准、无损音质
[2026-05-03 13:00:22] 更新成功：Cafuné - Tek It (ID: 1859556322) - 标准、无损音质
[2026-05-03 13:00:24] 更新成功：洪辰 - 我乘着风飞过来 (ID: 2116120347) - 标准、无损音质
[2026-05-03 13:00:26] 更新成功：南征北战NZBZ - 最美的期待 (ID: 862100828) - 标准、无损音质
[2026-05-03 13:00:29] 更新成功：G.E.M.邓紫棋 - 句号 (ID: 1405283464) - 标准、无损音质
[2026-05-03 13:00:31] 更新成功：Lady Gaga - The Cure (ID: 472045959) - 标准、无损音质
[2026-05-03 13:00:34] 更新成功：Dizzy Dizzo (蔡诗芸) - 雨过后的风景 (ID: 215382) - 标准、无损音质
[2026-05-03 13:00:36] 更新成功：A12 - 春娇与志明 街道办GDC / 欧阳耀莹 (ID: 2690846376) - 标准、无损音质
[2026-05-03 13:00:39] 更新成功：江辰 - 锈 (我们两个都拉过勾) (ID: 2648204040) - 标准、无损音质
[2026-05-03 13:00:41] 更新成功：林忆莲 - 至少还有你 (ID: 256621) - 标准、无损音质
[2026-05-03 13:00:43] 更新成功：穆祉丞 - Dreamin (ID: 2729743751) - 标准、无损音质
[2026-05-03 13:00:45] 更新成功：刘柏辛Lexie - Manta (ID: 1409329965) - 标准、无损音质
[2026-05-03 13:00:47] 更新成功：Keyshia Cole - Fallin' Out (ID: 25917315) - 标准、无损音质
[2026-05-03 13:00:50] 更新成功：Billie Eilish - Ocean Eyes (ID: 399343818) - 标准、无损音质
[2026-05-03 13:00:50] 更新完成：成功更新 21 首歌曲
[2026-05-03 13:14:51] 开始更新音乐URL...
[2026-05-03 13:14:51] 备份创建成功：backups/music_data_2026-05-03_13-14-51.json
[2026-05-03 13:14:55] 更新成功：Ty. - 高，还没富，但帅 (ID: 482056804) - 标准、无损音质
[2026-05-03 13:14:57] 更新成功：Whitney Houston - Call You Tonight (ID: 19827042) - 标准、无损音质
[2026-05-03 13:14:59] 更新成功：Ailee - I NEED YOU (ID: 433018100) - 标准、无损音质
[2026-05-03 13:15:02] 更新成功：陈伟霆 - Love U 2 (ID: 70713) - 标准、无损音质
[2026-05-03 13:15:04] 更新成功：Trouble Maker - Trouble Maker (ID: 22843672) - 标准、无损音质
[2026-05-03 13:15:07] 更新成功：TFBOYS - 幸运符号 (ID: 29738196) - 标准、无损音质
[2026-05-03 13:15:09] 更新成功：Justin Bieber - Peaches (ID: 1830419924) - 标准、无损音质
[2026-05-03 13:15:12] 更新成功：宇多田ヒカル - Come Back To Me (ID: 1361336636) - 标准、无损音质
[2026-05-03 13:15:14] 更新成功：Cafuné - Tek It (ID: 1859556322) - 标准、无损音质
[2026-05-03 13:15:16] 更新成功：洪辰 - 我乘着风飞过来 (ID: 2116120347) - 标准、无损音质
[2026-05-03 13:15:19] 更新成功：南征北战NZBZ - 最美的期待 (ID: 862100828) - 标准、无损音质
[2026-05-03 13:15:21] 更新成功：G.E.M.邓紫棋 - 句号 (ID: 1405283464) - 标准、无损音质
[2026-05-03 13:15:23] 更新成功：Lady Gaga - The Cure (ID: 472045959) - 标准、无损音质
[2026-05-03 13:15:26] 更新成功：Dizzy Dizzo (蔡诗芸) - 雨过后的风景 (ID: 215382) - 标准、无损音质
[2026-05-03 13:15:28] 更新成功：A12 - 春娇与志明 街道办GDC / 欧阳耀莹 (ID: 2690846376) - 标准、无损音质
[2026-05-03 13:15:30] 更新成功：江辰 - 锈 (我们两个都拉过勾) (ID: 2648204040) - 标准、无损音质
[2026-05-03 13:15:33] 更新成功：林忆莲 - 至少还有你 (ID: 256621) - 标准、无损音质
[2026-05-03 13:15:35] 更新成功：穆祉丞 - Dreamin (ID: 2729743751) - 标准、无损音质
[2026-05-03 13:15:37] 更新成功：刘柏辛Lexie - Manta (ID: 1409329965) - 标准、无损音质
[2026-05-03 13:15:39] 更新成功：Keyshia Cole - Fallin' Out (ID: 25917315) - 标准、无损音质
[2026-05-03 13:15:42] 更新成功：Billie Eilish - Ocean Eyes (ID: 399343818) - 标准、无损音质
[2026-05-03 13:15:42] 更新完成：成功更新 21 首歌曲
[2026-05-03 13:29:51] 开始更新音乐URL...
[2026-05-03 13:29:51] 备份创建成功：backups/music_data_2026-05-03_13-29-51.json
[2026-05-03 13:29:57] 更新成功：Ty. - 高，还没富，但帅 (ID: 482056804) - 无损音质
[2026-05-03 13:30:00] 更新成功：Whitney Houston - Call You Tonight (ID: 19827042) - 标准、无损音质
[2026-05-03 13:30:02] 更新成功：Ailee - I NEED YOU (ID: 433018100) - 标准、无损音质
[2026-05-03 13:30:04] 更新成功：陈伟霆 - Love U 2 (ID: 70713) - 标准、无损音质
[2026-05-03 13:30:06] 更新成功：Trouble Maker - Trouble Maker (ID: 22843672) - 标准、无损音质
[2026-05-03 13:30:09] 更新成功：TFBOYS - 幸运符号 (ID: 29738196) - 标准、无损音质
[2026-05-03 13:30:11] 更新成功：Justin Bieber - Peaches (ID: 1830419924) - 标准、无损音质
[2026-05-03 13:30:14] 更新成功：宇多田ヒカル - Come Back To Me (ID: 1361336636) - 标准、无损音质
[2026-05-03 13:30:16] 更新成功：Cafuné - Tek It (ID: 1859556322) - 标准、无损音质
[2026-05-03 13:30:18] 更新成功：洪辰 - 我乘着风飞过来 (ID: 2116120347) - 标准、无损音质
[2026-05-03 13:30:20] 更新成功：南征北战NZBZ - 最美的期待 (ID: 862100828) - 标准、无损音质
[2026-05-03 13:30:23] 更新成功：Lady Gaga - The Cure (ID: 472045959) - 标准、无损音质
[2026-05-03 13:30:25] 更新成功：Dizzy Dizzo (蔡诗芸) - 雨过后的风景 (ID: 215382) - 标准、无损音质
[2026-05-03 13:30:28] 更新成功：林忆莲 - 至少还有你 (ID: 256621) - 标准、无损音质
[2026-05-03 13:30:30] 更新成功：穆祉丞 - Dreamin (ID: 2729743751) - 标准、无损音质
[2026-05-03 13:30:32] 更新成功：刘柏辛Lexie - Manta (ID: 1409329965) - 标准、无损音质
[2026-05-03 13:30:35] 更新成功：Keyshia Cole - Fallin' Out (ID: 25917315) - 标准、无损音质
[2026-05-03 13:30:37] 更新成功：Billie Eilish - Ocean Eyes (ID: 399343818) - 标准、无损音质
[2026-05-03 13:30:38] 更新完成：成功更新 18 首歌曲
[2026-05-03 13:44:51] 开始更新音乐URL...
[2026-05-03 13:44:51] 备份创建成功：backups/music_data_2026-05-03_13-44-51.json
[2026-05-03 13:44:53] 更新成功：Ty. - 高，还没富，但帅 (ID: 482056804) - 标准、无损音质
[2026-05-03 13:44:55] 更新成功：Whitney Houston - Call You Tonight (ID: 19827042) - 标准、无损音质
[2026-05-03 13:44:57] 更新成功：Ailee - I NEED YOU (ID: 433018100) - 标准、无损音质
[2026-05-03 13:45:00] 更新成功：陈伟霆 - Love U 2 (ID: 70713) - 标准、无损音质
[2026-05-03 13:45:02] 更新成功：Trouble Maker - Trouble Maker (ID: 22843672) - 标准、无损音质
[2026-05-03 13:45:04] 更新成功：TFBOYS - 幸运符号 (ID: 29738196) - 标准、无损音质
[2026-05-03 13:45:07] 更新成功：Justin Bieber - Peaches (ID: 1830419924) - 标准、无损音质
[2026-05-03 13:45:09] 更新成功：宇多田ヒカル - Come Back To Me (ID: 1361336636) - 标准、无损音质
[2026-05-03 13:45:12] 更新成功：Cafuné - Tek It (ID: 1859556322) - 标准、无损音质
[2026-05-03 13:45:14] 更新成功：洪辰 - 我乘着风飞过来 (ID: 2116120347) - 标准、无损音质
[2026-05-03 13:45:16] 更新成功：南征北战NZBZ - 最美的期待 (ID: 862100828) - 标准、无损音质
[2026-05-03 13:45:20] 更新成功：Lady Gaga - The Cure (ID: 472045959) - 标准、无损音质
[2026-05-03 13:45:22] 更新成功：Dizzy Dizzo (蔡诗芸) - 雨过后的风景 (ID: 215382) - 标准、无损音质
[2026-05-03 13:45:25] 更新成功：林忆莲 - 至少还有你 (ID: 256621) - 标准、无损音质
[2026-05-03 13:45:27] 更新成功：穆祉丞 - Dreamin (ID: 2729743751) - 标准、无损音质
[2026-05-03 13:45:30] 更新成功：刘柏辛Lexie - Manta (ID: 1409329965) - 标准、无损音质
[2026-05-03 13:45:32] 更新成功：Keyshia Cole - Fallin' Out (ID: 25917315) - 标准、无损音质
[2026-05-03 13:45:34] 更新成功：Billie Eilish - Ocean Eyes (ID: 399343818) - 标准、无损音质
[2026-05-03 13:45:35] 更新完成：成功更新 18 首歌曲
[2026-05-03 13:59:55] 开始更新音乐URL...
[2026-05-03 13:59:55] 备份创建成功：backups/music_data_2026-05-03_13-59-55.json
[2026-05-03 13:59:58] 更新成功：Ty. - 高，还没富，但帅 (ID: 482056804) - 标准、无损音质
[2026-05-03 14:00:00] 更新成功：Whitney Houston - Call You Tonight (ID: 19827042) - 标准、无损音质
[2026-05-03 14:00:03] 更新成功：Ailee - I NEED YOU (ID: 433018100) - 标准、无损音质
[2026-05-03 14:00:06] 更新成功：陈伟霆 - Love U 2 (ID: 70713) - 标准、无损音质
[2026-05-03 14:00:09] 更新成功：Trouble Maker - Trouble Maker (ID: 22843672) - 标准、无损音质
[2026-05-03 14:00:12] 更新成功：TFBOYS - 幸运符号 (ID: 29738196) - 标准、无损音质
[2026-05-03 14:00:14] 更新成功：Justin Bieber - Peaches (ID: 1830419924) - 标准、无损音质
[2026-05-03 14:00:17] 更新成功：宇多田ヒカル - Come Back To Me (ID: 1361336636) - 标准、无损音质
[2026-05-03 14:00:20] 更新成功：Cafuné - Tek It (ID: 1859556322) - 标准、无损音质
[2026-05-03 14:00:27] 更新成功：洪辰 - 我乘着风飞过来 (ID: 2116120347) - 无损音质
[2026-05-03 14:00:29] 更新成功：南征北战NZBZ - 最美的期待 (ID: 862100828) - 标准、无损音质
[2026-05-03 14:00:32] 更新成功：Lady Gaga - The Cure (ID: 472045959) - 标准、无损音质
[2026-05-03 14:00:35] 更新成功：Dizzy Dizzo (蔡诗芸) - 雨过后的风景 (ID: 215382) - 标准、无损音质
[2026-05-03 14:00:39] 更新成功：林忆莲 - 至少还有你 (ID: 256621) - 标准、无损音质
[2026-05-03 14:00:43] 更新成功：穆祉丞 - Dreamin (ID: 2729743751) - 标准、无损音质
[2026-05-03 14:00:48] 更新成功：刘柏辛Lexie - Manta (ID: 1409329965) - 标准、无损音质
[2026-05-03 14:00:53] 更新成功：Keyshia Cole - Fallin' Out (ID: 25917315) - 标准、无损音质
[2026-05-03 14:00:56] 更新成功：Billie Eilish - Ocean Eyes (ID: 399343818) - 标准、无损音质
[2026-05-03 14:00:56] 更新完成：成功更新 18 首歌曲
[2026-05-03 14:14:52] 开始更新音乐URL...
[2026-05-03 14:14:52] 备份创建成功：backups/music_data_2026-05-03_14-14-52.json
[2026-05-03 14:14:57] 更新成功：Ty. - 高，还没富，但帅 (ID: 482056804) - 标准、无损音质
[2026-05-03 14:15:00] 更新成功：Whitney Houston - Call You Tonight (ID: 19827042) - 标准、无损音质
[2026-05-03 14:15:02] 更新成功：Ailee - I NEED YOU (ID: 433018100) - 标准、无损音质
[2026-05-03 14:15:05] 更新成功：陈伟霆 - Love U 2 (ID: 70713) - 标准、无损音质
[2026-05-03 14:15:07] 更新成功：Trouble Maker - Trouble Maker (ID: 22843672) - 标准、无损音质
[2026-05-03 14:15:10] 更新成功：TFBOYS - 幸运符号 (ID: 29738196) - 标准、无损音质
[2026-05-03 14:15:12] 更新成功：Justin Bieber - Peaches (ID: 1830419924) - 标准、无损音质
[2026-05-03 14:15:14] 更新成功：宇多田ヒカル - Come Back To Me (ID: 1361336636) - 标准、无损音质
[2026-05-03 14:15:17] 更新成功：Cafuné - Tek It (ID: 1859556322) - 标准、无损音质
[2026-05-03 14:15:19] 更新成功：洪辰 - 我乘着风飞过来 (ID: 2116120347) - 标准、无损音质
[2026-05-03 14:15:21] 更新成功：南征北战NZBZ - 最美的期待 (ID: 862100828) - 标准、无损音质
[2026-05-03 14:15:24] 更新成功：Lady Gaga - The Cure (ID: 472045959) - 标准、无损音质
[2026-05-03 14:15:26] 更新成功：Dizzy Dizzo (蔡诗芸) - 雨过后的风景 (ID: 215382) - 标准、无损音质
[2026-05-03 14:15:28] 更新成功：林忆莲 - 至少还有你 (ID: 256621) - 标准、无损音质
[2026-05-03 14:15:31] 更新成功：穆祉丞 - Dreamin (ID: 2729743751) - 标准、无损音质
[2026-05-03 14:15:33] 更新成功：刘柏辛Lexie - Manta (ID: 1409329965) - 标准、无损音质
[2026-05-03 14:15:35] 更新成功：Keyshia Cole - Fallin' Out (ID: 25917315) - 标准、无损音质
[2026-05-03 14:15:37] 更新成功：Billie Eilish - Ocean Eyes (ID: 399343818) - 标准、无损音质
[2026-05-03 14:15:38] 更新完成：成功更新 18 首歌曲
[2026-05-03 14:29:51] 开始更新音乐URL...
[2026-05-03 14:29:51] 备份创建成功：backups/music_data_2026-05-03_14-29-51.json
[2026-05-03 14:30:08] 更新失败：方大同 - 春风吹 (ID: 28029097) - 所有音质获取失败
[2026-05-03 14:30:20] 更新失败：G.E.M.邓紫棋 - 差不多姑娘 (ID: 1379444316) - 所有音质获取失败
[2026-05-03 14:30:31] 更新失败：Ty. - 高，还没富，但帅 (ID: 482056804) - 所有音质获取失败
[2026-05-03 14:30:35] 更新成功：Whitney Houston - Call You Tonight (ID: 19827042) - 标准、无损音质
[2026-05-03 14:30:38] 更新成功：Ailee - I NEED YOU (ID: 433018100) - 标准、无损音质
[2026-05-03 14:30:41] 更新成功：陈伟霆 - Love U 2 (ID: 70713) - 标准、无损音质
[2026-05-03 14:30:46] 更新成功：Trouble Maker - Trouble Maker (ID: 22843672) - 标准、无损音质
[2026-05-03 14:30:48] 更新成功：TFBOYS - 幸运符号 (ID: 29738196) - 标准、无损音质
[2026-05-03 14:30:50] 更新成功：Justin Bieber - Peaches (ID: 1830419924) - 标准、无损音质
[2026-05-03 14:30:52] 更新成功：宇多田ヒカル - Come Back To Me (ID: 1361336636) - 标准、无损音质
[2026-05-03 14:30:55] 更新成功：Cafuné - Tek It (ID: 1859556322) - 标准、无损音质
[2026-05-03 14:30:57] 更新成功：洪辰 - 我乘着风飞过来 (ID: 2116120347) - 标准、无损音质
[2026-05-03 14:30:59] 更新成功：南征北战NZBZ - 最美的期待 (ID: 862100828) - 标准、无损音质
[2026-05-03 14:31:01] 更新成功：Lady Gaga - The Cure (ID: 472045959) - 标准、无损音质
[2026-05-03 14:31:03] 更新成功：Dizzy Dizzo (蔡诗芸) - 雨过后的风景 (ID: 215382) - 标准、无损音质
[2026-05-03 14:31:05] 更新成功：林忆莲 - 至少还有你 (ID: 256621) - 标准、无损音质
[2026-05-03 14:31:08] 更新成功：穆祉丞 - Dreamin (ID: 2729743751) - 标准、无损音质
[2026-05-03 14:31:11] 更新成功：刘柏辛Lexie - Manta (ID: 1409329965) - 标准、无损音质
[2026-05-03 14:31:13] 更新成功：Keyshia Cole - Fallin' Out (ID: 25917315) - 标准、无损音质
[2026-05-03 14:31:17] 更新成功：Billie Eilish - Ocean Eyes (ID: 399343818) - 标准、无损音质
[2026-05-03 14:31:18] 更新完成：成功更新 17 首歌曲，3 首歌曲更新失败
[2026-05-03 14:44:51] 开始更新音乐URL...
[2026-05-03 14:44:51] 备份创建成功：backups/music_data_2026-05-03_14-44-51.json
[2026-05-03 14:44:57] 更新成功：徐良 - 坏女孩 (ID: 174956) - 标准、无损音质
[2026-05-03 14:45:00] 更新成功：方大同 - 春风吹 (ID: 28029097) - 标准、无损音质
[2026-05-03 14:45:04] 更新成功：G.E.M.邓紫棋 - 差不多姑娘 (ID: 1379444316) - 标准、无损音质
[2026-05-03 14:45:06] 更新成功：Ty. - 高，还没富，但帅 (ID: 482056804) - 标准、无损音质
[2026-05-03 14:45:08] 更新成功：Whitney Houston - Call You Tonight (ID: 19827042) - 标准、无损音质
[2026-05-03 14:45:10] 更新成功：Ailee - I NEED YOU (ID: 433018100) - 标准、无损音质
[2026-05-03 14:45:13] 更新成功：陈伟霆 - Love U 2 (ID: 70713) - 标准、无损音质
[2026-05-03 14:45:15] 更新成功：Trouble Maker - Trouble Maker (ID: 22843672) - 标准、无损音质
[2026-05-03 14:45:18] 更新成功：TFBOYS - 幸运符号 (ID: 29738196) - 标准、无损音质
[2026-05-03 14:45:20] 更新成功：Justin Bieber - Peaches (ID: 1830419924) - 标准、无损音质
[2026-05-03 14:45:24] 更新成功：宇多田ヒカル - Come Back To Me (ID: 1361336636) - 标准、无损音质
[2026-05-03 14:45:26] 更新成功：Cafuné - Tek It (ID: 1859556322) - 标准、无损音质
[2026-05-03 14:45:29] 更新成功：洪辰 - 我乘着风飞过来 (ID: 2116120347) - 标准、无损音质
[2026-05-03 14:45:31] 更新成功：南征北战NZBZ - 最美的期待 (ID: 862100828) - 标准、无损音质
[2026-05-03 14:45:33] 更新成功：Lady Gaga - The Cure (ID: 472045959) - 标准、无损音质
[2026-05-03 14:45:35] 更新成功：Dizzy Dizzo (蔡诗芸) - 雨过后的风景 (ID: 215382) - 标准、无损音质
[2026-05-03 14:45:38] 更新成功：林忆莲 - 至少还有你 (ID: 256621) - 标准、无损音质
[2026-05-03 14:45:40] 更新成功：穆祉丞 - Dreamin (ID: 2729743751) - 标准、无损音质
[2026-05-03 14:45:42] 更新成功：刘柏辛Lexie - Manta (ID: 1409329965) - 标准、无损音质
[2026-05-03 14:45:44] 更新成功：Keyshia Cole - Fallin' Out (ID: 25917315) - 标准、无损音质
[2026-05-03 14:45:47] 更新成功：Billie Eilish - Ocean Eyes (ID: 399343818) - 标准、无损音质
[2026-05-03 14:45:47] 更新完成：成功更新 21 首歌曲
[2026-05-03 14:59:51] 开始更新音乐URL...
[2026-05-03 14:59:51] 备份创建成功：backups/music_data_2026-05-03_14-59-51.json
[2026-05-03 14:59:55] 更新成功：徐良 - 坏女孩 (ID: 174956) - 标准、无损音质
[2026-05-03 14:59:57] 更新成功：方大同 - 春风吹 (ID: 28029097) - 标准、无损音质
[2026-05-03 15:00:00] 更新成功：G.E.M.邓紫棋 - 差不多姑娘 (ID: 1379444316) - 标准、无损音质
[2026-05-03 15:00:03] 更新成功：Ty. - 高，还没富，但帅 (ID: 482056804) - 标准、无损音质
[2026-05-03 15:00:06] 更新成功：Whitney Houston - Call You Tonight (ID: 19827042) - 标准、无损音质
[2026-05-03 15:00:09] 更新成功：Ailee - I NEED YOU (ID: 433018100) - 标准、无损音质
[2026-05-03 15:00:12] 更新成功：陈伟霆 - Love U 2 (ID: 70713) - 标准、无损音质
[2026-05-03 15:00:15] 更新成功：Trouble Maker - Trouble Maker (ID: 22843672) - 标准、无损音质
[2026-05-03 15:00:18] 更新成功：TFBOYS - 幸运符号 (ID: 29738196) - 标准、无损音质
[2026-05-03 15:00:20] 更新成功：Justin Bieber - Peaches (ID: 1830419924) - 标准、无损音质
[2026-05-03 15:00:23] 更新成功：宇多田ヒカル - Come Back To Me (ID: 1361336636) - 标准、无损音质
[2026-05-03 15:00:25] 更新成功：Cafuné - Tek It (ID: 1859556322) - 标准、无损音质
[2026-05-03 15:00:27] 更新成功：洪辰 - 我乘着风飞过来 (ID: 2116120347) - 标准、无损音质
[2026-05-03 15:00:29] 更新成功：南征北战NZBZ - 最美的期待 (ID: 862100828) - 标准、无损音质
[2026-05-03 15:00:32] 更新成功：Lady Gaga - The Cure (ID: 472045959) - 标准、无损音质
[2026-05-03 15:00:34] 更新成功：Dizzy Dizzo (蔡诗芸) - 雨过后的风景 (ID: 215382) - 标准、无损音质
[2026-05-03 15:00:37] 更新成功：林忆莲 - 至少还有你 (ID: 256621) - 标准、无损音质
[2026-05-03 15:00:39] 更新成功：穆祉丞 - Dreamin (ID: 2729743751) - 标准、无损音质
[2026-05-03 15:00:41] 更新成功：刘柏辛Lexie - Manta (ID: 1409329965) - 标准、无损音质
[2026-05-03 15:00:44] 更新成功：Keyshia Cole - Fallin' Out (ID: 25917315) - 标准、无损音质
[2026-05-03 15:00:46] 更新成功：Billie Eilish - Ocean Eyes (ID: 399343818) - 标准、无损音质
[2026-05-03 15:00:48] 更新成功：G.E.M.邓紫棋 - 多远都要在一起 (ID: 30612793) - 标准、无损音质
[2026-05-03 15:00:50] 更新成功：许嵩 - 有何不可 (ID: 167876) - 标准、无损音质
[2026-05-03 15:00:51] 更新完成：成功更新 23 首歌曲
[2026-05-03 15:14:51] 开始更新音乐URL...
[2026-05-03 15:14:51] 备份创建成功：backups/music_data_2026-05-03_15-14-51.json
[2026-05-03 15:14:55] 更新成功：徐良 - 坏女孩 (ID: 174956) - 标准、无损音质
[2026-05-03 15:14:58] 更新成功：方大同 - 春风吹 (ID: 28029097) - 标准、无损音质
[2026-05-03 15:15:00] 更新成功：G.E.M.邓紫棋 - 差不多姑娘 (ID: 1379444316) - 标准、无损音质
[2026-05-03 15:15:04] 更新成功：Ty. - 高，还没富，但帅 (ID: 482056804) - 标准、无损音质
[2026-05-03 15:15:06] 更新成功：Whitney Houston - Call You Tonight (ID: 19827042) - 标准、无损音质
[2026-05-03 15:15:08] 更新成功：Ailee - I NEED YOU (ID: 433018100) - 标准、无损音质
[2026-05-03 15:15:10] 更新成功：陈伟霆 - Love U 2 (ID: 70713) - 标准、无损音质
[2026-05-03 15:15:13] 更新成功：Trouble Maker - Trouble Maker (ID: 22843672) - 标准、无损音质
[2026-05-03 15:15:15] 更新成功：TFBOYS - 幸运符号 (ID: 29738196) - 标准、无损音质
[2026-05-03 15:15:18] 更新成功：Justin Bieber - Peaches (ID: 1830419924) - 标准、无损音质
[2026-05-03 15:15:20] 更新成功：宇多田ヒカル - Come Back To Me (ID: 1361336636) - 标准、无损音质
[2026-05-03 15:15:22] 更新成功：Cafuné - Tek It (ID: 1859556322) - 标准、无损音质
[2026-05-03 15:15:25] 更新成功：洪辰 - 我乘着风飞过来 (ID: 2116120347) - 标准、无损音质
[2026-05-03 15:15:27] 更新成功：南征北战NZBZ - 最美的期待 (ID: 862100828) - 标准、无损音质
[2026-05-03 15:15:29] 更新成功：Lady Gaga - The Cure (ID: 472045959) - 标准、无损音质
[2026-05-03 15:15:31] 更新成功：Dizzy Dizzo (蔡诗芸) - 雨过后的风景 (ID: 215382) - 标准、无损音质
[2026-05-03 15:15:33] 更新成功：林忆莲 - 至少还有你 (ID: 256621) - 标准、无损音质
[2026-05-03 15:15:36] 更新成功：穆祉丞 - Dreamin (ID: 2729743751) - 标准、无损音质
[2026-05-03 15:15:38] 更新成功：刘柏辛Lexie - Manta (ID: 1409329965) - 标准、无损音质
[2026-05-03 15:15:40] 更新成功：Keyshia Cole - Fallin' Out (ID: 25917315) - 标准、无损音质
[2026-05-03 15:15:43] 更新成功：Billie Eilish - Ocean Eyes (ID: 399343818) - 标准、无损音质
[2026-05-03 15:15:45] 更新成功：G.E.M.邓紫棋 - 多远都要在一起 (ID: 30612793) - 标准、无损音质
[2026-05-03 15:15:47] 更新成功：许嵩 - 有何不可 (ID: 167876) - 标准、无损音质
[2026-05-03 15:15:47] 更新完成：成功更新 23 首歌曲
[2026-05-03 15:29:51] 开始更新音乐URL...
[2026-05-03 15:29:51] 备份创建成功：backups/music_data_2026-05-03_15-29-51.json
[2026-05-03 15:29:53] 更新成功：徐良 - 坏女孩 (ID: 174956) - 标准、无损音质
[2026-05-03 15:29:56] 更新成功：方大同 - 春风吹 (ID: 28029097) - 标准、无损音质
[2026-05-03 15:29:58] 更新成功：G.E.M.邓紫棋 - 差不多姑娘 (ID: 1379444316) - 标准、无损音质
[2026-05-03 15:30:01] 更新成功：Ty. - 高，还没富，但帅 (ID: 482056804) - 标准、无损音质
[2026-05-03 15:30:03] 更新成功：Whitney Houston - Call You Tonight (ID: 19827042) - 标准、无损音质
[2026-05-03 15:30:05] 更新成功：Ailee - I NEED YOU (ID: 433018100) - 标准、无损音质
[2026-05-03 15:30:08] 更新成功：陈伟霆 - Love U 2 (ID: 70713) - 标准、无损音质
[2026-05-03 15:30:11] 更新成功：Trouble Maker - Trouble Maker (ID: 22843672) - 标准、无损音质
[2026-05-03 15:30:13] 更新成功：TFBOYS - 幸运符号 (ID: 29738196) - 标准、无损音质
[2026-05-03 15:30:16] 更新成功：Justin Bieber - Peaches (ID: 1830419924) - 标准、无损音质
[2026-05-03 15:30:18] 更新成功：宇多田ヒカル - Come Back To Me (ID: 1361336636) - 标准、无损音质
[2026-05-03 15:30:20] 更新成功：Cafuné - Tek It (ID: 1859556322) - 标准、无损音质
[2026-05-03 15:30:22] 更新成功：洪辰 - 我乘着风飞过来 (ID: 2116120347) - 标准、无损音质
[2026-05-03 15:30:25] 更新成功：南征北战NZBZ - 最美的期待 (ID: 862100828) - 标准、无损音质
[2026-05-03 15:30:27] 更新成功：Lady Gaga - The Cure (ID: 472045959) - 标准、无损音质
[2026-05-03 15:30:29] 更新成功：Dizzy Dizzo (蔡诗芸) - 雨过后的风景 (ID: 215382) - 标准、无损音质
[2026-05-03 15:30:31] 更新成功：林忆莲 - 至少还有你 (ID: 256621) - 标准、无损音质
[2026-05-03 15:30:34] 更新成功：穆祉丞 - Dreamin (ID: 2729743751) - 标准、无损音质
[2026-05-03 15:30:36] 更新成功：刘柏辛Lexie - Manta (ID: 1409329965) - 标准、无损音质
[2026-05-03 15:30:38] 更新成功：Keyshia Cole - Fallin' Out (ID: 25917315) - 标准、无损音质
[2026-05-03 15:30:41] 更新成功：Billie Eilish - Ocean Eyes (ID: 399343818) - 标准、无损音质
[2026-05-03 15:30:43] 更新成功：G.E.M.邓紫棋 - 多远都要在一起 (ID: 30612793) - 标准、无损音质
[2026-05-03 15:30:45] 更新成功：许嵩 - 有何不可 (ID: 167876) - 标准、无损音质
[2026-05-03 15:30:46] 更新完成：成功更新 23 首歌曲
[2026-05-03 15:44:51] 开始更新音乐URL...
[2026-05-03 15:44:51] 备份创建成功：backups/music_data_2026-05-03_15-44-51.json
[2026-05-03 15:44:54] 更新成功：徐良 - 坏女孩 (ID: 174956) - 标准、无损音质
[2026-05-03 15:44:56] 更新成功：方大同 - 春风吹 (ID: 28029097) - 标准、无损音质
[2026-05-03 15:44:59] 更新成功：G.E.M.邓紫棋 - 差不多姑娘 (ID: 1379444316) - 标准、无损音质
[2026-05-03 15:45:01] 更新成功：Ty. - 高，还没富，但帅 (ID: 482056804) - 标准、无损音质
[2026-05-03 15:45:04] 更新成功：Whitney Houston - Call You Tonight (ID: 19827042) - 标准、无损音质
[2026-05-03 15:45:06] 更新成功：Ailee - I NEED YOU (ID: 433018100) - 标准、无损音质
[2026-05-03 15:45:08] 更新成功：陈伟霆 - Love U 2 (ID: 70713) - 标准、无损音质
[2026-05-03 15:45:11] 更新成功：Trouble Maker - Trouble Maker (ID: 22843672) - 标准、无损音质
[2026-05-03 15:45:13] 更新成功：TFBOYS - 幸运符号 (ID: 29738196) - 标准、无损音质
[2026-05-03 15:45:15] 更新成功：Justin Bieber - Peaches (ID: 1830419924) - 标准、无损音质
[2026-05-03 15:45:18] 更新成功：宇多田ヒカル - Come Back To Me (ID: 1361336636) - 标准、无损音质
[2026-05-03 15:45:20] 更新成功：Cafuné - Tek It (ID: 1859556322) - 标准、无损音质
[2026-05-03 15:45:23] 更新成功：洪辰 - 我乘着风飞过来 (ID: 2116120347) - 标准、无损音质
[2026-05-03 15:45:25] 更新成功：南征北战NZBZ - 最美的期待 (ID: 862100828) - 标准、无损音质
[2026-05-03 15:45:27] 更新成功：Lady Gaga - The Cure (ID: 472045959) - 标准、无损音质
[2026-05-03 15:45:29] 更新成功：Dizzy Dizzo (蔡诗芸) - 雨过后的风景 (ID: 215382) - 标准、无损音质
[2026-05-03 15:45:31] 更新成功：林忆莲 - 至少还有你 (ID: 256621) - 标准、无损音质
[2026-05-03 15:45:34] 更新成功：穆祉丞 - Dreamin (ID: 2729743751) - 标准、无损音质
[2026-05-03 15:45:36] 更新成功：刘柏辛Lexie - Manta (ID: 1409329965) - 标准、无损音质
[2026-05-03 15:45:38] 更新成功：Keyshia Cole - Fallin' Out (ID: 25917315) - 标准、无损音质
[2026-05-03 15:45:40] 更新成功：Billie Eilish - Ocean Eyes (ID: 399343818) - 标准、无损音质
[2026-05-03 15:45:43] 更新成功：G.E.M.邓紫棋 - 多远都要在一起 (ID: 30612793) - 标准、无损音质
[2026-05-03 15:45:45] 更新成功：许嵩 - 有何不可 (ID: 167876) - 标准、无损音质
[2026-05-03 15:45:46] 更新完成：成功更新 23 首歌曲
[2026-05-03 15:59:51] 开始更新音乐URL...
[2026-05-03 15:59:51] 备份创建成功：backups/music_data_2026-05-03_15-59-51.json
[2026-05-03 15:59:54] 更新成功：徐良 - 坏女孩 (ID: 174956) - 标准、无损音质
[2026-05-03 15:59:56] 更新成功：方大同 - 春风吹 (ID: 28029097) - 标准、无损音质
[2026-05-03 15:59:58] 更新成功：G.E.M.邓紫棋 - 差不多姑娘 (ID: 1379444316) - 标准、无损音质
[2026-05-03 16:00:01] 更新成功：Ty. - 高，还没富，但帅 (ID: 482056804) - 标准、无损音质
[2026-05-03 16:00:04] 更新成功：Whitney Houston - Call You Tonight (ID: 19827042) - 标准、无损音质
[2026-05-03 16:00:09] 更新成功：Ailee - I NEED YOU (ID: 433018100) - 标准、无损音质
[2026-05-03 16:00:12] 更新成功：陈伟霆 - Love U 2 (ID: 70713) - 标准、无损音质
[2026-05-03 16:00:15] 更新成功：Trouble Maker - Trouble Maker (ID: 22843672) - 标准、无损音质
[2026-05-03 16:00:19] 更新成功：TFBOYS - 幸运符号 (ID: 29738196) - 标准、无损音质
[2026-05-03 16:00:23] 更新成功：Justin Bieber - Peaches (ID: 1830419924) - 标准、无损音质
[2026-05-03 16:00:26] 更新成功：宇多田ヒカル - Come Back To Me (ID: 1361336636) - 标准、无损音质
[2026-05-03 16:00:28] 更新成功：Cafuné - Tek It (ID: 1859556322) - 标准、无损音质
[2026-05-03 16:00:32] 更新成功：洪辰 - 我乘着风飞过来 (ID: 2116120347) - 标准、无损音质
[2026-05-03 16:00:34] 更新成功：南征北战NZBZ - 最美的期待 (ID: 862100828) - 标准、无损音质
[2026-05-03 16:00:36] 更新成功：Lady Gaga - The Cure (ID: 472045959) - 标准、无损音质
[2026-05-03 16:00:41] 更新成功：Dizzy Dizzo (蔡诗芸) - 雨过后的风景 (ID: 215382) - 标准、无损音质
[2026-05-03 16:00:45] 更新成功：林忆莲 - 至少还有你 (ID: 256621) - 标准、无损音质
[2026-05-03 16:00:49] 更新成功：穆祉丞 - Dreamin (ID: 2729743751) - 标准、无损音质
[2026-05-03 16:00:51] 更新成功：刘柏辛Lexie - Manta (ID: 1409329965) - 标准、无损音质
[2026-05-03 16:00:55] 更新成功：Keyshia Cole - Fallin' Out (ID: 25917315) - 标准、无损音质
[2026-05-03 16:00:58] 更新成功：Billie Eilish - Ocean Eyes (ID: 399343818) - 标准、无损音质
[2026-05-03 16:01:01] 更新成功：G.E.M.邓紫棋 - 多远都要在一起 (ID: 30612793) - 标准、无损音质
[2026-05-03 16:01:03] 更新成功：许嵩 - 有何不可 (ID: 167876) - 标准、无损音质
[2026-05-03 16:01:04] 更新完成：成功更新 23 首歌曲
[2026-05-03 16:14:51] 开始更新音乐URL...
[2026-05-03 16:14:51] 备份创建成功：backups/music_data_2026-05-03_16-14-51.json
[2026-05-03 16:14:54] 更新成功：徐良 - 坏女孩 (ID: 174956) - 标准、无损音质
[2026-05-03 16:14:57] 更新成功：方大同 - 春风吹 (ID: 28029097) - 标准、无损音质
[2026-05-03 16:14:59] 更新成功：G.E.M.邓紫棋 - 差不多姑娘 (ID: 1379444316) - 标准、无损音质
[2026-05-03 16:15:02] 更新成功：Ty. - 高，还没富，但帅 (ID: 482056804) - 标准、无损音质
[2026-05-03 16:15:04] 更新成功：Whitney Houston - Call You Tonight (ID: 19827042) - 标准、无损音质
[2026-05-03 16:15:06] 更新成功：Ailee - I NEED YOU (ID: 433018100) - 标准、无损音质
[2026-05-03 16:15:09] 更新成功：陈伟霆 - Love U 2 (ID: 70713) - 标准、无损音质
[2026-05-03 16:15:11] 更新成功：Trouble Maker - Trouble Maker (ID: 22843672) - 标准、无损音质
[2026-05-03 16:15:14] 更新成功：TFBOYS - 幸运符号 (ID: 29738196) - 标准、无损音质
[2026-05-03 16:15:16] 更新成功：Justin Bieber - Peaches (ID: 1830419924) - 标准、无损音质
[2026-05-03 16:15:18] 更新成功：宇多田ヒカル - Come Back To Me (ID: 1361336636) - 标准、无损音质
[2026-05-03 16:15:21] 更新成功：Cafuné - Tek It (ID: 1859556322) - 标准、无损音质
[2026-05-03 16:15:23] 更新成功：洪辰 - 我乘着风飞过来 (ID: 2116120347) - 标准、无损音质
[2026-05-03 16:15:25] 更新成功：南征北战NZBZ - 最美的期待 (ID: 862100828) - 标准、无损音质
[2026-05-03 16:15:27] 更新成功：Lady Gaga - The Cure (ID: 472045959) - 标准、无损音质
[2026-05-03 16:15:30] 更新成功：Dizzy Dizzo (蔡诗芸) - 雨过后的风景 (ID: 215382) - 标准、无损音质
[2026-05-03 16:15:32] 更新成功：林忆莲 - 至少还有你 (ID: 256621) - 标准、无损音质
[2026-05-03 16:15:34] 更新成功：穆祉丞 - Dreamin (ID: 2729743751) - 标准、无损音质
[2026-05-03 16:15:37] 更新成功：刘柏辛Lexie - Manta (ID: 1409329965) - 标准、无损音质
[2026-05-03 16:15:39] 更新成功：Keyshia Cole - Fallin' Out (ID: 25917315) - 标准、无损音质
[2026-05-03 16:15:41] 更新成功：Billie Eilish - Ocean Eyes (ID: 399343818) - 标准、无损音质
[2026-05-03 16:15:43] 更新成功：许嵩 - 有何不可 (ID: 167876) - 标准、无损音质
[2026-05-03 16:15:44] 更新完成：成功更新 22 首歌曲
[2026-05-03 16:29:51] 开始更新音乐URL...
[2026-05-03 16:29:51] 备份创建成功：backups/music_data_2026-05-03_16-29-51.json
[2026-05-03 16:29:55] 更新成功：徐良 - 坏女孩 (ID: 174956) - 标准、无损音质
[2026-05-03 16:29:58] 更新成功：方大同 - 春风吹 (ID: 28029097) - 标准、无损音质
[2026-05-03 16:30:00] 更新成功：G.E.M.邓紫棋 - 差不多姑娘 (ID: 1379444316) - 标准、无损音质
[2026-05-03 16:30:03] 更新成功：Ty. - 高，还没富，但帅 (ID: 482056804) - 标准、无损音质
[2026-05-03 16:30:05] 更新成功：Whitney Houston - Call You Tonight (ID: 19827042) - 标准、无损音质
[2026-05-03 16:30:08] 更新成功：Ailee - I NEED YOU (ID: 433018100) - 标准、无损音质
[2026-05-03 16:30:10] 更新成功：陈伟霆 - Love U 2 (ID: 70713) - 标准、无损音质
[2026-05-03 16:30:12] 更新成功：Trouble Maker - Trouble Maker (ID: 22843672) - 标准、无损音质
[2026-05-03 16:30:15] 更新成功：TFBOYS - 幸运符号 (ID: 29738196) - 标准、无损音质
[2026-05-03 16:30:17] 更新成功：Justin Bieber - Peaches (ID: 1830419924) - 标准、无损音质
[2026-05-03 16:30:19] 更新成功：宇多田ヒカル - Come Back To Me (ID: 1361336636) - 标准、无损音质
[2026-05-03 16:30:22] 更新成功：Cafuné - Tek It (ID: 1859556322) - 标准、无损音质
[2026-05-03 16:30:24] 更新成功：洪辰 - 我乘着风飞过来 (ID: 2116120347) - 标准、无损音质
[2026-05-03 16:30:26] 更新成功：南征北战NZBZ - 最美的期待 (ID: 862100828) - 标准、无损音质
[2026-05-03 16:30:28] 更新成功：Lady Gaga - The Cure (ID: 472045959) - 标准、无损音质
[2026-05-03 16:30:31] 更新成功：Dizzy Dizzo (蔡诗芸) - 雨过后的风景 (ID: 215382) - 标准、无损音质
[2026-05-03 16:30:33] 更新成功：林忆莲 - 至少还有你 (ID: 256621) - 标准、无损音质
[2026-05-03 16:30:35] 更新成功：穆祉丞 - Dreamin (ID: 2729743751) - 标准、无损音质
[2026-05-03 16:30:38] 更新成功：刘柏辛Lexie - Manta (ID: 1409329965) - 标准、无损音质
[2026-05-03 16:30:40] 更新成功：Keyshia Cole - Fallin' Out (ID: 25917315) - 标准、无损音质
[2026-05-03 16:30:42] 更新成功：Billie Eilish - Ocean Eyes (ID: 399343818) - 标准、无损音质
[2026-05-03 16:30:45] 更新成功：许嵩 - 有何不可 (ID: 167876) - 标准、无损音质
[2026-05-03 16:30:45] 更新完成：成功更新 22 首歌曲
